Disease,Symptom_1,Symptom_2,Symptom_3,Symptom_4,Symptom_5,Symptom_6,Symptom_7,Symptom_8,Symptom_9,Symptom_10,Symptom_11,Symptom_12,Symptom_13,Symptom_14,Symptom_15,Symptom_16,Symptom_17
Fungal infection,itching,skin rash,skin bumps,discolored skin patches,,,,,,,,,,,,,
Fungal infection,skin rash,skin bumps,discolored skin patches,,,,,,,,,,,,,,
Fungal infection,itching,skin bumps,discolored skin patches,,,,,,,,,,,,,,
Fungal infection,itching,skin rash,discolored skin patches,,,,,,,,,,,,,,
Fungal infection,itching,skin rash,skin bumps,,,,,,,,,,,,,,
Fungal infection,skin rash,skin bumps,discolored skin patches,,,,,,,,,,,,,,
Fungal infection,itching,skin bumps,discolored skin patches,,,,,,,,,,,,,,
Fungal infection,itching,skin rash,discolored skin patches,,,,,,,,,,,,,,
Fungal infection,itching,skin rash,skin bumps,,,,,,,,,,,,,,
Fungal infection,itching,skin rash,skin bumps,discolored skin patches,,,,,,,,,,,,,
Allergy,continuous sneezing,shivering,chills,watery eyes,,,,,,,,,,,,,
Allergy,shivering,chills,watery eyes,,,,,,,,,,,,,,
Allergy,continuous sneezing,chills,watery eyes,,,,,,,,,,,,,,
Allergy,continuous sneezing,shivering,watery eyes,,,,,,,,,,,,,,
Allergy,continuous sneezing,shivering,chills,,,,,,,,,,,,,,
Allergy,shivering,chills,watery eyes,,,,,,,,,,,,,,
Allergy,continuous sneezing,chills,watery eyes,,,,,,,,,,,,,,
Allergy,continuous sneezing,shivering,watery eyes,,,,,,,,,,,,,,
Allergy,continuous sneezing,shivering,chills,,,,,,,,,,,,,,
Allergy,continuous sneezing,shivering,chills,watery eyes,,,,,,,,,,,,,
GERD,stomach pain,acidity,ulcers on tongue,vomiting,cough,chest pain,,,,,,,,,,,
GERD,stomach pain,ulcers on tongue,vomiting,cough,chest pain,,,,,,,,,,,,
GERD,stomach pain,acidity,vomiting,cough,chest pain,,,,,,,,,,,,
GERD,stomach pain,acidity,ulcers on tongue,cough,chest pain,,,,,,,,,,,,
GERD,stomach pain,acidity,ulcers on tongue,vomiting,chest pain,,,,,,,,,,,,
GERD,stomach pain,acidity,ulcers on tongue,vomiting,cough,,,,,,,,,,,,
GERD,acidity,ulcers on tongue,vomiting,cough,chest pain,,,,,,,,,,,,
GERD,stomach pain,ulcers on tongue,vomiting,cough,chest pain,,,,,,,,,,,,
GERD,stomach pain,acidity,vomiting,cough,chest pain,,,,,,,,,,,,
GERD,stomach pain,acidity,ulcers on tongue,cough,chest pain,,,,,,,,,,,,
Chronic cholestasis,itching,vomiting,yellowish skin,nausea,loss of appetite,abdominal pain,yellowing of eyes,,,,,,,,,,
Chronic cholestasis,vomiting,yellowish skin,nausea,loss of appetite,abdominal pain,yellowing of eyes,,,,,,,,,,,
Chronic cholestasis,itching,yellowish skin,nausea,loss of appetite,abdominal pain,yellowing of eyes,,,,,,,,,,,
Chronic cholestasis,itching,vomiting,nausea,loss of appetite,abdominal pain,yellowing of eyes,,,,,,,,,,,
Chronic cholestasis,itching,vomiting,yellowish skin,loss of appetite,abdominal pain,yellowing of eyes,,,,,,,,,,,
Chronic cholestasis,itching,vomiting,yellowish skin,nausea,abdominal pain,yellowing of eyes,,,,,,,,,,,
Chronic cholestasis,itching,vomiting,yellowish skin,nausea,loss of appetite,yellowing of eyes,,,,,,,,,,,
Chronic cholestasis,itching,vomiting,yellowish skin,nausea,loss of appetite,abdominal pain,,,,,,,,,,,
Chronic cholestasis,itching,vomiting,yellowish skin,nausea,loss of appetite,abdominal pain,yellowing of eyes,,,,,,,,,,
Chronic cholestasis,itching,vomiting,yellowish skin,nausea,loss of appetite,abdominal pain,yellowing of eyes,,,,,,,,,,
Drug Reaction,itching,skin rash,stomach pain,burning pee,spotting urine,,,,,,,,,,,,
Drug Reaction,itching,stomach pain,burning pee,spotting urine,,,,,,,,,,,,,
Drug Reaction,itching,skin rash,burning pee,spotting urine,,,,,,,,,,,,,
Drug Reaction,itching,skin rash,stomach pain,spotting urine,,,,,,,,,,,,,
Drug Reaction,itching,skin rash,stomach pain,burning pee,,,,,,,,,,,,,
Drug Reaction,skin rash,stomach pain,burning pee,spotting urine,,,,,,,,,,,,,
Drug Reaction,itching,stomach pain,burning pee,spotting urine,,,,,,,,,,,,,
Drug Reaction,itching,skin rash,burning pee,spotting urine,,,,,,,,,,,,,
Drug Reaction,itching,skin rash,stomach pain,spotting urine,,,,,,,,,,,,,
Drug Reaction,itching,skin rash,stomach pain,burning pee,,,,,,,,,,,,,
Peptic ulcer diseae,vomiting,loss of appetite,abdominal pain,farting,itching inside,,,,,,,,,,,,
Peptic ulcer diseae,vomiting,indigestion,abdominal pain,farting,itching inside,,,,,,,,,,,,
Peptic ulcer diseae,indigestion,loss of appetite,abdominal pain,farting,itching inside,,,,,,,,,,,,
Peptic ulcer diseae,vomiting,loss of appetite,abdominal pain,farting,itching inside,,,,,,,,,,,,
Peptic ulcer diseae,vomiting,indigestion,abdominal pain,farting,itching inside,,,,,,,,,,,,
Peptic ulcer diseae,vomiting,indigestion,loss of appetite,farting,itching inside,,,,,,,,,,,,
Peptic ulcer diseae,vomiting,indigestion,loss of appetite,abdominal pain,itching inside,,,,,,,,,,,,
Peptic ulcer diseae,vomiting,indigestion,loss of appetite,abdominal pain,farting,,,,,,,,,,,,
Peptic ulcer diseae,vomiting,indigestion,loss of appetite,abdominal pain,farting,itching inside,,,,,,,,,,,
Peptic ulcer diseae,vomiting,indigestion,loss of appetite,abdominal pain,farting,itching inside,,,,,,,,,,,
AIDS,muscle wasting,patches in throat,high fever,extra marital contacts,,,,,,,,,,,,,
AIDS,patches in throat,high fever,extra marital contacts,,,,,,,,,,,,,,
AIDS,muscle wasting,high fever,extra marital contacts,,,,,,,,,,,,,,
AIDS,muscle wasting,patches in throat,extra marital contacts,,,,,,,,,,,,,,
AIDS,muscle wasting,patches in throat,high fever,,,,,,,,,,,,,,
AIDS,muscle wasting,patches in throat,high fever,extra marital contacts,,,,,,,,,,,,,
AIDS,muscle wasting,patches in throat,high fever,extra marital contacts,,,,,,,,,,,,,
AIDS,patches in throat,high fever,extra marital contacts,,,,,,,,,,,,,,
AIDS,muscle wasting,high fever,extra marital contacts,,,,,,,,,,,,,,
AIDS,muscle wasting,patches in throat,high fever,,,,,,,,,,,,,,
Diabetes ,fatigue,weight loss,restlessness,lethargy,irregular sugar level,blurry vision,obesity,excessive hunger,increased appetite,peeing a lot,,,,,,,
Diabetes ,fatigue,weight loss,restlessness,lethargy,irregular sugar level,blurry vision,obesity,excessive hunger,increased appetite,peeing a lot,,,,,,,
Diabetes ,weight loss,restlessness,lethargy,irregular sugar level,blurry vision,obesity,excessive hunger,increased appetite,peeing a lot,,,,,,,,
Diabetes ,fatigue,restlessness,lethargy,irregular sugar level,blurry vision,obesity,excessive hunger,increased appetite,peeing a lot,,,,,,,,
Diabetes ,fatigue,weight loss,lethargy,irregular sugar level,blurry vision,obesity,excessive hunger,increased appetite,peeing a lot,,,,,,,,
Diabetes ,fatigue,weight loss,restlessness,irregular sugar level,blurry vision,obesity,excessive hunger,increased appetite,peeing a lot,,,,,,,,
Diabetes ,fatigue,weight loss,restlessness,lethargy,blurry vision,obesity,excessive hunger,increased appetite,peeing a lot,,,,,,,,
Diabetes ,fatigue,weight loss,restlessness,lethargy,irregular sugar level,obesity,excessive hunger,increased appetite,peeing a lot,,,,,,,,
Diabetes ,fatigue,weight loss,restlessness,lethargy,irregular sugar level,blurry vision,excessive hunger,increased appetite,peeing a lot,,,,,,,,
Diabetes ,fatigue,weight loss,restlessness,lethargy,irregular sugar level,blurry vision,obesity,increased appetite,peeing a lot,,,,,,,,
Gastroenteritis,vomiting,sunken eyes,dehydration,diarrhoea,,,,,,,,,,,,,
Gastroenteritis,vomiting,sunken eyes,dehydration,diarrhoea,,,,,,,,,,,,,
Gastroenteritis,sunken eyes,dehydration,diarrhoea,,,,,,,,,,,,,,
Gastroenteritis,vomiting,dehydration,diarrhoea,,,,,,,,,,,,,,
Gastroenteritis,vomiting,sunken eyes,diarrhoea,,,,,,,,,,,,,,
Gastroenteritis,vomiting,sunken eyes,dehydration,,,,,,,,,,,,,,
Gastroenteritis,vomiting,sunken eyes,dehydration,diarrhoea,,,,,,,,,,,,,
Gastroenteritis,sunken eyes,dehydration,diarrhoea,,,,,,,,,,,,,,
Gastroenteritis,vomiting,dehydration,diarrhoea,,,,,,,,,,,,,,
Gastroenteritis,vomiting,sunken eyes,diarrhoea,,,,,,,,,,,,,,
Bronchial Asthma,fatigue,cough,high fever,breathlessness,family history,mucus,,,,,,,,,,,
Bronchial Asthma,cough,high fever,breathlessness,family history,mucus,,,,,,,,,,,,
Bronchial Asthma,fatigue,high fever,breathlessness,family history,mucus,,,,,,,,,,,,
Bronchial Asthma,fatigue,cough,breathlessness,family history,mucus,,,,,,,,,,,,
Bronchial Asthma,fatigue,cough,high fever,family history,mucus,,,,,,,,,,,,
Bronchial Asthma,fatigue,cough,high fever,breathlessness,mucus,,,,,,,,,,,,
Bronchial Asthma,fatigue,cough,high fever,breathlessness,family history,,,,,,,,,,,,
Bronchial Asthma,fatigue,cough,high fever,breathlessness,family history,mucus,,,,,,,,,,,
Bronchial Asthma,cough,high fever,breathlessness,family history,mucus,,,,,,,,,,,,
Bronchial Asthma,fatigue,high fever,breathlessness,family history,mucus,,,,,,,,,,,,
Hypertension ,headache,chest pain,dizziness,loss of balance,lack of concentration,,,,,,,,,,,,
Hypertension ,chest pain,dizziness,loss of balance,lack of concentration,,,,,,,,,,,,,
Hypertension ,headache,dizziness,loss of balance,lack of concentration,,,,,,,,,,,,,
Hypertension ,headache,chest pain,loss of balance,lack of concentration,,,,,,,,,,,,,
Hypertension ,headache,chest pain,dizziness,lack of concentration,,,,,,,,,,,,,
Hypertension ,headache,chest pain,dizziness,loss of balance,,,,,,,,,,,,,
Hypertension ,headache,chest pain,dizziness,loss of balance,lack of concentration,,,,,,,,,,,,
Hypertension ,chest pain,dizziness,loss of balance,lack of concentration,,,,,,,,,,,,,
Hypertension ,headache,dizziness,loss of balance,lack of concentration,,,,,,,,,,,,,
Hypertension ,headache,chest pain,loss of balance,lack of concentration,,,,,,,,,,,,,
Migraine,acidity,indigestion,headache,blurry vision,excessive hunger,stiff neck,depression,irritability,visual disturbances,,,,,,,,
Migraine,indigestion,headache,blurry vision,excessive hunger,stiff neck,depression,irritability,visual disturbances,,,,,,,,,
Migraine,acidity,headache,blurry vision,excessive hunger,stiff neck,depression,irritability,visual disturbances,,,,,,,,,
Migraine,acidity,indigestion,blurry vision,excessive hunger,stiff neck,depression,irritability,visual disturbances,,,,,,,,,
Migraine,acidity,indigestion,headache,excessive hunger,stiff neck,depression,irritability,visual disturbances,,,,,,,,,
Migraine,acidity,indigestion,headache,blurry vision,stiff neck,depression,irritability,visual disturbances,,,,,,,,,
Migraine,acidity,indigestion,headache,blurry vision,excessive hunger,depression,irritability,visual disturbances,,,,,,,,,
Migraine,acidity,indigestion,headache,blurry vision,excessive hunger,stiff neck,irritability,visual disturbances,,,,,,,,,
Migraine,acidity,indigestion,headache,blurry vision,excessive hunger,stiff neck,depression,visual disturbances,,,,,,,,,
Migraine,acidity,indigestion,headache,blurry vision,excessive hunger,stiff neck,depression,irritability,,,,,,,,,
Cervical spondylosis,back pain,weakness in limbs,neck pain,dizziness,loss of balance,,,,,,,,,,,,
Cervical spondylosis,back pain,weakness in limbs,neck pain,dizziness,loss of balance,,,,,,,,,,,,
Cervical spondylosis,weakness in limbs,neck pain,dizziness,loss of balance,,,,,,,,,,,,,
Cervical spondylosis,back pain,neck pain,dizziness,loss of balance,,,,,,,,,,,,,
Cervical spondylosis,back pain,weakness in limbs,dizziness,loss of balance,,,,,,,,,,,,,
Cervical spondylosis,back pain,weakness in limbs,neck pain,loss of balance,,,,,,,,,,,,,
Cervical spondylosis,back pain,weakness in limbs,neck pain,dizziness,,,,,,,,,,,,,
Cervical spondylosis,back pain,weakness in limbs,neck pain,dizziness,loss of balance,,,,,,,,,,,,
Cervical spondylosis,weakness in limbs,neck pain,dizziness,loss of balance,,,,,,,,,,,,,
Cervical spondylosis,back pain,neck pain,dizziness,loss of balance,,,,,,,,,,,,,
Paralysis (brain hemorrhage),vomiting,headache,weakness of one body side,confusion,,,,,,,,,,,,,
Paralysis (brain hemorrhage),vomiting,headache,weakness of one body side,confusion,,,,,,,,,,,,,
Paralysis (brain hemorrhage),headache,weakness of one body side,confusion,,,,,,,,,,,,,,
Paralysis (brain hemorrhage),vomiting,weakness of one body side,confusion,,,,,,,,,,,,,,
Paralysis (brain hemorrhage),vomiting,headache,confusion,,,,,,,,,,,,,,
Paralysis (brain hemorrhage),vomiting,headache,weakness of one body side,,,,,,,,,,,,,,
Paralysis (brain hemorrhage),vomiting,headache,weakness of one body side,confusion,,,,,,,,,,,,,
Paralysis (brain hemorrhage),headache,weakness of one body side,confusion,,,,,,,,,,,,,,
Paralysis (brain hemorrhage),vomiting,weakness of one body side,confusion,,,,,,,,,,,,,,
Paralysis (brain hemorrhage),vomiting,headache,confusion,,,,,,,,,,,,,,
Jaundice,itching,vomiting,fatigue,weight loss,high fever,yellowish skin,dark urine,abdominal pain,,,,,,,,,
Jaundice,itching,vomiting,fatigue,weight loss,high fever,yellowish skin,dark urine,abdominal pain,,,,,,,,,
Jaundice,vomiting,fatigue,weight loss,high fever,yellowish skin,dark urine,abdominal pain,,,,,,,,,,
Jaundice,itching,fatigue,weight loss,high fever,yellowish skin,dark urine,abdominal pain,,,,,,,,,,
Jaundice,itching,vomiting,weight loss,high fever,yellowish skin,dark urine,abdominal pain,,,,,,,,,,
Jaundice,itching,vomiting,fatigue,high fever,yellowish skin,dark urine,abdominal pain,,,,,,,,,,
Jaundice,itching,vomiting,fatigue,weight loss,yellowish skin,dark urine,abdominal pain,,,,,,,,,,
Jaundice,itching,vomiting,fatigue,weight loss,high fever,dark urine,abdominal pain,,,,,,,,,,
Jaundice,itching,vomiting,fatigue,weight loss,high fever,yellowish skin,abdominal pain,,,,,,,,,,
Jaundice,itching,vomiting,fatigue,weight loss,high fever,yellowish skin,dark urine,,,,,,,,,,
Malaria,chills,vomiting,high fever,sweating,headache,nausea,muscle pain,,,,,,,,,,
Malaria,chills,vomiting,high fever,sweating,headache,nausea,diarrhoea,muscle pain,,,,,,,,,
Malaria,chills,vomiting,high fever,sweating,headache,nausea,diarrhoea,muscle pain,,,,,,,,,
Malaria,vomiting,high fever,sweating,headache,nausea,diarrhoea,muscle pain,,,,,,,,,,
Malaria,chills,high fever,sweating,headache,nausea,diarrhoea,muscle pain,,,,,,,,,,
Malaria,chills,vomiting,sweating,headache,nausea,diarrhoea,muscle pain,,,,,,,,,,
Malaria,chills,vomiting,high fever,headache,nausea,diarrhoea,muscle pain,,,,,,,,,,
Malaria,chills,vomiting,high fever,sweating,nausea,diarrhoea,muscle pain,,,,,,,,,,
Malaria,chills,vomiting,high fever,sweating,headache,diarrhoea,muscle pain,,,,,,,,,,
Malaria,chills,vomiting,high fever,sweating,headache,nausea,muscle pain,,,,,,,,,,
Chicken pox,itching,skin rash,fatigue,lethargy,high fever,headache,loss of appetite,mild fever,swelled lymph nodes,malaise,red spots over body,,,,,,
Chicken pox,skin rash,fatigue,lethargy,high fever,headache,loss of appetite,mild fever,swelled lymph nodes,malaise,red spots over body,,,,,,,
Chicken pox,itching,fatigue,lethargy,high fever,headache,loss of appetite,mild fever,swelled lymph nodes,malaise,red spots over body,,,,,,,
Chicken pox,itching,skin rash,lethargy,high fever,headache,loss of appetite,mild fever,swelled lymph nodes,malaise,red spots over body,,,,,,,
Chicken pox,itching,skin rash,fatigue,high fever,headache,loss of appetite,mild fever,swelled lymph nodes,malaise,red spots over body,,,,,,,
Chicken pox,itching,skin rash,fatigue,lethargy,headache,loss of appetite,mild fever,swelled lymph nodes,malaise,red spots over body,,,,,,,
Chicken pox,itching,skin rash,fatigue,lethargy,high fever,loss of appetite,mild fever,swelled lymph nodes,malaise,red spots over body,,,,,,,
Chicken pox,itching,skin rash,fatigue,lethargy,high fever,headache,mild fever,swelled lymph nodes,malaise,red spots over body,,,,,,,
Chicken pox,itching,skin rash,fatigue,lethargy,high fever,headache,loss of appetite,swelled lymph nodes,malaise,red spots over body,,,,,,,
Chicken pox,itching,skin rash,fatigue,lethargy,high fever,headache,loss of appetite,mild fever,malaise,red spots over body,,,,,,,
Dengue,skin rash,chills,joint pain,vomiting,fatigue,high fever,headache,nausea,loss of appetite,pain behind the eyes,back pain,muscle pain,red spots over body,,,,
Dengue,skin rash,chills,joint pain,vomiting,fatigue,high fever,headache,nausea,loss of appetite,pain behind the eyes,back pain,malaise,red spots over body,,,,
Dengue,skin rash,chills,joint pain,vomiting,fatigue,high fever,headache,nausea,loss of appetite,pain behind the eyes,back pain,malaise,muscle pain,,,,
Dengue,skin rash,chills,joint pain,vomiting,fatigue,high fever,headache,nausea,loss of appetite,pain behind the eyes,back pain,malaise,muscle pain,red spots over body,,,
Dengue,chills,joint pain,vomiting,fatigue,high fever,headache,nausea,loss of appetite,pain behind the eyes,back pain,malaise,muscle pain,red spots over body,,,,
Dengue,skin rash,joint pain,vomiting,fatigue,high fever,headache,nausea,loss of appetite,pain behind the eyes,back pain,malaise,muscle pain,red spots over body,,,,
Dengue,skin rash,chills,vomiting,fatigue,high fever,headache,nausea,loss of appetite,pain behind the eyes,back pain,malaise,muscle pain,red spots over body,,,,
Dengue,skin rash,chills,joint pain,fatigue,high fever,headache,nausea,loss of appetite,pain behind the eyes,back pain,malaise,muscle pain,red spots over body,,,,
Dengue,skin rash,chills,joint pain,vomiting,high fever,headache,nausea,loss of appetite,pain behind the eyes,back pain,malaise,muscle pain,red spots over body,,,,
Dengue,skin rash,chills,joint pain,vomiting,fatigue,headache,nausea,loss of appetite,pain behind the eyes,back pain,malaise,muscle pain,red spots over body,,,,
Typhoid,chills,vomiting,fatigue,high fever,nausea,constipation,abdominal pain,diarrhoea,sickly look,belly pain,,,,,,,
Typhoid,chills,vomiting,fatigue,high fever,headache,constipation,abdominal pain,diarrhoea,sickly look,belly pain,,,,,,,
Typhoid,chills,vomiting,fatigue,high fever,headache,nausea,abdominal pain,diarrhoea,sickly look,belly pain,,,,,,,
Typhoid,chills,vomiting,fatigue,high fever,headache,nausea,constipation,diarrhoea,sickly look,belly pain,,,,,,,
Typhoid,chills,vomiting,fatigue,high fever,headache,nausea,constipation,abdominal pain,sickly look,belly pain,,,,,,,
Typhoid,chills,vomiting,fatigue,high fever,headache,nausea,constipation,abdominal pain,diarrhoea,belly pain,,,,,,,
Typhoid,chills,vomiting,fatigue,high fever,headache,nausea,constipation,abdominal pain,diarrhoea,sickly look,,,,,,,
Typhoid,chills,vomiting,fatigue,high fever,headache,nausea,constipation,abdominal pain,diarrhoea,sickly look,belly pain,,,,,,
Typhoid,chills,vomiting,fatigue,high fever,headache,nausea,constipation,abdominal pain,diarrhoea,sickly look,belly pain,,,,,,
Typhoid,chills,fatigue,high fever,headache,nausea,constipation,abdominal pain,diarrhoea,sickly look,belly pain,,,,,,,
hepatitis A,joint pain,vomiting,yellowish skin,dark urine,nausea,loss of appetite,abdominal pain,diarrhoea,mild fever,yellowing of eyes,muscle pain,,,,,,
hepatitis A,joint pain,vomiting,yellowish skin,dark urine,nausea,loss of appetite,abdominal pain,diarrhoea,mild fever,yellowing of eyes,muscle pain,,,,,,
hepatitis A,vomiting,yellowish skin,dark urine,nausea,loss of appetite,abdominal pain,diarrhoea,mild fever,yellowing of eyes,muscle pain,,,,,,,
hepatitis A,joint pain,yellowish skin,dark urine,nausea,loss of appetite,abdominal pain,diarrhoea,mild fever,yellowing of eyes,muscle pain,,,,,,,
hepatitis A,joint pain,vomiting,dark urine,nausea,loss of appetite,abdominal pain,diarrhoea,mild fever,yellowing of eyes,muscle pain,,,,,,,
hepatitis A,joint pain,vomiting,yellowish skin,nausea,loss of appetite,abdominal pain,diarrhoea,mild fever,yellowing of eyes,muscle pain,,,,,,,
hepatitis A,joint pain,vomiting,yellowish skin,dark urine,loss of appetite,abdominal pain,diarrhoea,mild fever,yellowing of eyes,muscle pain,,,,,,,
hepatitis A,joint pain,vomiting,yellowish skin,dark urine,nausea,abdominal pain,diarrhoea,mild fever,yellowing of eyes,muscle pain,,,,,,,
hepatitis A,joint pain,vomiting,yellowish skin,dark urine,nausea,loss of appetite,diarrhoea,mild fever,yellowing of eyes,muscle pain,,,,,,,
hepatitis A,joint pain,vomiting,yellowish skin,dark urine,nausea,loss of appetite,abdominal pain,mild fever,yellowing of eyes,muscle pain,,,,,,,
Hepatitis B,itching,fatigue,lethargy,yellowish skin,dark urine,loss of appetite,abdominal pain,yellow urine,yellowing of eyes,malaise,blood transfusion,injections,,,,,
Hepatitis B,itching,fatigue,lethargy,yellowish skin,dark urine,loss of appetite,abdominal pain,yellow urine,yellowing of eyes,malaise,blood transfusion,injections,,,,,
Hepatitis B,fatigue,lethargy,yellowish skin,dark urine,loss of appetite,abdominal pain,yellow urine,yellowing of eyes,malaise,blood transfusion,injections,,,,,,
Hepatitis B,itching,lethargy,yellowish skin,dark urine,loss of appetite,abdominal pain,yellow urine,yellowing of eyes,malaise,blood transfusion,injections,,,,,,
Hepatitis B,itching,fatigue,yellowish skin,dark urine,loss of appetite,abdominal pain,yellow urine,yellowing of eyes,malaise,blood transfusion,injections,,,,,,
Hepatitis B,itching,fatigue,lethargy,dark urine,loss of appetite,abdominal pain,yellow urine,yellowing of eyes,malaise,blood transfusion,injections,,,,,,
Hepatitis B,itching,fatigue,lethargy,yellowish skin,loss of appetite,abdominal pain,yellow urine,yellowing of eyes,malaise,blood transfusion,injections,,,,,,
Hepatitis B,itching,fatigue,lethargy,yellowish skin,dark urine,abdominal pain,yellow urine,yellowing of eyes,malaise,blood transfusion,injections,,,,,,
Hepatitis B,itching,fatigue,lethargy,yellowish skin,dark urine,loss of appetite,yellow urine,yellowing of eyes,malaise,blood transfusion,injections,,,,,,
Hepatitis B,itching,fatigue,lethargy,yellowish skin,dark urine,loss of appetite,abdominal pain,yellowing of eyes,malaise,blood transfusion,injections,,,,,,
Hepatitis C,fatigue,yellowish skin,nausea,loss of appetite,family history,,,,,,,,,,,,
Hepatitis C,fatigue,yellowish skin,nausea,loss of appetite,yellowing of eyes,family history,,,,,,,,,,,
Hepatitis C,yellowish skin,nausea,loss of appetite,yellowing of eyes,family history,,,,,,,,,,,,
Hepatitis C,fatigue,nausea,loss of appetite,yellowing of eyes,family history,,,,,,,,,,,,
Hepatitis C,fatigue,yellowish skin,loss of appetite,yellowing of eyes,family history,,,,,,,,,,,,
Hepatitis C,fatigue,yellowish skin,nausea,yellowing of eyes,family history,,,,,,,,,,,,
Hepatitis C,fatigue,yellowish skin,nausea,loss of appetite,family history,,,,,,,,,,,,
Hepatitis C,fatigue,yellowish skin,nausea,loss of appetite,yellowing of eyes,,,,,,,,,,,,
Hepatitis C,fatigue,yellowish skin,nausea,loss of appetite,yellowing of eyes,family history,,,,,,,,,,,
Hepatitis C,fatigue,yellowish skin,nausea,loss of appetite,yellowing of eyes,family history,,,,,,,,,,,
Hepatitis D,joint pain,vomiting,fatigue,yellowish skin,dark urine,nausea,loss of appetite,abdominal pain,yellowing of eyes,,,,,,,,
Hepatitis D,vomiting,fatigue,yellowish skin,dark urine,nausea,loss of appetite,abdominal pain,yellowing of eyes,,,,,,,,,
Hepatitis D,joint pain,fatigue,yellowish skin,dark urine,nausea,loss of appetite,abdominal pain,yellowing of eyes,,,,,,,,,
Hepatitis D,joint pain,vomiting,yellowish skin,dark urine,nausea,loss of appetite,abdominal pain,yellowing of eyes,,,,,,,,,
Hepatitis D,joint pain,vomiting,fatigue,dark urine,nausea,loss of appetite,abdominal pain,yellowing of eyes,,,,,,,,,
Hepatitis D,joint pain,vomiting,fatigue,yellowish skin,nausea,loss of appetite,abdominal pain,yellowing of eyes,,,,,,,,,
Hepatitis D,joint pain,vomiting,fatigue,yellowish skin,dark urine,loss of appetite,abdominal pain,yellowing of eyes,,,,,,,,,
Hepatitis D,joint pain,vomiting,fatigue,yellowish skin,dark urine,nausea,abdominal pain,yellowing of eyes,,,,,,,,,
Hepatitis D,joint pain,vomiting,fatigue,yellowish skin,dark urine,nausea,loss of appetite,yellowing of eyes,,,,,,,,,
Hepatitis D,joint pain,vomiting,fatigue,yellowish skin,dark urine,nausea,loss of appetite,abdominal pain,,,,,,,,,
Hepatitis E,joint pain,vomiting,fatigue,high fever,yellowish skin,dark urine,nausea,loss of appetite,abdominal pain,yellowing of eyes,unconscious,blood in vomit,,,,,
Hepatitis E,joint pain,vomiting,fatigue,high fever,yellowish skin,dark urine,nausea,loss of appetite,abdominal pain,yellowing of eyes,acute liver failure,unconscious,blood in vomit,,,,
Hepatitis E,joint pain,vomiting,fatigue,high fever,yellowish skin,dark urine,nausea,loss of appetite,abdominal pain,yellowing of eyes,acute liver failure,unconscious,blood in vomit,,,,
Hepatitis E,vomiting,fatigue,high fever,yellowish skin,dark urine,nausea,loss of appetite,abdominal pain,yellowing of eyes,acute liver failure,unconscious,blood in vomit,,,,,
Hepatitis E,joint pain,fatigue,high fever,yellowish skin,dark urine,nausea,loss of appetite,abdominal pain,yellowing of eyes,acute liver failure,unconscious,blood in vomit,,,,,
Hepatitis E,joint pain,vomiting,high fever,yellowish skin,dark urine,nausea,loss of appetite,abdominal pain,yellowing of eyes,acute liver failure,unconscious,blood in vomit,,,,,
Hepatitis E,joint pain,vomiting,fatigue,yellowish skin,dark urine,nausea,loss of appetite,abdominal pain,yellowing of eyes,acute liver failure,unconscious,blood in vomit,,,,,
Hepatitis E,joint pain,vomiting,fatigue,high fever,dark urine,nausea,loss of appetite,abdominal pain,yellowing of eyes,acute liver failure,unconscious,blood in vomit,,,,,
Hepatitis E,joint pain,vomiting,fatigue,high fever,yellowish skin,nausea,loss of appetite,abdominal pain,yellowing of eyes,acute liver failure,unconscious,blood in vomit,,,,,
Hepatitis E,joint pain,vomiting,fatigue,high fever,yellowish skin,dark urine,loss of appetite,abdominal pain,yellowing of eyes,acute liver failure,unconscious,blood in vomit,,,,,
Alcoholic hepatitis,vomiting,yellowish skin,abdominal pain,swelling of stomach,bloated stomach,alcohol use,swelling,,,,,,,,,,
Alcoholic hepatitis,vomiting,yellowish skin,abdominal pain,swelling of stomach,bloated stomach,alcohol use,swelling,,,,,,,,,,
Alcoholic hepatitis,yellowish skin,abdominal pain,swelling of stomach,bloated stomach,alcohol use,swelling,,,,,,,,,,,
Alcoholic hepatitis,vomiting,abdominal pain,swelling of stomach,bloated stomach,alcohol use,swelling,,,,,,,,,,,
Alcoholic hepatitis,vomiting,yellowish skin,swelling of stomach,bloated stomach,alcohol use,swelling,,,,,,,,,,,
Alcoholic hepatitis,vomiting,yellowish skin,abdominal pain,bloated stomach,alcohol use,swelling,,,,,,,,,,,
Alcoholic hepatitis,vomiting,yellowish skin,abdominal pain,swelling of stomach,alcohol use,swelling,,,,,,,,,,,
Alcoholic hepatitis,vomiting,yellowish skin,abdominal pain,swelling of stomach,bloated stomach,swelling,,,,,,,,,,,
Alcoholic hepatitis,vomiting,yellowish skin,abdominal pain,swelling of stomach,bloated stomach,alcohol use,,,,,,,,,,,
Alcoholic hepatitis,vomiting,yellowish skin,abdominal pain,swelling of stomach,bloated stomach,alcohol use,swelling,,,,,,,,,,
Tuberculosis,chills,vomiting,fatigue,weight loss,cough,high fever,breathlessness,sweating,loss of appetite,mild fever,yellowing of eyes,swelled lymph nodes,malaise,phlegm,chest pain,blood in sputum,
Tuberculosis,chills,vomiting,fatigue,weight loss,cough,high fever,breathlessness,sweating,loss of appetite,mild fever,yellowing of eyes,swelled lymph nodes,malaise,phlegm,chest pain,blood in sputum,
Tuberculosis,vomiting,fatigue,weight loss,cough,high fever,breathlessness,sweating,loss of appetite,mild fever,yellowing of eyes,swelled lymph nodes,malaise,phlegm,chest pain,blood in sputum,,
Tuberculosis,chills,fatigue,weight loss,cough,high fever,breathlessness,sweating,loss of appetite,mild fever,yellowing of eyes,swelled lymph nodes,malaise,phlegm,chest pain,blood in sputum,,
Tuberculosis,chills,vomiting,weight loss,cough,high fever,breathlessness,sweating,loss of appetite,mild fever,yellowing of eyes,swelled lymph nodes,malaise,phlegm,chest pain,blood in sputum,,
Tuberculosis,chills,vomiting,fatigue,cough,high fever,breathlessness,sweating,loss of appetite,mild fever,yellowing of eyes,swelled lymph nodes,malaise,phlegm,chest pain,blood in sputum,,
Tuberculosis,chills,vomiting,fatigue,weight loss,high fever,breathlessness,sweating,loss of appetite,mild fever,yellowing of eyes,swelled lymph nodes,malaise,phlegm,chest pain,blood in sputum,,
Tuberculosis,chills,vomiting,fatigue,weight loss,cough,breathlessness,sweating,loss of appetite,mild fever,yellowing of eyes,swelled lymph nodes,malaise,phlegm,chest pain,blood in sputum,,
Tuberculosis,chills,vomiting,fatigue,weight loss,cough,high fever,sweating,loss of appetite,mild fever,yellowing of eyes,swelled lymph nodes,malaise,phlegm,chest pain,blood in sputum,,
Tuberculosis,chills,vomiting,fatigue,weight loss,cough,high fever,breathlessness,loss of appetite,mild fever,yellowing of eyes,swelled lymph nodes,malaise,phlegm,chest pain,blood in sputum,,
Common Cold,continuous sneezing,chills,fatigue,cough,high fever,headache,swelled lymph nodes,malaise,phlegm,throat irritation,redness of eyes,sinus pain,runny nose,congestion,chest pain,loss of smell,muscle pain
Common Cold,continuous sneezing,chills,fatigue,cough,high fever,headache,swelled lymph nodes,malaise,phlegm,throat irritation,redness of eyes,sinus pain,runny nose,congestion,chest pain,loss of smell,muscle pain
Common Cold,chills,fatigue,cough,high fever,headache,swelled lymph nodes,malaise,phlegm,throat irritation,redness of eyes,sinus pain,runny nose,congestion,chest pain,loss of smell,muscle pain,
Common Cold,continuous sneezing,fatigue,cough,high fever,headache,swelled lymph nodes,malaise,phlegm,throat irritation,redness of eyes,sinus pain,runny nose,congestion,chest pain,loss of smell,muscle pain,
Common Cold,continuous sneezing,chills,cough,high fever,headache,swelled lymph nodes,malaise,phlegm,throat irritation,redness of eyes,sinus pain,runny nose,congestion,chest pain,loss of smell,muscle pain,
Common Cold,continuous sneezing,chills,fatigue,high fever,headache,swelled lymph nodes,malaise,phlegm,throat irritation,redness of eyes,sinus pain,runny nose,congestion,chest pain,loss of smell,muscle pain,
Common Cold,continuous sneezing,chills,fatigue,cough,headache,swelled lymph nodes,malaise,phlegm,throat irritation,redness of eyes,sinus pain,runny nose,congestion,chest pain,loss of smell,muscle pain,
Common Cold,continuous sneezing,chills,fatigue,cough,high fever,swelled lymph nodes,malaise,phlegm,throat irritation,redness of eyes,sinus pain,runny nose,congestion,chest pain,loss of smell,muscle pain,
Common Cold,continuous sneezing,chills,fatigue,cough,high fever,headache,malaise,phlegm,throat irritation,redness of eyes,sinus pain,runny nose,congestion,chest pain,loss of smell,muscle pain,
Common Cold,continuous sneezing,chills,fatigue,cough,high fever,headache,swelled lymph nodes,phlegm,throat irritation,redness of eyes,sinus pain,runny nose,congestion,chest pain,loss of smell,muscle pain,
Pneumonia,chills,fatigue,cough,high fever,breathlessness,sweating,malaise,chest pain,fast heart rate,bloody mucus,,,,,,,
Pneumonia,chills,fatigue,cough,high fever,breathlessness,sweating,malaise,phlegm,chest pain,fast heart rate,bloody mucus,,,,,,
Pneumonia,chills,fatigue,cough,high fever,breathlessness,sweating,malaise,phlegm,chest pain,fast heart rate,bloody mucus,,,,,,
Pneumonia,fatigue,cough,high fever,breathlessness,sweating,malaise,phlegm,chest pain,fast heart rate,bloody mucus,,,,,,,
Pneumonia,chills,cough,high fever,breathlessness,sweating,malaise,phlegm,chest pain,fast heart rate,bloody mucus,,,,,,,
Pneumonia,chills,fatigue,high fever,breathlessness,sweating,malaise,phlegm,chest pain,fast heart rate,bloody mucus,,,,,,,
Pneumonia,chills,fatigue,cough,breathlessness,sweating,malaise,phlegm,chest pain,fast heart rate,bloody mucus,,,,,,,
Pneumonia,chills,fatigue,cough,high fever,sweating,malaise,phlegm,chest pain,fast heart rate,bloody mucus,,,,,,,
Pneumonia,chills,fatigue,cough,high fever,breathlessness,malaise,phlegm,chest pain,fast heart rate,bloody mucus,,,,,,,
Pneumonia,chills,fatigue,cough,high fever,breathlessness,sweating,phlegm,chest pain,fast heart rate,bloody mucus,,,,,,,
Dimorphic hemmorhoids(piles),constipation,pain during bowel movements,pain in anal region,bloody stool,irritation in anus,,,,,,,,,,,,
Dimorphic hemmorhoids(piles),constipation,pain during bowel movements,pain in anal region,bloody stool,irritation in anus,,,,,,,,,,,,
Dimorphic hemmorhoids(piles),constipation,pain during bowel movements,pain in anal region,bloody stool,irritation in anus,,,,,,,,,,,,
Dimorphic hemmorhoids(piles),pain during bowel movements,pain in anal region,bloody stool,irritation in anus,,,,,,,,,,,,,
Dimorphic hemmorhoids(piles),constipation,pain in anal region,bloody stool,irritation in anus,,,,,,,,,,,,,
Dimorphic hemmorhoids(piles),constipation,pain during bowel movements,bloody stool,irritation in anus,,,,,,,,,,,,,
Dimorphic hemmorhoids(piles),constipation,pain during bowel movements,pain in anal region,irritation in anus,,,,,,,,,,,,,
Dimorphic hemmorhoids(piles),constipation,pain during bowel movements,pain in anal region,bloody stool,,,,,,,,,,,,,
Dimorphic hemmorhoids(piles),constipation,pain during bowel movements,pain in anal region,bloody stool,irritation in anus,,,,,,,,,,,,
Dimorphic hemmorhoids(piles),constipation,pain during bowel movements,pain in anal region,bloody stool,irritation in anus,,,,,,,,,,,,
Heart attack,vomiting,breathlessness,sweating,chest pain,,,,,,,,,,,,,
Heart attack,vomiting,breathlessness,sweating,chest pain,,,,,,,,,,,,,
Heart attack,breathlessness,sweating,chest pain,,,,,,,,,,,,,,
Heart attack,vomiting,sweating,chest pain,,,,,,,,,,,,,,
Heart attack,vomiting,breathlessness,chest pain,,,,,,,,,,,,,,
Heart attack,vomiting,breathlessness,sweating,,,,,,,,,,,,,,
Heart attack,vomiting,breathlessness,sweating,chest pain,,,,,,,,,,,,,
Heart attack,breathlessness,sweating,chest pain,,,,,,,,,,,,,,
Heart attack,vomiting,sweating,chest pain,,,,,,,,,,,,,,
Heart attack,vomiting,breathlessness,chest pain,,,,,,,,,,,,,,
Varicose veins,fatigue,cramps,bruising,obesity,swollen legs,swollen blood vessels,veins on legs,,,,,,,,,,
Varicose veins,fatigue,cramps,bruising,obesity,swollen legs,swollen blood vessels,veins on legs,,,,,,,,,,
Varicose veins,cramps,bruising,obesity,swollen legs,swollen blood vessels,veins on legs,,,,,,,,,,,
Varicose veins,fatigue,bruising,obesity,swollen legs,swollen blood vessels,veins on legs,,,,,,,,,,,
Varicose veins,fatigue,cramps,obesity,swollen legs,swollen blood vessels,veins on legs,,,,,,,,,,,
Varicose veins,fatigue,cramps,bruising,swollen legs,swollen blood vessels,veins on legs,,,,,,,,,,,
Varicose veins,fatigue,cramps,bruising,obesity,swollen blood vessels,veins on legs,,,,,,,,,,,
Varicose veins,fatigue,cramps,bruising,obesity,swollen legs,veins on legs,,,,,,,,,,,
Varicose veins,fatigue,cramps,bruising,obesity,swollen legs,swollen blood vessels,,,,,,,,,,,
Varicose veins,fatigue,cramps,bruising,obesity,swollen legs,veins on legs,,,,,,,,,,,
Hypothyroidism,fatigue,weight gain,cold hands and feets,mood swings,lethargy,dizziness,puffy face,swollen neck,weak nails,swollen limbs,depression,irritability,irregular periods,,,,
Hypothyroidism,fatigue,weight gain,cold hands and feets,mood swings,lethargy,dizziness,puffy face,swollen neck,weak nails,swollen limbs,depression,irritability,irregular periods,,,,
Hypothyroidism,weight gain,cold hands and feets,mood swings,lethargy,dizziness,puffy face,swollen neck,weak nails,swollen limbs,depression,irritability,irregular periods,,,,,
Hypothyroidism,weight gain,cold hands and feets,mood swings,lethargy,dizziness,puffy face,swollen neck,weak nails,swollen limbs,depression,irritability,irregular periods,,,,,
Hypothyroidism,fatigue,cold hands and feets,mood swings,lethargy,dizziness,puffy face,swollen neck,weak nails,swollen limbs,depression,irritability,irregular periods,,,,,
Hypothyroidism,fatigue,weight gain,mood swings,lethargy,dizziness,puffy face,swollen neck,weak nails,swollen limbs,depression,irritability,irregular periods,,,,,
Hypothyroidism,fatigue,weight gain,cold hands and feets,lethargy,dizziness,puffy face,swollen neck,weak nails,swollen limbs,depression,irritability,irregular periods,,,,,
Hypothyroidism,fatigue,weight gain,cold hands and feets,mood swings,dizziness,puffy face,swollen neck,weak nails,swollen limbs,depression,irritability,irregular periods,,,,,
Hypothyroidism,fatigue,weight gain,cold hands and feets,mood swings,lethargy,puffy face,swollen neck,weak nails,swollen limbs,depression,irritability,irregular periods,,,,,
Hypothyroidism,fatigue,weight gain,cold hands and feets,mood swings,lethargy,dizziness,swollen neck,weak nails,swollen limbs,depression,irritability,irregular periods,,,,,
Hyperthyroidism,fatigue,mood swings,weight loss,restlessness,sweating,diarrhoea,fast heart rate,excessive hunger,muscle weakness,irritability,irregular periods,,,,,,
Hyperthyroidism,fatigue,mood swings,weight loss,restlessness,sweating,diarrhoea,fast heart rate,excessive hunger,muscle weakness,irritability,irregular periods,,,,,,
Hyperthyroidism,mood swings,weight loss,restlessness,sweating,diarrhoea,fast heart rate,excessive hunger,muscle weakness,irritability,irregular periods,,,,,,,
Hyperthyroidism,fatigue,weight loss,restlessness,sweating,diarrhoea,fast heart rate,excessive hunger,muscle weakness,irritability,irregular periods,,,,,,,
Hyperthyroidism,fatigue,mood swings,restlessness,sweating,diarrhoea,fast heart rate,excessive hunger,muscle weakness,irritability,irregular periods,,,,,,,
Hyperthyroidism,fatigue,mood swings,weight loss,sweating,diarrhoea,fast heart rate,excessive hunger,muscle weakness,irritability,irregular periods,,,,,,,
Hyperthyroidism,fatigue,mood swings,weight loss,restlessness,diarrhoea,fast heart rate,excessive hunger,muscle weakness,irritability,irregular periods,,,,,,,
Hyperthyroidism,fatigue,mood swings,weight loss,restlessness,sweating,fast heart rate,excessive hunger,muscle weakness,irritability,irregular periods,,,,,,,
Hyperthyroidism,fatigue,mood swings,weight loss,restlessness,sweating,diarrhoea,excessive hunger,muscle weakness,irritability,irregular periods,,,,,,,
Hyperthyroidism,fatigue,mood swings,weight loss,restlessness,sweating,diarrhoea,fast heart rate,muscle weakness,irritability,irregular periods,,,,,,,
Hypoglycemia,vomiting,fatigue,anxiety,sweating,headache,nausea,blurry vision,excessive hunger,slurring,irritability,fast heart beat,,,,,,
Hypoglycemia,vomiting,fatigue,anxiety,sweating,headache,nausea,blurry vision,excessive hunger,tingling lips,slurring,irritability,fast heart beat,,,,,
Hypoglycemia,vomiting,fatigue,anxiety,sweating,headache,nausea,blurry vision,excessive hunger,tingling lips,slurring,irritability,fast heart beat,,,,,
Hypoglycemia,fatigue,anxiety,sweating,headache,nausea,blurry vision,excessive hunger,tingling lips,slurring,irritability,fast heart beat,,,,,,
Hypoglycemia,vomiting,anxiety,sweating,headache,nausea,blurry vision,excessive hunger,tingling lips,slurring,irritability,fast heart beat,,,,,,
Hypoglycemia,vomiting,fatigue,sweating,headache,nausea,blurry vision,excessive hunger,tingling lips,slurring,irritability,fast heart beat,,,,,,
Hypoglycemia,vomiting,fatigue,anxiety,headache,nausea,blurry vision,excessive hunger,tingling lips,slurring,irritability,fast heart beat,,,,,,
Hypoglycemia,vomiting,fatigue,anxiety,sweating,nausea,blurry vision,excessive hunger,tingling lips,slurring,irritability,fast heart beat,,,,,,
Hypoglycemia,vomiting,fatigue,anxiety,sweating,headache,blurry vision,excessive hunger,tingling lips,slurring,irritability,fast heart beat,,,,,,
Hypoglycemia,vomiting,fatigue,anxiety,sweating,headache,nausea,excessive hunger,tingling lips,slurring,irritability,fast heart beat,,,,,,
Osteoarthristis,joint pain,neck pain,knee pain,hip joint pain,swelling joints,painful walking,,,,,,,,,,,
Osteoarthristis,joint pain,neck pain,knee pain,hip joint pain,swelling joints,painful walking,,,,,,,,,,,
Osteoarthristis,neck pain,knee pain,hip joint pain,swelling joints,painful walking,,,,,,,,,,,,
Osteoarthristis,joint pain,knee pain,hip joint pain,swelling joints,painful walking,,,,,,,,,,,,
Osteoarthristis,joint pain,neck pain,hip joint pain,swelling joints,painful walking,,,,,,,,,,,,
Osteoarthristis,joint pain,neck pain,knee pain,swelling joints,painful walking,,,,,,,,,,,,
Osteoarthristis,joint pain,neck pain,knee pain,hip joint pain,painful walking,,,,,,,,,,,,
Osteoarthristis,joint pain,neck pain,knee pain,hip joint pain,swelling joints,,,,,,,,,,,,
Osteoarthristis,joint pain,neck pain,knee pain,hip joint pain,swelling joints,painful walking,,,,,,,,,,,
Osteoarthristis,joint pain,neck pain,knee pain,hip joint pain,swelling joints,painful walking,,,,,,,,,,,
Arthritis,muscle weakness,stiff neck,swelling joints,movement stiffness,painful walking,,,,,,,,,,,,
Arthritis,muscle weakness,stiff neck,swelling joints,movement stiffness,painful walking,,,,,,,,,,,,
Arthritis,stiff neck,swelling joints,movement stiffness,painful walking,,,,,,,,,,,,,
Arthritis,muscle weakness,swelling joints,movement stiffness,painful walking,,,,,,,,,,,,,
Arthritis,muscle weakness,stiff neck,movement stiffness,painful walking,,,,,,,,,,,,,
Arthritis,muscle weakness,stiff neck,swelling joints,painful walking,,,,,,,,,,,,,
Arthritis,muscle weakness,stiff neck,swelling joints,movement stiffness,painful walking,,,,,,,,,,,,
Arthritis,muscle weakness,stiff neck,swelling joints,movement stiffness,,,,,,,,,,,,,
Arthritis,muscle weakness,stiff neck,swelling joints,movement stiffness,painful walking,,,,,,,,,,,,
Arthritis,muscle weakness,stiff neck,swelling joints,movement stiffness,painful walking,,,,,,,,,,,,
(vertigo) Paroymsal  Positional Vertigo,vomiting,headache,nausea,spinning movements,loss of balance,unsteadiness,,,,,,,,,,,
(vertigo) Paroymsal  Positional Vertigo,vomiting,headache,nausea,spinning movements,loss of balance,unsteadiness,,,,,,,,,,,
(vertigo) Paroymsal  Positional Vertigo,headache,nausea,spinning movements,loss of balance,unsteadiness,,,,,,,,,,,,
(vertigo) Paroymsal  Positional Vertigo,vomiting,nausea,spinning movements,loss of balance,unsteadiness,,,,,,,,,,,,
(vertigo) Paroymsal  Positional Vertigo,vomiting,headache,spinning movements,loss of balance,unsteadiness,,,,,,,,,,,,
(vertigo) Paroymsal  Positional Vertigo,vomiting,headache,nausea,loss of balance,unsteadiness,,,,,,,,,,,,
(vertigo) Paroymsal  Positional Vertigo,vomiting,headache,nausea,spinning movements,unsteadiness,,,,,,,,,,,,
(vertigo) Paroymsal  Positional Vertigo,vomiting,headache,nausea,spinning movements,loss of balance,,,,,,,,,,,,
(vertigo) Paroymsal  Positional Vertigo,vomiting,headache,nausea,spinning movements,loss of balance,unsteadiness,,,,,,,,,,,
(vertigo) Paroymsal  Positional Vertigo,vomiting,headache,nausea,loss of balance,unsteadiness,,,,,,,,,,,,
Acne,skin rash,pus filled pimples,blackheads,scurring,,,,,,,,,,,,,
Acne,skin rash,pus filled pimples,blackheads,scurring,,,,,,,,,,,,,
Acne,pus filled pimples,blackheads,scurring,,,,,,,,,,,,,,
Acne,skin rash,blackheads,scurring,,,,,,,,,,,,,,
Acne,skin rash,pus filled pimples,scurring,,,,,,,,,,,,,,
Acne,skin rash,pus filled pimples,blackheads,,,,,,,,,,,,,,
Acne,skin rash,pus filled pimples,blackheads,scurring,,,,,,,,,,,,,
Acne,skin rash,pus filled pimples,blackheads,,,,,,,,,,,,,,
Acne,skin rash,pus filled pimples,scurring,,,,,,,,,,,,,,
Acne,skin rash,blackheads,scurring,,,,,,,,,,,,,,
Urinary tract infection,burning pee,bladder discomfort,foul smell of urine,need to pee,,,,,,,,,,,,,
Urinary tract infection,burning pee,bladder discomfort,foul smell of urine,need to pee,,,,,,,,,,,,,
Urinary tract infection,bladder discomfort,foul smell of urine,need to pee,,,,,,,,,,,,,,
Urinary tract infection,burning pee,foul smell of urine,need to pee,,,,,,,,,,,,,,
Urinary tract infection,burning pee,bladder discomfort,need to pee,,,,,,,,,,,,,,
Urinary tract infection,burning pee,bladder discomfort,foul smell of urine,,,,,,,,,,,,,,
Urinary tract infection,burning pee,bladder discomfort,foul smell of urine,need to pee,,,,,,,,,,,,,
Urinary tract infection,burning pee,bladder discomfort,need to pee,,,,,,,,,,,,,,
Urinary tract infection,bladder discomfort,foul smell of urine,need to pee,,,,,,,,,,,,,,
Urinary tract infection,burning pee,bladder discomfort,need to pee,,,,,,,,,,,,,,
Psoriasis,skin rash,joint pain,skin peeling,silver like dusting,small dents in nails,inflammatory nails,,,,,,,,,,,
Psoriasis,skin rash,joint pain,skin peeling,silver like dusting,small dents in nails,inflammatory nails,,,,,,,,,,,
Psoriasis,joint pain,skin peeling,silver like dusting,small dents in nails,inflammatory nails,,,,,,,,,,,,
Psoriasis,skin rash,skin peeling,silver like dusting,small dents in nails,inflammatory nails,,,,,,,,,,,,
Psoriasis,skin rash,joint pain,silver like dusting,small dents in nails,inflammatory nails,,,,,,,,,,,,
Psoriasis,skin rash,joint pain,skin peeling,small dents in nails,inflammatory nails,,,,,,,,,,,,
Psoriasis,skin rash,joint pain,skin peeling,silver like dusting,inflammatory nails,,,,,,,,,,,,
Psoriasis,skin rash,joint pain,skin peeling,silver like dusting,small dents in nails,,,,,,,,,,,,
Psoriasis,skin rash,joint pain,skin peeling,silver like dusting,small dents in nails,inflammatory nails,,,,,,,,,,,
Psoriasis,skin rash,joint pain,skin peeling,silver like dusting,small dents in nails,inflammatory nails,,,,,,,,,,,
Impetigo,skin rash,high fever,blister,red sore around nose,yellow crust ooze,,,,,,,,,,,,
Impetigo,skin rash,high fever,blister,red sore around nose,yellow crust ooze,,,,,,,,,,,,
Impetigo,high fever,blister,red sore around nose,yellow crust ooze,,,,,,,,,,,,,
Impetigo,skin rash,blister,red sore around nose,yellow crust ooze,,,,,,,,,,,,,
Impetigo,skin rash,blister,red sore around nose,yellow crust ooze,,,,,,,,,,,,,
Impetigo,skin rash,high fever,red sore around nose,yellow crust ooze,,,,,,,,,,,,,
Impetigo,skin rash,high fever,blister,yellow crust ooze,,,,,,,,,,,,,
Impetigo,skin rash,high fever,blister,red sore around nose,,,,,,,,,,,,,
Impetigo,skin rash,high fever,blister,red sore around nose,yellow crust ooze,,,,,,,,,,,,
Impetigo,skin rash,blister,red sore around nose,yellow crust ooze,,,,,,,,,,,,,
Fungal infection,itching,skin rash,skin bumps,discolored skin patches,,,,,,,,,,,,,
Fungal infection,skin rash,skin bumps,discolored skin patches,,,,,,,,,,,,,,
Fungal infection,itching,skin bumps,discolored skin patches,,,,,,,,,,,,,,
Fungal infection,itching,skin rash,discolored skin patches,,,,,,,,,,,,,,
Fungal infection,itching,skin rash,skin bumps,,,,,,,,,,,,,,
Fungal infection,skin rash,skin bumps,discolored skin patches,,,,,,,,,,,,,,
Fungal infection,itching,skin bumps,discolored skin patches,,,,,,,,,,,,,,
Fungal infection,itching,skin rash,discolored skin patches,,,,,,,,,,,,,,
Fungal infection,itching,skin rash,skin bumps,,,,,,,,,,,,,,
Fungal infection,itching,skin rash,skin bumps,discolored skin patches,,,,,,,,,,,,,
Allergy,continuous sneezing,shivering,chills,watery eyes,,,,,,,,,,,,,
Allergy,shivering,chills,watery eyes,,,,,,,,,,,,,,
Allergy,continuous sneezing,chills,watery eyes,,,,,,,,,,,,,,
Allergy,continuous sneezing,shivering,watery eyes,,,,,,,,,,,,,,
Allergy,continuous sneezing,shivering,chills,,,,,,,,,,,,,,
Allergy,shivering,chills,watery eyes,,,,,,,,,,,,,,
Allergy,continuous sneezing,chills,watery eyes,,,,,,,,,,,,,,
Allergy,continuous sneezing,shivering,watery eyes,,,,,,,,,,,,,,
Allergy,continuous sneezing,shivering,chills,,,,,,,,,,,,,,
Allergy,continuous sneezing,shivering,chills,watery eyes,,,,,,,,,,,,,
GERD,stomach pain,acidity,ulcers on tongue,vomiting,cough,chest pain,,,,,,,,,,,
GERD,stomach pain,ulcers on tongue,vomiting,cough,chest pain,,,,,,,,,,,,
GERD,stomach pain,acidity,vomiting,cough,chest pain,,,,,,,,,,,,
GERD,stomach pain,acidity,ulcers on tongue,cough,chest pain,,,,,,,,,,,,
GERD,stomach pain,acidity,ulcers on tongue,vomiting,chest pain,,,,,,,,,,,,
GERD,stomach pain,acidity,ulcers on tongue,vomiting,cough,,,,,,,,,,,,
GERD,acidity,ulcers on tongue,vomiting,cough,chest pain,,,,,,,,,,,,
GERD,stomach pain,ulcers on tongue,vomiting,cough,chest pain,,,,,,,,,,,,
GERD,stomach pain,acidity,vomiting,cough,chest pain,,,,,,,,,,,,
GERD,stomach pain,acidity,ulcers on tongue,cough,chest pain,,,,,,,,,,,,
Chronic cholestasis,itching,vomiting,yellowish skin,nausea,loss of appetite,abdominal pain,yellowing of eyes,,,,,,,,,,
Chronic cholestasis,vomiting,yellowish skin,nausea,loss of appetite,abdominal pain,yellowing of eyes,,,,,,,,,,,
Chronic cholestasis,itching,yellowish skin,nausea,loss of appetite,abdominal pain,yellowing of eyes,,,,,,,,,,,
Chronic cholestasis,itching,vomiting,nausea,loss of appetite,abdominal pain,yellowing of eyes,,,,,,,,,,,
Chronic cholestasis,itching,vomiting,yellowish skin,loss of appetite,abdominal pain,yellowing of eyes,,,,,,,,,,,
Chronic cholestasis,itching,vomiting,yellowish skin,nausea,abdominal pain,yellowing of eyes,,,,,,,,,,,
Chronic cholestasis,itching,vomiting,yellowish skin,nausea,loss of appetite,yellowing of eyes,,,,,,,,,,,
Chronic cholestasis,itching,vomiting,yellowish skin,nausea,loss of appetite,abdominal pain,,,,,,,,,,,
Chronic cholestasis,itching,vomiting,yellowish skin,nausea,loss of appetite,abdominal pain,yellowing of eyes,,,,,,,,,,
Chronic cholestasis,itching,vomiting,yellowish skin,nausea,loss of appetite,abdominal pain,yellowing of eyes,,,,,,,,,,
Drug Reaction,itching,skin rash,stomach pain,burning pee,spotting urine,,,,,,,,,,,,
Drug Reaction,itching,stomach pain,burning pee,spotting urine,,,,,,,,,,,,,
Drug Reaction,itching,skin rash,burning pee,spotting urine,,,,,,,,,,,,,
Drug Reaction,itching,skin rash,stomach pain,spotting urine,,,,,,,,,,,,,
Drug Reaction,itching,skin rash,stomach pain,burning pee,,,,,,,,,,,,,
Drug Reaction,skin rash,stomach pain,burning pee,spotting urine,,,,,,,,,,,,,
Drug Reaction,itching,stomach pain,burning pee,spotting urine,,,,,,,,,,,,,
Drug Reaction,itching,skin rash,burning pee,spotting urine,,,,,,,,,,,,,
Drug Reaction,itching,skin rash,stomach pain,spotting urine,,,,,,,,,,,,,
Drug Reaction,itching,skin rash,stomach pain,burning pee,,,,,,,,,,,,,
Peptic ulcer diseae,vomiting,loss of appetite,abdominal pain,farting,itching inside,,,,,,,,,,,,
Peptic ulcer diseae,vomiting,indigestion,abdominal pain,farting,itching inside,,,,,,,,,,,,
Peptic ulcer diseae,indigestion,loss of appetite,abdominal pain,farting,itching inside,,,,,,,,,,,,
Peptic ulcer diseae,vomiting,loss of appetite,abdominal pain,farting,itching inside,,,,,,,,,,,,
Peptic ulcer diseae,vomiting,indigestion,abdominal pain,farting,itching inside,,,,,,,,,,,,
Peptic ulcer diseae,vomiting,indigestion,loss of appetite,farting,itching inside,,,,,,,,,,,,
Peptic ulcer diseae,vomiting,indigestion,loss of appetite,abdominal pain,itching inside,,,,,,,,,,,,
Peptic ulcer diseae,vomiting,indigestion,loss of appetite,abdominal pain,farting,,,,,,,,,,,,
Peptic ulcer diseae,vomiting,indigestion,loss of appetite,abdominal pain,farting,itching inside,,,,,,,,,,,
Peptic ulcer diseae,vomiting,indigestion,loss of appetite,abdominal pain,farting,itching inside,,,,,,,,,,,
AIDS,muscle wasting,patches in throat,high fever,extra marital contacts,,,,,,,,,,,,,
AIDS,patches in throat,high fever,extra marital contacts,,,,,,,,,,,,,,
AIDS,muscle wasting,high fever,extra marital contacts,,,,,,,,,,,,,,
AIDS,muscle wasting,patches in throat,extra marital contacts,,,,,,,,,,,,,,
AIDS,muscle wasting,patches in throat,high fever,,,,,,,,,,,,,,
AIDS,muscle wasting,patches in throat,high fever,extra marital contacts,,,,,,,,,,,,,
AIDS,muscle wasting,patches in throat,high fever,extra marital contacts,,,,,,,,,,,,,
AIDS,patches in throat,high fever,extra marital contacts,,,,,,,,,,,,,,
AIDS,muscle wasting,high fever,extra marital contacts,,,,,,,,,,,,,,
AIDS,muscle wasting,patches in throat,high fever,,,,,,,,,,,,,,
Diabetes ,fatigue,weight loss,restlessness,lethargy,irregular sugar level,blurry vision,obesity,excessive hunger,increased appetite,peeing a lot,,,,,,,
Diabetes ,fatigue,weight loss,restlessness,lethargy,irregular sugar level,blurry vision,obesity,excessive hunger,increased appetite,peeing a lot,,,,,,,
Diabetes ,weight loss,restlessness,lethargy,irregular sugar level,blurry vision,obesity,excessive hunger,increased appetite,peeing a lot,,,,,,,,
Diabetes ,fatigue,restlessness,lethargy,irregular sugar level,blurry vision,obesity,excessive hunger,increased appetite,peeing a lot,,,,,,,,
Diabetes ,fatigue,weight loss,lethargy,irregular sugar level,blurry vision,obesity,excessive hunger,increased appetite,peeing a lot,,,,,,,,
Diabetes ,fatigue,weight loss,restlessness,irregular sugar level,blurry vision,obesity,excessive hunger,increased appetite,peeing a lot,,,,,,,,
Diabetes ,fatigue,weight loss,restlessness,lethargy,blurry vision,obesity,excessive hunger,increased appetite,peeing a lot,,,,,,,,
Diabetes ,fatigue,weight loss,restlessness,lethargy,irregular sugar level,obesity,excessive hunger,increased appetite,peeing a lot,,,,,,,,
Diabetes ,fatigue,weight loss,restlessness,lethargy,irregular sugar level,blurry vision,excessive hunger,increased appetite,peeing a lot,,,,,,,,
Diabetes ,fatigue,weight loss,restlessness,lethargy,irregular sugar level,blurry vision,obesity,increased appetite,peeing a lot,,,,,,,,
Gastroenteritis,vomiting,sunken eyes,dehydration,diarrhoea,,,,,,,,,,,,,
Gastroenteritis,vomiting,sunken eyes,dehydration,diarrhoea,,,,,,,,,,,,,
Gastroenteritis,sunken eyes,dehydration,diarrhoea,,,,,,,,,,,,,,
Gastroenteritis,vomiting,dehydration,diarrhoea,,,,,,,,,,,,,,
Gastroenteritis,vomiting,sunken eyes,diarrhoea,,,,,,,,,,,,,,
Gastroenteritis,vomiting,sunken eyes,dehydration,,,,,,,,,,,,,,
Gastroenteritis,vomiting,sunken eyes,dehydration,diarrhoea,,,,,,,,,,,,,
Gastroenteritis,sunken eyes,dehydration,diarrhoea,,,,,,,,,,,,,,
Gastroenteritis,vomiting,dehydration,diarrhoea,,,,,,,,,,,,,,
Gastroenteritis,vomiting,sunken eyes,diarrhoea,,,,,,,,,,,,,,
Bronchial Asthma,fatigue,cough,high fever,breathlessness,family history,mucus,,,,,,,,,,,
Bronchial Asthma,cough,high fever,breathlessness,family history,mucus,,,,,,,,,,,,
Bronchial Asthma,fatigue,high fever,breathlessness,family history,mucus,,,,,,,,,,,,
Bronchial Asthma,fatigue,cough,breathlessness,family history,mucus,,,,,,,,,,,,
Bronchial Asthma,fatigue,cough,high fever,family history,mucus,,,,,,,,,,,,
Bronchial Asthma,fatigue,cough,high fever,breathlessness,mucus,,,,,,,,,,,,
Bronchial Asthma,fatigue,cough,high fever,breathlessness,family history,,,,,,,,,,,,
Bronchial Asthma,fatigue,cough,high fever,breathlessness,family history,mucus,,,,,,,,,,,
Bronchial Asthma,cough,high fever,breathlessness,family history,mucus,,,,,,,,,,,,
Bronchial Asthma,fatigue,high fever,breathlessness,family history,mucus,,,,,,,,,,,,
Hypertension ,headache,chest pain,dizziness,loss of balance,lack of concentration,,,,,,,,,,,,
Hypertension ,chest pain,dizziness,loss of balance,lack of concentration,,,,,,,,,,,,,
Hypertension ,headache,dizziness,loss of balance,lack of concentration,,,,,,,,,,,,,
Hypertension ,headache,chest pain,loss of balance,lack of concentration,,,,,,,,,,,,,
Hypertension ,headache,chest pain,dizziness,lack of concentration,,,,,,,,,,,,,
Hypertension ,headache,chest pain,dizziness,loss of balance,,,,,,,,,,,,,
Hypertension ,headache,chest pain,dizziness,loss of balance,lack of concentration,,,,,,,,,,,,
Hypertension ,chest pain,dizziness,loss of balance,lack of concentration,,,,,,,,,,,,,
Hypertension ,headache,dizziness,loss of balance,lack of concentration,,,,,,,,,,,,,
Hypertension ,headache,chest pain,loss of balance,lack of concentration,,,,,,,,,,,,,
Migraine,acidity,indigestion,headache,blurry vision,excessive hunger,stiff neck,depression,irritability,visual disturbances,,,,,,,,
Migraine,indigestion,headache,blurry vision,excessive hunger,stiff neck,depression,irritability,visual disturbances,,,,,,,,,
Migraine,acidity,headache,blurry vision,excessive hunger,stiff neck,depression,irritability,visual disturbances,,,,,,,,,
Migraine,acidity,indigestion,blurry vision,excessive hunger,stiff neck,depression,irritability,visual disturbances,,,,,,,,,
Migraine,acidity,indigestion,headache,excessive hunger,stiff neck,depression,irritability,visual disturbances,,,,,,,,,
Migraine,acidity,indigestion,headache,blurry vision,stiff neck,depression,irritability,visual disturbances,,,,,,,,,
Migraine,acidity,indigestion,headache,blurry vision,excessive hunger,depression,irritability,visual disturbances,,,,,,,,,
Migraine,acidity,indigestion,headache,blurry vision,excessive hunger,stiff neck,irritability,visual disturbances,,,,,,,,,
Migraine,acidity,indigestion,headache,blurry vision,excessive hunger,stiff neck,depression,visual disturbances,,,,,,,,,
Migraine,acidity,indigestion,headache,blurry vision,excessive hunger,stiff neck,depression,irritability,,,,,,,,,
Cervical spondylosis,back pain,weakness in limbs,neck pain,dizziness,loss of balance,,,,,,,,,,,,
Cervical spondylosis,back pain,weakness in limbs,neck pain,dizziness,loss of balance,,,,,,,,,,,,
Cervical spondylosis,weakness in limbs,neck pain,dizziness,loss of balance,,,,,,,,,,,,,
Cervical spondylosis,back pain,neck pain,dizziness,loss of balance,,,,,,,,,,,,,
Cervical spondylosis,back pain,weakness in limbs,dizziness,loss of balance,,,,,,,,,,,,,
Cervical spondylosis,back pain,weakness in limbs,neck pain,loss of balance,,,,,,,,,,,,,
Cervical spondylosis,back pain,weakness in limbs,neck pain,dizziness,,,,,,,,,,,,,
Cervical spondylosis,back pain,weakness in limbs,neck pain,dizziness,loss of balance,,,,,,,,,,,,
Cervical spondylosis,weakness in limbs,neck pain,dizziness,loss of balance,,,,,,,,,,,,,
Cervical spondylosis,back pain,neck pain,dizziness,loss of balance,,,,,,,,,,,,,
Paralysis (brain hemorrhage),vomiting,headache,weakness of one body side,confusion,,,,,,,,,,,,,
Paralysis (brain hemorrhage),vomiting,headache,weakness of one body side,confusion,,,,,,,,,,,,,
Paralysis (brain hemorrhage),headache,weakness of one body side,confusion,,,,,,,,,,,,,,
Paralysis (brain hemorrhage),vomiting,weakness of one body side,confusion,,,,,,,,,,,,,,
Paralysis (brain hemorrhage),vomiting,headache,confusion,,,,,,,,,,,,,,
Paralysis (brain hemorrhage),vomiting,headache,weakness of one body side,,,,,,,,,,,,,,
Paralysis (brain hemorrhage),vomiting,headache,weakness of one body side,confusion,,,,,,,,,,,,,
Paralysis (brain hemorrhage),headache,weakness of one body side,confusion,,,,,,,,,,,,,,
Paralysis (brain hemorrhage),vomiting,weakness of one body side,confusion,,,,,,,,,,,,,,
Paralysis (brain hemorrhage),vomiting,headache,confusion,,,,,,,,,,,,,,
Jaundice,itching,vomiting,fatigue,weight loss,high fever,yellowish skin,dark urine,abdominal pain,,,,,,,,,
Jaundice,itching,vomiting,fatigue,weight loss,high fever,yellowish skin,dark urine,abdominal pain,,,,,,,,,
Jaundice,vomiting,fatigue,weight loss,high fever,yellowish skin,dark urine,abdominal pain,,,,,,,,,,
Jaundice,itching,fatigue,weight loss,high fever,yellowish skin,dark urine,abdominal pain,,,,,,,,,,
Jaundice,itching,vomiting,weight loss,high fever,yellowish skin,dark urine,abdominal pain,,,,,,,,,,
Jaundice,itching,vomiting,fatigue,high fever,yellowish skin,dark urine,abdominal pain,,,,,,,,,,
Jaundice,itching,vomiting,fatigue,weight loss,yellowish skin,dark urine,abdominal pain,,,,,,,,,,
Jaundice,itching,vomiting,fatigue,weight loss,high fever,dark urine,abdominal pain,,,,,,,,,,
Jaundice,itching,vomiting,fatigue,weight loss,high fever,yellowish skin,abdominal pain,,,,,,,,,,
Jaundice,itching,vomiting,fatigue,weight loss,high fever,yellowish skin,dark urine,,,,,,,,,,
Malaria,chills,vomiting,high fever,sweating,headache,nausea,muscle pain,,,,,,,,,,
Malaria,chills,vomiting,high fever,sweating,headache,nausea,diarrhoea,muscle pain,,,,,,,,,
Malaria,chills,vomiting,high fever,sweating,headache,nausea,diarrhoea,muscle pain,,,,,,,,,
Malaria,vomiting,high fever,sweating,headache,nausea,diarrhoea,muscle pain,,,,,,,,,,
Malaria,chills,high fever,sweating,headache,nausea,diarrhoea,muscle pain,,,,,,,,,,
Malaria,chills,vomiting,sweating,headache,nausea,diarrhoea,muscle pain,,,,,,,,,,
Malaria,chills,vomiting,high fever,headache,nausea,diarrhoea,muscle pain,,,,,,,,,,
Malaria,chills,vomiting,high fever,sweating,nausea,diarrhoea,muscle pain,,,,,,,,,,
Malaria,chills,vomiting,high fever,sweating,headache,diarrhoea,muscle pain,,,,,,,,,,
Malaria,chills,vomiting,high fever,sweating,headache,nausea,muscle pain,,,,,,,,,,
Chicken pox,itching,skin rash,fatigue,lethargy,high fever,headache,loss of appetite,mild fever,swelled lymph nodes,malaise,red spots over body,,,,,,
Chicken pox,skin rash,fatigue,lethargy,high fever,headache,loss of appetite,mild fever,swelled lymph nodes,malaise,red spots over body,,,,,,,
Chicken pox,itching,fatigue,lethargy,high fever,headache,loss of appetite,mild fever,swelled lymph nodes,malaise,red spots over body,,,,,,,
Chicken pox,itching,skin rash,lethargy,high fever,headache,loss of appetite,mild fever,swelled lymph nodes,malaise,red spots over body,,,,,,,
Chicken pox,itching,skin rash,fatigue,high fever,headache,loss of appetite,mild fever,swelled lymph nodes,malaise,red spots over body,,,,,,,
Chicken pox,itching,skin rash,fatigue,lethargy,headache,loss of appetite,mild fever,swelled lymph nodes,malaise,red spots over body,,,,,,,
Chicken pox,itching,skin rash,fatigue,lethargy,high fever,loss of appetite,mild fever,swelled lymph nodes,malaise,red spots over body,,,,,,,
Chicken pox,itching,skin rash,fatigue,lethargy,high fever,headache,mild fever,swelled lymph nodes,malaise,red spots over body,,,,,,,
Chicken pox,itching,skin rash,fatigue,lethargy,high fever,headache,loss of appetite,swelled lymph nodes,malaise,red spots over body,,,,,,,
Chicken pox,itching,skin rash,fatigue,lethargy,high fever,headache,loss of appetite,mild fever,malaise,red spots over body,,,,,,,
Dengue,skin rash,chills,joint pain,vomiting,fatigue,high fever,headache,nausea,loss of appetite,pain behind the eyes,back pain,muscle pain,red spots over body,,,,
Dengue,skin rash,chills,joint pain,vomiting,fatigue,high fever,headache,nausea,loss of appetite,pain behind the eyes,back pain,malaise,red spots over body,,,,
Dengue,skin rash,chills,joint pain,vomiting,fatigue,high fever,headache,nausea,loss of appetite,pain behind the eyes,back pain,malaise,muscle pain,,,,
Dengue,skin rash,chills,joint pain,vomiting,fatigue,high fever,headache,nausea,loss of appetite,pain behind the eyes,back pain,malaise,muscle pain,red spots over body,,,
Dengue,chills,joint pain,vomiting,fatigue,high fever,headache,nausea,loss of appetite,pain behind the eyes,back pain,malaise,muscle pain,red spots over body,,,,
Dengue,skin rash,joint pain,vomiting,fatigue,high fever,headache,nausea,loss of appetite,pain behind the eyes,back pain,malaise,muscle pain,red spots over body,,,,
Dengue,skin rash,chills,vomiting,fatigue,high fever,headache,nausea,loss of appetite,pain behind the eyes,back pain,malaise,muscle pain,red spots over body,,,,
Dengue,skin rash,chills,joint pain,fatigue,high fever,headache,nausea,loss of appetite,pain behind the eyes,back pain,malaise,muscle pain,red spots over body,,,,
Dengue,skin rash,chills,joint pain,vomiting,high fever,headache,nausea,loss of appetite,pain behind the eyes,back pain,malaise,muscle pain,red spots over body,,,,
Dengue,skin rash,chills,joint pain,vomiting,fatigue,headache,nausea,loss of appetite,pain behind the eyes,back pain,malaise,muscle pain,red spots over body,,,,
Typhoid,chills,vomiting,fatigue,high fever,nausea,constipation,abdominal pain,diarrhoea,sickly look,belly pain,,,,,,,
Typhoid,chills,vomiting,fatigue,high fever,headache,constipation,abdominal pain,diarrhoea,sickly look,belly pain,,,,,,,
Typhoid,chills,vomiting,fatigue,high fever,headache,nausea,abdominal pain,diarrhoea,sickly look,belly pain,,,,,,,
Typhoid,chills,vomiting,fatigue,high fever,headache,nausea,constipation,diarrhoea,sickly look,belly pain,,,,,,,
Typhoid,chills,vomiting,fatigue,high fever,headache,nausea,constipation,abdominal pain,sickly look,belly pain,,,,,,,
Typhoid,chills,vomiting,fatigue,high fever,headache,nausea,constipation,abdominal pain,diarrhoea,belly pain,,,,,,,
Typhoid,chills,vomiting,fatigue,high fever,headache,nausea,constipation,abdominal pain,diarrhoea,sickly look,,,,,,,
Typhoid,chills,vomiting,fatigue,high fever,headache,nausea,constipation,abdominal pain,diarrhoea,sickly look,belly pain,,,,,,
Typhoid,chills,vomiting,fatigue,high fever,headache,nausea,constipation,abdominal pain,diarrhoea,sickly look,belly pain,,,,,,
Typhoid,chills,fatigue,high fever,headache,nausea,constipation,abdominal pain,diarrhoea,sickly look,belly pain,,,,,,,
hepatitis A,joint pain,vomiting,yellowish skin,dark urine,nausea,loss of appetite,abdominal pain,diarrhoea,mild fever,yellowing of eyes,muscle pain,,,,,,
hepatitis A,joint pain,vomiting,yellowish skin,dark urine,nausea,loss of appetite,abdominal pain,diarrhoea,mild fever,yellowing of eyes,muscle pain,,,,,,
hepatitis A,vomiting,yellowish skin,dark urine,nausea,loss of appetite,abdominal pain,diarrhoea,mild fever,yellowing of eyes,muscle pain,,,,,,,
hepatitis A,joint pain,yellowish skin,dark urine,nausea,loss of appetite,abdominal pain,diarrhoea,mild fever,yellowing of eyes,muscle pain,,,,,,,
hepatitis A,joint pain,vomiting,dark urine,nausea,loss of appetite,abdominal pain,diarrhoea,mild fever,yellowing of eyes,muscle pain,,,,,,,
hepatitis A,joint pain,vomiting,yellowish skin,nausea,loss of appetite,abdominal pain,diarrhoea,mild fever,yellowing of eyes,muscle pain,,,,,,,
hepatitis A,joint pain,vomiting,yellowish skin,dark urine,loss of appetite,abdominal pain,diarrhoea,mild fever,yellowing of eyes,muscle pain,,,,,,,
hepatitis A,joint pain,vomiting,yellowish skin,dark urine,nausea,abdominal pain,diarrhoea,mild fever,yellowing of eyes,muscle pain,,,,,,,
hepatitis A,joint pain,vomiting,yellowish skin,dark urine,nausea,loss of appetite,diarrhoea,mild fever,yellowing of eyes,muscle pain,,,,,,,
hepatitis A,joint pain,vomiting,yellowish skin,dark urine,nausea,loss of appetite,abdominal pain,mild fever,yellowing of eyes,muscle pain,,,,,,,
Hepatitis B,itching,fatigue,lethargy,yellowish skin,dark urine,loss of appetite,abdominal pain,yellow urine,yellowing of eyes,malaise,blood transfusion,injections,,,,,
Hepatitis B,itching,fatigue,lethargy,yellowish skin,dark urine,loss of appetite,abdominal pain,yellow urine,yellowing of eyes,malaise,blood transfusion,injections,,,,,
Hepatitis B,fatigue,lethargy,yellowish skin,dark urine,loss of appetite,abdominal pain,yellow urine,yellowing of eyes,malaise,blood transfusion,injections,,,,,,
Hepatitis B,itching,lethargy,yellowish skin,dark urine,loss of appetite,abdominal pain,yellow urine,yellowing of eyes,malaise,blood transfusion,injections,,,,,,
Hepatitis B,itching,fatigue,yellowish skin,dark urine,loss of appetite,abdominal pain,yellow urine,yellowing of eyes,malaise,blood transfusion,injections,,,,,,
Hepatitis B,itching,fatigue,lethargy,dark urine,loss of appetite,abdominal pain,yellow urine,yellowing of eyes,malaise,blood transfusion,injections,,,,,,
Hepatitis B,itching,fatigue,lethargy,yellowish skin,loss of appetite,abdominal pain,yellow urine,yellowing of eyes,malaise,blood transfusion,injections,,,,,,
Hepatitis B,itching,fatigue,lethargy,yellowish skin,dark urine,abdominal pain,yellow urine,yellowing of eyes,malaise,blood transfusion,injections,,,,,,
Hepatitis B,itching,fatigue,lethargy,yellowish skin,dark urine,loss of appetite,yellow urine,yellowing of eyes,malaise,blood transfusion,injections,,,,,,
Hepatitis B,itching,fatigue,lethargy,yellowish skin,dark urine,loss of appetite,abdominal pain,yellowing of eyes,malaise,blood transfusion,injections,,,,,,
Hepatitis C,fatigue,yellowish skin,nausea,loss of appetite,family history,,,,,,,,,,,,
Hepatitis C,fatigue,yellowish skin,nausea,loss of appetite,yellowing of eyes,family history,,,,,,,,,,,
Hepatitis C,yellowish skin,nausea,loss of appetite,yellowing of eyes,family history,,,,,,,,,,,,
Hepatitis C,fatigue,nausea,loss of appetite,yellowing of eyes,family history,,,,,,,,,,,,
Hepatitis C,fatigue,yellowish skin,loss of appetite,yellowing of eyes,family history,,,,,,,,,,,,
Hepatitis C,fatigue,yellowish skin,nausea,yellowing of eyes,family history,,,,,,,,,,,,
Hepatitis C,fatigue,yellowish skin,nausea,loss of appetite,family history,,,,,,,,,,,,
Hepatitis C,fatigue,yellowish skin,nausea,loss of appetite,yellowing of eyes,,,,,,,,,,,,
Hepatitis C,fatigue,yellowish skin,nausea,loss of appetite,yellowing of eyes,family history,,,,,,,,,,,
Hepatitis C,fatigue,yellowish skin,nausea,loss of appetite,yellowing of eyes,family history,,,,,,,,,,,
Hepatitis D,joint pain,vomiting,fatigue,yellowish skin,dark urine,nausea,loss of appetite,abdominal pain,yellowing of eyes,,,,,,,,
Hepatitis D,vomiting,fatigue,yellowish skin,dark urine,nausea,loss of appetite,abdominal pain,yellowing of eyes,,,,,,,,,
Hepatitis D,joint pain,fatigue,yellowish skin,dark urine,nausea,loss of appetite,abdominal pain,yellowing of eyes,,,,,,,,,
Hepatitis D,joint pain,vomiting,yellowish skin,dark urine,nausea,loss of appetite,abdominal pain,yellowing of eyes,,,,,,,,,
Hepatitis D,joint pain,vomiting,fatigue,dark urine,nausea,loss of appetite,abdominal pain,yellowing of eyes,,,,,,,,,
Hepatitis D,joint pain,vomiting,fatigue,yellowish skin,nausea,loss of appetite,abdominal pain,yellowing of eyes,,,,,,,,,
Hepatitis D,joint pain,vomiting,fatigue,yellowish skin,dark urine,loss of appetite,abdominal pain,yellowing of eyes,,,,,,,,,
Hepatitis D,joint pain,vomiting,fatigue,yellowish skin,dark urine,nausea,abdominal pain,yellowing of eyes,,,,,,,,,
Hepatitis D,joint pain,vomiting,fatigue,yellowish skin,dark urine,nausea,loss of appetite,yellowing of eyes,,,,,,,,,
Hepatitis D,joint pain,vomiting,fatigue,yellowish skin,dark urine,nausea,loss of appetite,abdominal pain,,,,,,,,,
Hepatitis E,joint pain,vomiting,fatigue,high fever,yellowish skin,dark urine,nausea,loss of appetite,abdominal pain,yellowing of eyes,unconscious,blood in vomit,,,,,
Hepatitis E,joint pain,vomiting,fatigue,high fever,yellowish skin,dark urine,nausea,loss of appetite,abdominal pain,yellowing of eyes,acute liver failure,unconscious,blood in vomit,,,,
Hepatitis E,joint pain,vomiting,fatigue,high fever,yellowish skin,dark urine,nausea,loss of appetite,abdominal pain,yellowing of eyes,acute liver failure,unconscious,blood in vomit,,,,
Hepatitis E,vomiting,fatigue,high fever,yellowish skin,dark urine,nausea,loss of appetite,abdominal pain,yellowing of eyes,acute liver failure,unconscious,blood in vomit,,,,,
Hepatitis E,joint pain,fatigue,high fever,yellowish skin,dark urine,nausea,loss of appetite,abdominal pain,yellowing of eyes,acute liver failure,unconscious,blood in vomit,,,,,
Hepatitis E,joint pain,vomiting,high fever,yellowish skin,dark urine,nausea,loss of appetite,abdominal pain,yellowing of eyes,acute liver failure,unconscious,blood in vomit,,,,,
Hepatitis E,joint pain,vomiting,fatigue,yellowish skin,dark urine,nausea,loss of appetite,abdominal pain,yellowing of eyes,acute liver failure,unconscious,blood in vomit,,,,,
Hepatitis E,joint pain,vomiting,fatigue,high fever,dark urine,nausea,loss of appetite,abdominal pain,yellowing of eyes,acute liver failure,unconscious,blood in vomit,,,,,
Hepatitis E,joint pain,vomiting,fatigue,high fever,yellowish skin,nausea,loss of appetite,abdominal pain,yellowing of eyes,acute liver failure,unconscious,blood in vomit,,,,,
Hepatitis E,joint pain,vomiting,fatigue,high fever,yellowish skin,dark urine,loss of appetite,abdominal pain,yellowing of eyes,acute liver failure,unconscious,blood in vomit,,,,,
Alcoholic hepatitis,vomiting,yellowish skin,abdominal pain,swelling of stomach,bloated stomach,alcohol use,swelling,,,,,,,,,,
Alcoholic hepatitis,vomiting,yellowish skin,abdominal pain,swelling of stomach,bloated stomach,alcohol use,swelling,,,,,,,,,,
Alcoholic hepatitis,yellowish skin,abdominal pain,swelling of stomach,bloated stomach,alcohol use,swelling,,,,,,,,,,,
Alcoholic hepatitis,vomiting,abdominal pain,swelling of stomach,bloated stomach,alcohol use,swelling,,,,,,,,,,,
Alcoholic hepatitis,vomiting,yellowish skin,swelling of stomach,bloated stomach,alcohol use,swelling,,,,,,,,,,,
Alcoholic hepatitis,vomiting,yellowish skin,abdominal pain,bloated stomach,alcohol use,swelling,,,,,,,,,,,
Alcoholic hepatitis,vomiting,yellowish skin,abdominal pain,swelling of stomach,alcohol use,swelling,,,,,,,,,,,
Alcoholic hepatitis,vomiting,yellowish skin,abdominal pain,swelling of stomach,bloated stomach,swelling,,,,,,,,,,,
Alcoholic hepatitis,vomiting,yellowish skin,abdominal pain,swelling of stomach,bloated stomach,alcohol use,,,,,,,,,,,
Alcoholic hepatitis,vomiting,yellowish skin,abdominal pain,swelling of stomach,bloated stomach,alcohol use,swelling,,,,,,,,,,
Tuberculosis,chills,vomiting,fatigue,weight loss,cough,high fever,breathlessness,sweating,loss of appetite,mild fever,yellowing of eyes,swelled lymph nodes,malaise,phlegm,chest pain,blood in sputum,
Tuberculosis,chills,vomiting,fatigue,weight loss,cough,high fever,breathlessness,sweating,loss of appetite,mild fever,yellowing of eyes,swelled lymph nodes,malaise,phlegm,chest pain,blood in sputum,
Tuberculosis,vomiting,fatigue,weight loss,cough,high fever,breathlessness,sweating,loss of appetite,mild fever,yellowing of eyes,swelled lymph nodes,malaise,phlegm,chest pain,blood in sputum,,
Tuberculosis,chills,fatigue,weight loss,cough,high fever,breathlessness,sweating,loss of appetite,mild fever,yellowing of eyes,swelled lymph nodes,malaise,phlegm,chest pain,blood in sputum,,
Tuberculosis,chills,vomiting,weight loss,cough,high fever,breathlessness,sweating,loss of appetite,mild fever,yellowing of eyes,swelled lymph nodes,malaise,phlegm,chest pain,blood in sputum,,
Tuberculosis,chills,vomiting,fatigue,cough,high fever,breathlessness,sweating,loss of appetite,mild fever,yellowing of eyes,swelled lymph nodes,malaise,phlegm,chest pain,blood in sputum,,
Tuberculosis,chills,vomiting,fatigue,weight loss,high fever,breathlessness,sweating,loss of appetite,mild fever,yellowing of eyes,swelled lymph nodes,malaise,phlegm,chest pain,blood in sputum,,
Tuberculosis,chills,vomiting,fatigue,weight loss,cough,breathlessness,sweating,loss of appetite,mild fever,yellowing of eyes,swelled lymph nodes,malaise,phlegm,chest pain,blood in sputum,,
Tuberculosis,chills,vomiting,fatigue,weight loss,cough,high fever,sweating,loss of appetite,mild fever,yellowing of eyes,swelled lymph nodes,malaise,phlegm,chest pain,blood in sputum,,
Tuberculosis,chills,vomiting,fatigue,weight loss,cough,high fever,breathlessness,loss of appetite,mild fever,yellowing of eyes,swelled lymph nodes,malaise,phlegm,chest pain,blood in sputum,,
Common Cold,continuous sneezing,chills,fatigue,cough,high fever,headache,swelled lymph nodes,malaise,phlegm,throat irritation,redness of eyes,sinus pain,runny nose,congestion,chest pain,loss of smell,muscle pain
Common Cold,continuous sneezing,chills,fatigue,cough,high fever,headache,swelled lymph nodes,malaise,phlegm,throat irritation,redness of eyes,sinus pain,runny nose,congestion,chest pain,loss of smell,muscle pain
Common Cold,chills,fatigue,cough,high fever,headache,swelled lymph nodes,malaise,phlegm,throat irritation,redness of eyes,sinus pain,runny nose,congestion,chest pain,loss of smell,muscle pain,
Common Cold,continuous sneezing,fatigue,cough,high fever,headache,swelled lymph nodes,malaise,phlegm,throat irritation,redness of eyes,sinus pain,runny nose,congestion,chest pain,loss of smell,muscle pain,
Common Cold,continuous sneezing,chills,cough,high fever,headache,swelled lymph nodes,malaise,phlegm,throat irritation,redness of eyes,sinus pain,runny nose,congestion,chest pain,loss of smell,muscle pain,
Common Cold,continuous sneezing,chills,fatigue,high fever,headache,swelled lymph nodes,malaise,phlegm,throat irritation,redness of eyes,sinus pain,runny nose,congestion,chest pain,loss of smell,muscle pain,
Common Cold,continuous sneezing,chills,fatigue,cough,headache,swelled lymph nodes,malaise,phlegm,throat irritation,redness of eyes,sinus pain,runny nose,congestion,chest pain,loss of smell,muscle pain,
Common Cold,continuous sneezing,chills,fatigue,cough,high fever,swelled lymph nodes,malaise,phlegm,throat irritation,redness of eyes,sinus pain,runny nose,congestion,chest pain,loss of smell,muscle pain,
Common Cold,continuous sneezing,chills,fatigue,cough,high fever,headache,malaise,phlegm,throat irritation,redness of eyes,sinus pain,runny nose,congestion,chest pain,loss of smell,muscle pain,
Common Cold,continuous sneezing,chills,fatigue,cough,high fever,headache,swelled lymph nodes,phlegm,throat irritation,redness of eyes,sinus pain,runny nose,congestion,chest pain,loss of smell,muscle pain,
Pneumonia,chills,fatigue,cough,high fever,breathlessness,sweating,malaise,chest pain,fast heart rate,bloody mucus,,,,,,,
Pneumonia,chills,fatigue,cough,high fever,breathlessness,sweating,malaise,phlegm,chest pain,fast heart rate,bloody mucus,,,,,,
Pneumonia,chills,fatigue,cough,high fever,breathlessness,sweating,malaise,phlegm,chest pain,fast heart rate,bloody mucus,,,,,,
Pneumonia,fatigue,cough,high fever,breathlessness,sweating,malaise,phlegm,chest pain,fast heart rate,bloody mucus,,,,,,,
Pneumonia,chills,cough,high fever,breathlessness,sweating,malaise,phlegm,chest pain,fast heart rate,bloody mucus,,,,,,,
Pneumonia,chills,fatigue,high fever,breathlessness,sweating,malaise,phlegm,chest pain,fast heart rate,bloody mucus,,,,,,,
Pneumonia,chills,fatigue,cough,breathlessness,sweating,malaise,phlegm,chest pain,fast heart rate,bloody mucus,,,,,,,
Pneumonia,chills,fatigue,cough,high fever,sweating,malaise,phlegm,chest pain,fast heart rate,bloody mucus,,,,,,,
Pneumonia,chills,fatigue,cough,high fever,breathlessness,malaise,phlegm,chest pain,fast heart rate,bloody mucus,,,,,,,
Pneumonia,chills,fatigue,cough,high fever,breathlessness,sweating,phlegm,chest pain,fast heart rate,bloody mucus,,,,,,,
Dimorphic hemmorhoids(piles),constipation,pain during bowel movements,pain in anal region,bloody stool,irritation in anus,,,,,,,,,,,,
Dimorphic hemmorhoids(piles),constipation,pain during bowel movements,pain in anal region,bloody stool,irritation in anus,,,,,,,,,,,,
Dimorphic hemmorhoids(piles),constipation,pain during bowel movements,pain in anal region,bloody stool,irritation in anus,,,,,,,,,,,,
Dimorphic hemmorhoids(piles),pain during bowel movements,pain in anal region,bloody stool,irritation in anus,,,,,,,,,,,,,
Dimorphic hemmorhoids(piles),constipation,pain in anal region,bloody stool,irritation in anus,,,,,,,,,,,,,
Dimorphic hemmorhoids(piles),constipation,pain during bowel movements,bloody stool,irritation in anus,,,,,,,,,,,,,
Dimorphic hemmorhoids(piles),constipation,pain during bowel movements,pain in anal region,irritation in anus,,,,,,,,,,,,,
Dimorphic hemmorhoids(piles),constipation,pain during bowel movements,pain in anal region,bloody stool,,,,,,,,,,,,,
Dimorphic hemmorhoids(piles),constipation,pain during bowel movements,pain in anal region,bloody stool,irritation in anus,,,,,,,,,,,,
Dimorphic hemmorhoids(piles),constipation,pain during bowel movements,pain in anal region,bloody stool,irritation in anus,,,,,,,,,,,,
Heart attack,vomiting,breathlessness,sweating,chest pain,,,,,,,,,,,,,
Heart attack,vomiting,breathlessness,sweating,chest pain,,,,,,,,,,,,,
Heart attack,breathlessness,sweating,chest pain,,,,,,,,,,,,,,
Heart attack,vomiting,sweating,chest pain,,,,,,,,,,,,,,
Heart attack,vomiting,breathlessness,chest pain,,,,,,,,,,,,,,
Heart attack,vomiting,breathlessness,sweating,,,,,,,,,,,,,,
Heart attack,vomiting,breathlessness,sweating,chest pain,,,,,,,,,,,,,
Heart attack,breathlessness,sweating,chest pain,,,,,,,,,,,,,,
Heart attack,vomiting,sweating,chest pain,,,,,,,,,,,,,,
Heart attack,vomiting,breathlessness,chest pain,,,,,,,,,,,,,,
Varicose veins,fatigue,cramps,bruising,obesity,swollen legs,swollen blood vessels,veins on legs,,,,,,,,,,
Varicose veins,fatigue,cramps,bruising,obesity,swollen legs,swollen blood vessels,veins on legs,,,,,,,,,,
Varicose veins,cramps,bruising,obesity,swollen legs,swollen blood vessels,veins on legs,,,,,,,,,,,
Varicose veins,fatigue,bruising,obesity,swollen legs,swollen blood vessels,veins on legs,,,,,,,,,,,
Varicose veins,fatigue,cramps,obesity,swollen legs,swollen blood vessels,veins on legs,,,,,,,,,,,
Varicose veins,fatigue,cramps,bruising,swollen legs,swollen blood vessels,veins on legs,,,,,,,,,,,
Varicose veins,fatigue,cramps,bruising,obesity,swollen blood vessels,veins on legs,,,,,,,,,,,
Varicose veins,fatigue,cramps,bruising,obesity,swollen legs,veins on legs,,,,,,,,,,,
Varicose veins,fatigue,cramps,bruising,obesity,swollen legs,swollen blood vessels,,,,,,,,,,,
Varicose veins,fatigue,cramps,bruising,obesity,swollen legs,veins on legs,,,,,,,,,,,
Hypothyroidism,fatigue,weight gain,cold hands and feets,mood swings,lethargy,dizziness,puffy face,swollen neck,weak nails,swollen limbs,depression,irritability,irregular periods,,,,
Hypothyroidism,fatigue,weight gain,cold hands and feets,mood swings,lethargy,dizziness,puffy face,swollen neck,weak nails,swollen limbs,depression,irritability,irregular periods,,,,
Hypothyroidism,weight gain,cold hands and feets,mood swings,lethargy,dizziness,puffy face,swollen neck,weak nails,swollen limbs,depression,irritability,irregular periods,,,,,
Hypothyroidism,weight gain,cold hands and feets,mood swings,lethargy,dizziness,puffy face,swollen neck,weak nails,swollen limbs,depression,irritability,irregular periods,,,,,
Hypothyroidism,fatigue,cold hands and feets,mood swings,lethargy,dizziness,puffy face,swollen neck,weak nails,swollen limbs,depression,irritability,irregular periods,,,,,
Hypothyroidism,fatigue,weight gain,mood swings,lethargy,dizziness,puffy face,swollen neck,weak nails,swollen limbs,depression,irritability,irregular periods,,,,,
Hypothyroidism,fatigue,weight gain,cold hands and feets,lethargy,dizziness,puffy face,swollen neck,weak nails,swollen limbs,depression,irritability,irregular periods,,,,,
Hypothyroidism,fatigue,weight gain,cold hands and feets,mood swings,dizziness,puffy face,swollen neck,weak nails,swollen limbs,depression,irritability,irregular periods,,,,,
Hypothyroidism,fatigue,weight gain,cold hands and feets,mood swings,lethargy,puffy face,swollen neck,weak nails,swollen limbs,depression,irritability,irregular periods,,,,,
Hypothyroidism,fatigue,weight gain,cold hands and feets,mood swings,lethargy,dizziness,swollen neck,weak nails,swollen limbs,depression,irritability,irregular periods,,,,,
Hyperthyroidism,fatigue,mood swings,weight loss,restlessness,sweating,diarrhoea,fast heart rate,excessive hunger,muscle weakness,irritability,irregular periods,,,,,,
Hyperthyroidism,fatigue,mood swings,weight loss,restlessness,sweating,diarrhoea,fast heart rate,excessive hunger,muscle weakness,irritability,irregular periods,,,,,,
Hyperthyroidism,mood swings,weight loss,restlessness,sweating,diarrhoea,fast heart rate,excessive hunger,muscle weakness,irritability,irregular periods,,,,,,,
Hyperthyroidism,fatigue,weight loss,restlessness,sweating,diarrhoea,fast heart rate,excessive hunger,muscle weakness,irritability,irregular periods,,,,,,,
Hyperthyroidism,fatigue,mood swings,restlessness,sweating,diarrhoea,fast heart rate,excessive hunger,muscle weakness,irritability,irregular periods,,,,,,,
Hyperthyroidism,fatigue,mood swings,weight loss,sweating,diarrhoea,fast heart rate,excessive hunger,muscle weakness,irritability,irregular periods,,,,,,,
Hyperthyroidism,fatigue,mood swings,weight loss,restlessness,diarrhoea,fast heart rate,excessive hunger,muscle weakness,irritability,irregular periods,,,,,,,
Hyperthyroidism,fatigue,mood swings,weight loss,restlessness,sweating,fast heart rate,excessive hunger,muscle weakness,irritability,irregular periods,,,,,,,
Hyperthyroidism,fatigue,mood swings,weight loss,restlessness,sweating,diarrhoea,excessive hunger,muscle weakness,irritability,irregular periods,,,,,,,
Hyperthyroidism,fatigue,mood swings,weight loss,restlessness,sweating,diarrhoea,fast heart rate,muscle weakness,irritability,irregular periods,,,,,,,
Hypoglycemia,vomiting,fatigue,anxiety,sweating,headache,nausea,blurry vision,excessive hunger,slurring,irritability,fast heart beat,,,,,,
Hypoglycemia,vomiting,fatigue,anxiety,sweating,headache,nausea,blurry vision,excessive hunger,tingling lips,slurring,irritability,fast heart beat,,,,,
Hypoglycemia,vomiting,fatigue,anxiety,sweating,headache,nausea,blurry vision,excessive hunger,tingling lips,slurring,irritability,fast heart beat,,,,,
Hypoglycemia,fatigue,anxiety,sweating,headache,nausea,blurry vision,excessive hunger,tingling lips,slurring,irritability,fast heart beat,,,,,,
Hypoglycemia,vomiting,anxiety,sweating,headache,nausea,blurry vision,excessive hunger,tingling lips,slurring,irritability,fast heart beat,,,,,,
Hypoglycemia,vomiting,fatigue,sweating,headache,nausea,blurry vision,excessive hunger,tingling lips,slurring,irritability,fast heart beat,,,,,,
Hypoglycemia,vomiting,fatigue,anxiety,headache,nausea,blurry vision,excessive hunger,tingling lips,slurring,irritability,fast heart beat,,,,,,
Hypoglycemia,vomiting,fatigue,anxiety,sweating,nausea,blurry vision,excessive hunger,tingling lips,slurring,irritability,fast heart beat,,,,,,
Hypoglycemia,vomiting,fatigue,anxiety,sweating,headache,blurry vision,excessive hunger,tingling lips,slurring,irritability,fast heart beat,,,,,,
Hypoglycemia,vomiting,fatigue,anxiety,sweating,headache,nausea,excessive hunger,tingling lips,slurring,irritability,fast heart beat,,,,,,
Osteoarthristis,joint pain,neck pain,knee pain,hip joint pain,swelling joints,painful walking,,,,,,,,,,,
Osteoarthristis,joint pain,neck pain,knee pain,hip joint pain,swelling joints,painful walking,,,,,,,,,,,
Osteoarthristis,neck pain,knee pain,hip joint pain,swelling joints,painful walking,,,,,,,,,,,,
Osteoarthristis,joint pain,knee pain,hip joint pain,swelling joints,painful walking,,,,,,,,,,,,
Osteoarthristis,joint pain,neck pain,hip joint pain,swelling joints,painful walking,,,,,,,,,,,,
Osteoarthristis,joint pain,neck pain,knee pain,swelling joints,painful walking,,,,,,,,,,,,
Osteoarthristis,joint pain,neck pain,knee pain,hip joint pain,painful walking,,,,,,,,,,,,
Osteoarthristis,joint pain,neck pain,knee pain,hip joint pain,swelling joints,,,,,,,,,,,,
Osteoarthristis,joint pain,neck pain,knee pain,hip joint pain,swelling joints,painful walking,,,,,,,,,,,
Osteoarthristis,joint pain,neck pain,knee pain,hip joint pain,swelling joints,painful walking,,,,,,,,,,,
Arthritis,muscle weakness,stiff neck,swelling joints,movement stiffness,painful walking,,,,,,,,,,,,
Arthritis,muscle weakness,stiff neck,swelling joints,movement stiffness,painful walking,,,,,,,,,,,,
Arthritis,stiff neck,swelling joints,movement stiffness,painful walking,,,,,,,,,,,,,
Arthritis,muscle weakness,swelling joints,movement stiffness,painful walking,,,,,,,,,,,,,
Arthritis,muscle weakness,stiff neck,movement stiffness,painful walking,,,,,,,,,,,,,
Arthritis,muscle weakness,stiff neck,swelling joints,painful walking,,,,,,,,,,,,,
Arthritis,muscle weakness,stiff neck,swelling joints,movement stiffness,painful walking,,,,,,,,,,,,
Arthritis,muscle weakness,stiff neck,swelling joints,movement stiffness,,,,,,,,,,,,,
Arthritis,muscle weakness,stiff neck,swelling joints,movement stiffness,painful walking,,,,,,,,,,,,
Arthritis,muscle weakness,stiff neck,swelling joints,movement stiffness,painful walking,,,,,,,,,,,,
(vertigo) Paroymsal  Positional Vertigo,vomiting,headache,nausea,spinning movements,loss of balance,unsteadiness,,,,,,,,,,,
(vertigo) Paroymsal  Positional Vertigo,vomiting,headache,nausea,spinning movements,loss of balance,unsteadiness,,,,,,,,,,,
(vertigo) Paroymsal  Positional Vertigo,headache,nausea,spinning movements,loss of balance,unsteadiness,,,,,,,,,,,,
(vertigo) Paroymsal  Positional Vertigo,vomiting,nausea,spinning movements,loss of balance,unsteadiness,,,,,,,,,,,,
(vertigo) Paroymsal  Positional Vertigo,vomiting,headache,spinning movements,loss of balance,unsteadiness,,,,,,,,,,,,
(vertigo) Paroymsal  Positional Vertigo,vomiting,headache,nausea,loss of balance,unsteadiness,,,,,,,,,,,,
(vertigo) Paroymsal  Positional Vertigo,vomiting,headache,nausea,spinning movements,unsteadiness,,,,,,,,,,,,
(vertigo) Paroymsal  Positional Vertigo,vomiting,headache,nausea,spinning movements,loss of balance,,,,,,,,,,,,
(vertigo) Paroymsal  Positional Vertigo,vomiting,headache,nausea,spinning movements,loss of balance,unsteadiness,,,,,,,,,,,
(vertigo) Paroymsal  Positional Vertigo,vomiting,headache,nausea,loss of balance,unsteadiness,,,,,,,,,,,,
Acne,skin rash,pus filled pimples,blackheads,scurring,,,,,,,,,,,,,
Acne,skin rash,pus filled pimples,blackheads,scurring,,,,,,,,,,,,,
Acne,pus filled pimples,blackheads,scurring,,,,,,,,,,,,,,
Acne,skin rash,blackheads,scurring,,,,,,,,,,,,,,
Acne,skin rash,pus filled pimples,scurring,,,,,,,,,,,,,,
Acne,skin rash,pus filled pimples,blackheads,,,,,,,,,,,,,,
Acne,skin rash,pus filled pimples,blackheads,scurring,,,,,,,,,,,,,
Acne,skin rash,pus filled pimples,blackheads,,,,,,,,,,,,,,
Acne,skin rash,pus filled pimples,scurring,,,,,,,,,,,,,,
Acne,skin rash,blackheads,scurring,,,,,,,,,,,,,,
Urinary tract infection,burning pee,bladder discomfort,foul smell of urine,need to pee,,,,,,,,,,,,,
Urinary tract infection,burning pee,bladder discomfort,foul smell of urine,need to pee,,,,,,,,,,,,,
Urinary tract infection,bladder discomfort,foul smell of urine,need to pee,,,,,,,,,,,,,,
Urinary tract infection,burning pee,foul smell of urine,need to pee,,,,,,,,,,,,,,
Urinary tract infection,burning pee,bladder discomfort,need to pee,,,,,,,,,,,,,,
Urinary tract infection,burning pee,bladder discomfort,foul smell of urine,,,,,,,,,,,,,,
Urinary tract infection,burning pee,bladder discomfort,foul smell of urine,need to pee,,,,,,,,,,,,,
Urinary tract infection,burning pee,bladder discomfort,need to pee,,,,,,,,,,,,,,
Urinary tract infection,bladder discomfort,foul smell of urine,need to pee,,,,,,,,,,,,,,
Urinary tract infection,burning pee,bladder discomfort,need to pee,,,,,,,,,,,,,,
Psoriasis,skin rash,joint pain,skin peeling,silver like dusting,small dents in nails,inflammatory nails,,,,,,,,,,,
Psoriasis,skin rash,joint pain,skin peeling,silver like dusting,small dents in nails,inflammatory nails,,,,,,,,,,,
Psoriasis,joint pain,skin peeling,silver like dusting,small dents in nails,inflammatory nails,,,,,,,,,,,,
Psoriasis,skin rash,skin peeling,silver like dusting,small dents in nails,inflammatory nails,,,,,,,,,,,,
Psoriasis,skin rash,joint pain,silver like dusting,small dents in nails,inflammatory nails,,,,,,,,,,,,
Psoriasis,skin rash,joint pain,skin peeling,small dents in nails,inflammatory nails,,,,,,,,,,,,
Psoriasis,skin rash,joint pain,skin peeling,silver like dusting,inflammatory nails,,,,,,,,,,,,
Psoriasis,skin rash,joint pain,skin peeling,silver like dusting,small dents in nails,,,,,,,,,,,,
Psoriasis,skin rash,joint pain,skin peeling,silver like dusting,small dents in nails,inflammatory nails,,,,,,,,,,,
Psoriasis,skin rash,joint pain,skin peeling,silver like dusting,small dents in nails,inflammatory nails,,,,,,,,,,,
Impetigo,skin rash,high fever,blister,red sore around nose,yellow crust ooze,,,,,,,,,,,,
Impetigo,skin rash,high fever,blister,red sore around nose,yellow crust ooze,,,,,,,,,,,,
Impetigo,high fever,blister,red sore around nose,yellow crust ooze,,,,,,,,,,,,,
Impetigo,skin rash,blister,red sore around nose,yellow crust ooze,,,,,,,,,,,,,
Impetigo,skin rash,blister,red sore around nose,yellow crust ooze,,,,,,,,,,,,,
Impetigo,skin rash,high fever,red sore around nose,yellow crust ooze,,,,,,,,,,,,,
Impetigo,skin rash,high fever,blister,yellow crust ooze,,,,,,,,,,,,,
Impetigo,skin rash,high fever,blister,red sore around nose,,,,,,,,,,,,,
Impetigo,skin rash,high fever,blister,red sore around nose,yellow crust ooze,,,,,,,,,,,,
Impetigo,skin rash,blister,red sore around nose,yellow crust ooze,,,,,,,,,,,,,
Fungal infection,itching,skin rash,skin bumps,discolored skin patches,,,,,,,,,,,,,
Fungal infection,skin rash,skin bumps,discolored skin patches,,,,,,,,,,,,,,
Fungal infection,itching,skin bumps,discolored skin patches,,,,,,,,,,,,,,
Fungal infection,itching,skin rash,discolored skin patches,,,,,,,,,,,,,,
Fungal infection,itching,skin rash,skin bumps,,,,,,,,,,,,,,
Fungal infection,skin rash,skin bumps,discolored skin patches,,,,,,,,,,,,,,
Fungal infection,itching,skin bumps,discolored skin patches,,,,,,,,,,,,,,
Fungal infection,itching,skin rash,discolored skin patches,,,,,,,,,,,,,,
Fungal infection,itching,skin rash,skin bumps,,,,,,,,,,,,,,
Fungal infection,itching,skin rash,skin bumps,discolored skin patches,,,,,,,,,,,,,
Allergy,continuous sneezing,shivering,chills,watery eyes,,,,,,,,,,,,,
Allergy,shivering,chills,watery eyes,,,,,,,,,,,,,,
Allergy,continuous sneezing,chills,watery eyes,,,,,,,,,,,,,,
Allergy,continuous sneezing,shivering,watery eyes,,,,,,,,,,,,,,
Allergy,continuous sneezing,shivering,chills,,,,,,,,,,,,,,
Allergy,shivering,chills,watery eyes,,,,,,,,,,,,,,
Allergy,continuous sneezing,chills,watery eyes,,,,,,,,,,,,,,
Allergy,continuous sneezing,shivering,watery eyes,,,,,,,,,,,,,,
Allergy,continuous sneezing,shivering,chills,,,,,,,,,,,,,,
Allergy,continuous sneezing,shivering,chills,watery eyes,,,,,,,,,,,,,
GERD,stomach pain,acidity,ulcers on tongue,vomiting,cough,chest pain,,,,,,,,,,,
GERD,stomach pain,ulcers on tongue,vomiting,cough,chest pain,,,,,,,,,,,,
GERD,stomach pain,acidity,vomiting,cough,chest pain,,,,,,,,,,,,
GERD,stomach pain,acidity,ulcers on tongue,cough,chest pain,,,,,,,,,,,,
GERD,stomach pain,acidity,ulcers on tongue,vomiting,chest pain,,,,,,,,,,,,
GERD,stomach pain,acidity,ulcers on tongue,vomiting,cough,,,,,,,,,,,,
GERD,acidity,ulcers on tongue,vomiting,cough,chest pain,,,,,,,,,,,,
GERD,stomach pain,ulcers on tongue,vomiting,cough,chest pain,,,,,,,,,,,,
GERD,stomach pain,acidity,vomiting,cough,chest pain,,,,,,,,,,,,
GERD,stomach pain,acidity,ulcers on tongue,cough,chest pain,,,,,,,,,,,,
Chronic cholestasis,itching,vomiting,yellowish skin,nausea,loss of appetite,abdominal pain,yellowing of eyes,,,,,,,,,,
Chronic cholestasis,vomiting,yellowish skin,nausea,loss of appetite,abdominal pain,yellowing of eyes,,,,,,,,,,,
Chronic cholestasis,itching,yellowish skin,nausea,loss of appetite,abdominal pain,yellowing of eyes,,,,,,,,,,,
Chronic cholestasis,itching,vomiting,nausea,loss of appetite,abdominal pain,yellowing of eyes,,,,,,,,,,,
Chronic cholestasis,itching,vomiting,yellowish skin,loss of appetite,abdominal pain,yellowing of eyes,,,,,,,,,,,
Chronic cholestasis,itching,vomiting,yellowish skin,nausea,abdominal pain,yellowing of eyes,,,,,,,,,,,
Chronic cholestasis,itching,vomiting,yellowish skin,nausea,loss of appetite,yellowing of eyes,,,,,,,,,,,
Chronic cholestasis,itching,vomiting,yellowish skin,nausea,loss of appetite,abdominal pain,,,,,,,,,,,
Chronic cholestasis,itching,vomiting,yellowish skin,nausea,loss of appetite,abdominal pain,yellowing of eyes,,,,,,,,,,
Chronic cholestasis,itching,vomiting,yellowish skin,nausea,loss of appetite,abdominal pain,yellowing of eyes,,,,,,,,,,
Drug Reaction,itching,skin rash,stomach pain,burning pee,spotting urine,,,,,,,,,,,,
Drug Reaction,itching,stomach pain,burning pee,spotting urine,,,,,,,,,,,,,
Drug Reaction,itching,skin rash,burning pee,spotting urine,,,,,,,,,,,,,
Drug Reaction,itching,skin rash,stomach pain,spotting urine,,,,,,,,,,,,,
Drug Reaction,itching,skin rash,stomach pain,burning pee,,,,,,,,,,,,,
Drug Reaction,skin rash,stomach pain,burning pee,spotting urine,,,,,,,,,,,,,
Drug Reaction,itching,stomach pain,burning pee,spotting urine,,,,,,,,,,,,,
Drug Reaction,itching,skin rash,burning pee,spotting urine,,,,,,,,,,,,,
Drug Reaction,itching,skin rash,stomach pain,spotting urine,,,,,,,,,,,,,
Drug Reaction,itching,skin rash,stomach pain,burning pee,,,,,,,,,,,,,
Peptic ulcer diseae,vomiting,loss of appetite,abdominal pain,farting,itching inside,,,,,,,,,,,,
Peptic ulcer diseae,vomiting,indigestion,abdominal pain,farting,itching inside,,,,,,,,,,,,
Peptic ulcer diseae,indigestion,loss of appetite,abdominal pain,farting,itching inside,,,,,,,,,,,,
Peptic ulcer diseae,vomiting,loss of appetite,abdominal pain,farting,itching inside,,,,,,,,,,,,
Peptic ulcer diseae,vomiting,indigestion,abdominal pain,farting,itching inside,,,,,,,,,,,,
Peptic ulcer diseae,vomiting,indigestion,loss of appetite,farting,itching inside,,,,,,,,,,,,
Peptic ulcer diseae,vomiting,indigestion,loss of appetite,abdominal pain,itching inside,,,,,,,,,,,,
Peptic ulcer diseae,vomiting,indigestion,loss of appetite,abdominal pain,farting,,,,,,,,,,,,
Peptic ulcer diseae,vomiting,indigestion,loss of appetite,abdominal pain,farting,itching inside,,,,,,,,,,,
Peptic ulcer diseae,vomiting,indigestion,loss of appetite,abdominal pain,farting,itching inside,,,,,,,,,,,
AIDS,muscle wasting,patches in throat,high fever,extra marital contacts,,,,,,,,,,,,,
AIDS,patches in throat,high fever,extra marital contacts,,,,,,,,,,,,,,
AIDS,muscle wasting,high fever,extra marital contacts,,,,,,,,,,,,,,
AIDS,muscle wasting,patches in throat,extra marital contacts,,,,,,,,,,,,,,
AIDS,muscle wasting,patches in throat,high fever,,,,,,,,,,,,,,
AIDS,muscle wasting,patches in throat,high fever,extra marital contacts,,,,,,,,,,,,,
AIDS,muscle wasting,patches in throat,high fever,extra marital contacts,,,,,,,,,,,,,
AIDS,patches in throat,high fever,extra marital contacts,,,,,,,,,,,,,,
AIDS,muscle wasting,high fever,extra marital contacts,,,,,,,,,,,,,,
AIDS,muscle wasting,patches in throat,high fever,,,,,,,,,,,,,,
Diabetes ,fatigue,weight loss,restlessness,lethargy,irregular sugar level,blurry vision,obesity,excessive hunger,increased appetite,peeing a lot,,,,,,,
Diabetes ,fatigue,weight loss,restlessness,lethargy,irregular sugar level,blurry vision,obesity,excessive hunger,increased appetite,peeing a lot,,,,,,,
Diabetes ,weight loss,restlessness,lethargy,irregular sugar level,blurry vision,obesity,excessive hunger,increased appetite,peeing a lot,,,,,,,,
Diabetes ,fatigue,restlessness,lethargy,irregular sugar level,blurry vision,obesity,excessive hunger,increased appetite,peeing a lot,,,,,,,,
Diabetes ,fatigue,weight loss,lethargy,irregular sugar level,blurry vision,obesity,excessive hunger,increased appetite,peeing a lot,,,,,,,,
Diabetes ,fatigue,weight loss,restlessness,irregular sugar level,blurry vision,obesity,excessive hunger,increased appetite,peeing a lot,,,,,,,,
Diabetes ,fatigue,weight loss,restlessness,lethargy,blurry vision,obesity,excessive hunger,increased appetite,peeing a lot,,,,,,,,
Diabetes ,fatigue,weight loss,restlessness,lethargy,irregular sugar level,obesity,excessive hunger,increased appetite,peeing a lot,,,,,,,,
Diabetes ,fatigue,weight loss,restlessness,lethargy,irregular sugar level,blurry vision,excessive hunger,increased appetite,peeing a lot,,,,,,,,
Diabetes ,fatigue,weight loss,restlessness,lethargy,irregular sugar level,blurry vision,obesity,increased appetite,peeing a lot,,,,,,,,
Gastroenteritis,vomiting,sunken eyes,dehydration,diarrhoea,,,,,,,,,,,,,
Gastroenteritis,vomiting,sunken eyes,dehydration,diarrhoea,,,,,,,,,,,,,
Gastroenteritis,sunken eyes,dehydration,diarrhoea,,,,,,,,,,,,,,
Gastroenteritis,vomiting,dehydration,diarrhoea,,,,,,,,,,,,,,
Gastroenteritis,vomiting,sunken eyes,diarrhoea,,,,,,,,,,,,,,
Gastroenteritis,vomiting,sunken eyes,dehydration,,,,,,,,,,,,,,
Gastroenteritis,vomiting,sunken eyes,dehydration,diarrhoea,,,,,,,,,,,,,
Gastroenteritis,sunken eyes,dehydration,diarrhoea,,,,,,,,,,,,,,
Gastroenteritis,vomiting,dehydration,diarrhoea,,,,,,,,,,,,,,
Gastroenteritis,vomiting,sunken eyes,diarrhoea,,,,,,,,,,,,,,
Bronchial Asthma,fatigue,cough,high fever,breathlessness,family history,mucus,,,,,,,,,,,
Bronchial Asthma,cough,high fever,breathlessness,family history,mucus,,,,,,,,,,,,
Bronchial Asthma,fatigue,high fever,breathlessness,family history,mucus,,,,,,,,,,,,
Bronchial Asthma,fatigue,cough,breathlessness,family history,mucus,,,,,,,,,,,,
Bronchial Asthma,fatigue,cough,high fever,family history,mucus,,,,,,,,,,,,
Bronchial Asthma,fatigue,cough,high fever,breathlessness,mucus,,,,,,,,,,,,
Bronchial Asthma,fatigue,cough,high fever,breathlessness,family history,,,,,,,,,,,,
Bronchial Asthma,fatigue,cough,high fever,breathlessness,family history,mucus,,,,,,,,,,,
Bronchial Asthma,cough,high fever,breathlessness,family history,mucus,,,,,,,,,,,,
Bronchial Asthma,fatigue,high fever,breathlessness,family history,mucus,,,,,,,,,,,,
Hypertension ,headache,chest pain,dizziness,loss of balance,lack of concentration,,,,,,,,,,,,
Hypertension ,chest pain,dizziness,loss of balance,lack of concentration,,,,,,,,,,,,,
Hypertension ,headache,dizziness,loss of balance,lack of concentration,,,,,,,,,,,,,
Hypertension ,headache,chest pain,loss of balance,lack of concentration,,,,,,,,,,,,,
Hypertension ,headache,chest pain,dizziness,lack of concentration,,,,,,,,,,,,,
Hypertension ,headache,chest pain,dizziness,loss of balance,,,,,,,,,,,,,
Hypertension ,headache,chest pain,dizziness,loss of balance,lack of concentration,,,,,,,,,,,,
Hypertension ,chest pain,dizziness,loss of balance,lack of concentration,,,,,,,,,,,,,
Hypertension ,headache,dizziness,loss of balance,lack of concentration,,,,,,,,,,,,,
Hypertension ,headache,chest pain,loss of balance,lack of concentration,,,,,,,,,,,,,
Migraine,acidity,indigestion,headache,blurry vision,excessive hunger,stiff neck,depression,irritability,visual disturbances,,,,,,,,
Migraine,indigestion,headache,blurry vision,excessive hunger,stiff neck,depression,irritability,visual disturbances,,,,,,,,,
Migraine,acidity,headache,blurry vision,excessive hunger,stiff neck,depression,irritability,visual disturbances,,,,,,,,,
Migraine,acidity,indigestion,blurry vision,excessive hunger,stiff neck,depression,irritability,visual disturbances,,,,,,,,,
Migraine,acidity,indigestion,headache,excessive hunger,stiff neck,depression,irritability,visual disturbances,,,,,,,,,
Migraine,acidity,indigestion,headache,blurry vision,stiff neck,depression,irritability,visual disturbances,,,,,,,,,
Migraine,acidity,indigestion,headache,blurry vision,excessive hunger,depression,irritability,visual disturbances,,,,,,,,,
Migraine,acidity,indigestion,headache,blurry vision,excessive hunger,stiff neck,irritability,visual disturbances,,,,,,,,,
Migraine,acidity,indigestion,headache,blurry vision,excessive hunger,stiff neck,depression,visual disturbances,,,,,,,,,
Migraine,acidity,indigestion,headache,blurry vision,excessive hunger,stiff neck,depression,irritability,,,,,,,,,
Cervical spondylosis,back pain,weakness in limbs,neck pain,dizziness,loss of balance,,,,,,,,,,,,
Cervical spondylosis,back pain,weakness in limbs,neck pain,dizziness,loss of balance,,,,,,,,,,,,
Cervical spondylosis,weakness in limbs,neck pain,dizziness,loss of balance,,,,,,,,,,,,,
Cervical spondylosis,back pain,neck pain,dizziness,loss of balance,,,,,,,,,,,,,
Cervical spondylosis,back pain,weakness in limbs,dizziness,loss of balance,,,,,,,,,,,,,
Cervical spondylosis,back pain,weakness in limbs,neck pain,loss of balance,,,,,,,,,,,,,
Cervical spondylosis,back pain,weakness in limbs,neck pain,dizziness,,,,,,,,,,,,,
Cervical spondylosis,back pain,weakness in limbs,neck pain,dizziness,loss of balance,,,,,,,,,,,,
Cervical spondylosis,weakness in limbs,neck pain,dizziness,loss of balance,,,,,,,,,,,,,
Cervical spondylosis,back pain,neck pain,dizziness,loss of balance,,,,,,,,,,,,,
Paralysis (brain hemorrhage),vomiting,headache,weakness of one body side,confusion,,,,,,,,,,,,,
Paralysis (brain hemorrhage),vomiting,headache,weakness of one body side,confusion,,,,,,,,,,,,,
Paralysis (brain hemorrhage),headache,weakness of one body side,confusion,,,,,,,,,,,,,,
Paralysis (brain hemorrhage),vomiting,weakness of one body side,confusion,,,,,,,,,,,,,,
Paralysis (brain hemorrhage),vomiting,headache,confusion,,,,,,,,,,,,,,
Paralysis (brain hemorrhage),vomiting,headache,weakness of one body side,,,,,,,,,,,,,,
Paralysis (brain hemorrhage),vomiting,headache,weakness of one body side,confusion,,,,,,,,,,,,,
Paralysis (brain hemorrhage),headache,weakness of one body side,confusion,,,,,,,,,,,,,,
Paralysis (brain hemorrhage),vomiting,weakness of one body side,confusion,,,,,,,,,,,,,,
Paralysis (brain hemorrhage),vomiting,headache,confusion,,,,,,,,,,,,,,
Jaundice,itching,vomiting,fatigue,weight loss,high fever,yellowish skin,dark urine,abdominal pain,,,,,,,,,
Jaundice,itching,vomiting,fatigue,weight loss,high fever,yellowish skin,dark urine,abdominal pain,,,,,,,,,
Jaundice,vomiting,fatigue,weight loss,high fever,yellowish skin,dark urine,abdominal pain,,,,,,,,,,
Jaundice,itching,fatigue,weight loss,high fever,yellowish skin,dark urine,abdominal pain,,,,,,,,,,
Jaundice,itching,vomiting,weight loss,high fever,yellowish skin,dark urine,abdominal pain,,,,,,,,,,
Jaundice,itching,vomiting,fatigue,high fever,yellowish skin,dark urine,abdominal pain,,,,,,,,,,
Jaundice,itching,vomiting,fatigue,weight loss,yellowish skin,dark urine,abdominal pain,,,,,,,,,,
Jaundice,itching,vomiting,fatigue,weight loss,high fever,dark urine,abdominal pain,,,,,,,,,,
Jaundice,itching,vomiting,fatigue,weight loss,high fever,yellowish skin,abdominal pain,,,,,,,,,,
Jaundice,itching,vomiting,fatigue,weight loss,high fever,yellowish skin,dark urine,,,,,,,,,,
Malaria,chills,vomiting,high fever,sweating,headache,nausea,muscle pain,,,,,,,,,,
Malaria,chills,vomiting,high fever,sweating,headache,nausea,diarrhoea,muscle pain,,,,,,,,,
Malaria,chills,vomiting,high fever,sweating,headache,nausea,diarrhoea,muscle pain,,,,,,,,,
Malaria,vomiting,high fever,sweating,headache,nausea,diarrhoea,muscle pain,,,,,,,,,,
Malaria,chills,high fever,sweating,headache,nausea,diarrhoea,muscle pain,,,,,,,,,,
Malaria,chills,vomiting,sweating,headache,nausea,diarrhoea,muscle pain,,,,,,,,,,
Malaria,chills,vomiting,high fever,headache,nausea,diarrhoea,muscle pain,,,,,,,,,,
Malaria,chills,vomiting,high fever,sweating,nausea,diarrhoea,muscle pain,,,,,,,,,,
Malaria,chills,vomiting,high fever,sweating,headache,diarrhoea,muscle pain,,,,,,,,,,
Malaria,chills,vomiting,high fever,sweating,headache,nausea,muscle pain,,,,,,,,,,
Chicken pox,itching,skin rash,fatigue,lethargy,high fever,headache,loss of appetite,mild fever,swelled lymph nodes,malaise,red spots over body,,,,,,
Chicken pox,skin rash,fatigue,lethargy,high fever,headache,loss of appetite,mild fever,swelled lymph nodes,malaise,red spots over body,,,,,,,
Chicken pox,itching,fatigue,lethargy,high fever,headache,loss of appetite,mild fever,swelled lymph nodes,malaise,red spots over body,,,,,,,
Chicken pox,itching,skin rash,lethargy,high fever,headache,loss of appetite,mild fever,swelled lymph nodes,malaise,red spots over body,,,,,,,
Chicken pox,itching,skin rash,fatigue,high fever,headache,loss of appetite,mild fever,swelled lymph nodes,malaise,red spots over body,,,,,,,
Chicken pox,itching,skin rash,fatigue,lethargy,headache,loss of appetite,mild fever,swelled lymph nodes,malaise,red spots over body,,,,,,,
Chicken pox,itching,skin rash,fatigue,lethargy,high fever,loss of appetite,mild fever,swelled lymph nodes,malaise,red spots over body,,,,,,,
Chicken pox,itching,skin rash,fatigue,lethargy,high fever,headache,mild fever,swelled lymph nodes,malaise,red spots over body,,,,,,,
Chicken pox,itching,skin rash,fatigue,lethargy,high fever,headache,loss of appetite,swelled lymph nodes,malaise,red spots over body,,,,,,,
Chicken pox,itching,skin rash,fatigue,lethargy,high fever,headache,loss of appetite,mild fever,malaise,red spots over body,,,,,,,
Dengue,skin rash,chills,joint pain,vomiting,fatigue,high fever,headache,nausea,loss of appetite,pain behind the eyes,back pain,muscle pain,red spots over body,,,,
Dengue,skin rash,chills,joint pain,vomiting,fatigue,high fever,headache,nausea,loss of appetite,pain behind the eyes,back pain,malaise,red spots over body,,,,
Dengue,skin rash,chills,joint pain,vomiting,fatigue,high fever,headache,nausea,loss of appetite,pain behind the eyes,back pain,malaise,muscle pain,,,,
Dengue,skin rash,chills,joint pain,vomiting,fatigue,high fever,headache,nausea,loss of appetite,pain behind the eyes,back pain,malaise,muscle pain,red spots over body,,,
Dengue,chills,joint pain,vomiting,fatigue,high fever,headache,nausea,loss of appetite,pain behind the eyes,back pain,malaise,muscle pain,red spots over body,,,,
Dengue,skin rash,joint pain,vomiting,fatigue,high fever,headache,nausea,loss of appetite,pain behind the eyes,back pain,malaise,muscle pain,red spots over body,,,,
Dengue,skin rash,chills,vomiting,fatigue,high fever,headache,nausea,loss of appetite,pain behind the eyes,back pain,malaise,muscle pain,red spots over body,,,,
Dengue,skin rash,chills,joint pain,fatigue,high fever,headache,nausea,loss of appetite,pain behind the eyes,back pain,malaise,muscle pain,red spots over body,,,,
Dengue,skin rash,chills,joint pain,vomiting,high fever,headache,nausea,loss of appetite,pain behind the eyes,back pain,malaise,muscle pain,red spots over body,,,,
Dengue,skin rash,chills,joint pain,vomiting,fatigue,headache,nausea,loss of appetite,pain behind the eyes,back pain,malaise,muscle pain,red spots over body,,,,
Typhoid,chills,vomiting,fatigue,high fever,nausea,constipation,abdominal pain,diarrhoea,sickly look,belly pain,,,,,,,
Typhoid,chills,vomiting,fatigue,high fever,headache,constipation,abdominal pain,diarrhoea,sickly look,belly pain,,,,,,,
Typhoid,chills,vomiting,fatigue,high fever,headache,nausea,abdominal pain,diarrhoea,sickly look,belly pain,,,,,,,
Typhoid,chills,vomiting,fatigue,high fever,headache,nausea,constipation,diarrhoea,sickly look,belly pain,,,,,,,
Typhoid,chills,vomiting,fatigue,high fever,headache,nausea,constipation,abdominal pain,sickly look,belly pain,,,,,,,
Typhoid,chills,vomiting,fatigue,high fever,headache,nausea,constipation,abdominal pain,diarrhoea,belly pain,,,,,,,
Typhoid,chills,vomiting,fatigue,high fever,headache,nausea,constipation,abdominal pain,diarrhoea,sickly look,,,,,,,
Typhoid,chills,vomiting,fatigue,high fever,headache,nausea,constipation,abdominal pain,diarrhoea,sickly look,belly pain,,,,,,
Typhoid,chills,vomiting,fatigue,high fever,headache,nausea,constipation,abdominal pain,diarrhoea,sickly look,belly pain,,,,,,
Typhoid,chills,fatigue,high fever,headache,nausea,constipation,abdominal pain,diarrhoea,sickly look,belly pain,,,,,,,
hepatitis A,joint pain,vomiting,yellowish skin,dark urine,nausea,loss of appetite,abdominal pain,diarrhoea,mild fever,yellowing of eyes,muscle pain,,,,,,
hepatitis A,joint pain,vomiting,yellowish skin,dark urine,nausea,loss of appetite,abdominal pain,diarrhoea,mild fever,yellowing of eyes,muscle pain,,,,,,
hepatitis A,vomiting,yellowish skin,dark urine,nausea,loss of appetite,abdominal pain,diarrhoea,mild fever,yellowing of eyes,muscle pain,,,,,,,
hepatitis A,joint pain,yellowish skin,dark urine,nausea,loss of appetite,abdominal pain,diarrhoea,mild fever,yellowing of eyes,muscle pain,,,,,,,
hepatitis A,joint pain,vomiting,dark urine,nausea,loss of appetite,abdominal pain,diarrhoea,mild fever,yellowing of eyes,muscle pain,,,,,,,
hepatitis A,joint pain,vomiting,yellowish skin,nausea,loss of appetite,abdominal pain,diarrhoea,mild fever,yellowing of eyes,muscle pain,,,,,,,
hepatitis A,joint pain,vomiting,yellowish skin,dark urine,loss of appetite,abdominal pain,diarrhoea,mild fever,yellowing of eyes,muscle pain,,,,,,,
hepatitis A,joint pain,vomiting,yellowish skin,dark urine,nausea,abdominal pain,diarrhoea,mild fever,yellowing of eyes,muscle pain,,,,,,,
hepatitis A,joint pain,vomiting,yellowish skin,dark urine,nausea,loss of appetite,diarrhoea,mild fever,yellowing of eyes,muscle pain,,,,,,,
hepatitis A,joint pain,vomiting,yellowish skin,dark urine,nausea,loss of appetite,abdominal pain,mild fever,yellowing of eyes,muscle pain,,,,,,,
Hepatitis B,itching,fatigue,lethargy,yellowish skin,dark urine,loss of appetite,abdominal pain,yellow urine,yellowing of eyes,malaise,blood transfusion,injections,,,,,
Hepatitis B,itching,fatigue,lethargy,yellowish skin,dark urine,loss of appetite,abdominal pain,yellow urine,yellowing of eyes,malaise,blood transfusion,injections,,,,,
Hepatitis B,fatigue,lethargy,yellowish skin,dark urine,loss of appetite,abdominal pain,yellow urine,yellowing of eyes,malaise,blood transfusion,injections,,,,,,
Hepatitis B,itching,lethargy,yellowish skin,dark urine,loss of appetite,abdominal pain,yellow urine,yellowing of eyes,malaise,blood transfusion,injections,,,,,,
Hepatitis B,itching,fatigue,yellowish skin,dark urine,loss of appetite,abdominal pain,yellow urine,yellowing of eyes,malaise,blood transfusion,injections,,,,,,
Hepatitis B,itching,fatigue,lethargy,dark urine,loss of appetite,abdominal pain,yellow urine,yellowing of eyes,malaise,blood transfusion,injections,,,,,,
Hepatitis B,itching,fatigue,lethargy,yellowish skin,loss of appetite,abdominal pain,yellow urine,yellowing of eyes,malaise,blood transfusion,injections,,,,,,
Hepatitis B,itching,fatigue,lethargy,yellowish skin,dark urine,abdominal pain,yellow urine,yellowing of eyes,malaise,blood transfusion,injections,,,,,,
Hepatitis B,itching,fatigue,lethargy,yellowish skin,dark urine,loss of appetite,yellow urine,yellowing of eyes,malaise,blood transfusion,injections,,,,,,
Hepatitis B,itching,fatigue,lethargy,yellowish skin,dark urine,loss of appetite,abdominal pain,yellowing of eyes,malaise,blood transfusion,injections,,,,,,
Hepatitis C,fatigue,yellowish skin,nausea,loss of appetite,family history,,,,,,,,,,,,
Hepatitis C,fatigue,yellowish skin,nausea,loss of appetite,yellowing of eyes,family history,,,,,,,,,,,
Hepatitis C,yellowish skin,nausea,loss of appetite,yellowing of eyes,family history,,,,,,,,,,,,
Hepatitis C,fatigue,nausea,loss of appetite,yellowing of eyes,family history,,,,,,,,,,,,
Hepatitis C,fatigue,yellowish skin,loss of appetite,yellowing of eyes,family history,,,,,,,,,,,,
Hepatitis C,fatigue,yellowish skin,nausea,yellowing of eyes,family history,,,,,,,,,,,,
Hepatitis C,fatigue,yellowish skin,nausea,loss of appetite,family history,,,,,,,,,,,,
Hepatitis C,fatigue,yellowish skin,nausea,loss of appetite,yellowing of eyes,,,,,,,,,,,,
Hepatitis C,fatigue,yellowish skin,nausea,loss of appetite,yellowing of eyes,family history,,,,,,,,,,,
Hepatitis C,fatigue,yellowish skin,nausea,loss of appetite,yellowing of eyes,family history,,,,,,,,,,,
Hepatitis D,joint pain,vomiting,fatigue,yellowish skin,dark urine,nausea,loss of appetite,abdominal pain,yellowing of eyes,,,,,,,,
Hepatitis D,vomiting,fatigue,yellowish skin,dark urine,nausea,loss of appetite,abdominal pain,yellowing of eyes,,,,,,,,,
Hepatitis D,joint pain,fatigue,yellowish skin,dark urine,nausea,loss of appetite,abdominal pain,yellowing of eyes,,,,,,,,,
Hepatitis D,joint pain,vomiting,yellowish skin,dark urine,nausea,loss of appetite,abdominal pain,yellowing of eyes,,,,,,,,,
Hepatitis D,joint pain,vomiting,fatigue,dark urine,nausea,loss of appetite,abdominal pain,yellowing of eyes,,,,,,,,,
Hepatitis D,joint pain,vomiting,fatigue,yellowish skin,nausea,loss of appetite,abdominal pain,yellowing of eyes,,,,,,,,,
Hepatitis D,joint pain,vomiting,fatigue,yellowish skin,dark urine,loss of appetite,abdominal pain,yellowing of eyes,,,,,,,,,
Hepatitis D,joint pain,vomiting,fatigue,yellowish skin,dark urine,nausea,abdominal pain,yellowing of eyes,,,,,,,,,
Hepatitis D,joint pain,vomiting,fatigue,yellowish skin,dark urine,nausea,loss of appetite,yellowing of eyes,,,,,,,,,
Hepatitis D,joint pain,vomiting,fatigue,yellowish skin,dark urine,nausea,loss of appetite,abdominal pain,,,,,,,,,
Hepatitis E,joint pain,vomiting,fatigue,high fever,yellowish skin,dark urine,nausea,loss of appetite,abdominal pain,yellowing of eyes,unconscious,blood in vomit,,,,,
Hepatitis E,joint pain,vomiting,fatigue,high fever,yellowish skin,dark urine,nausea,loss of appetite,abdominal pain,yellowing of eyes,acute liver failure,unconscious,blood in vomit,,,,
Hepatitis E,joint pain,vomiting,fatigue,high fever,yellowish skin,dark urine,nausea,loss of appetite,abdominal pain,yellowing of eyes,acute liver failure,unconscious,blood in vomit,,,,
Hepatitis E,vomiting,fatigue,high fever,yellowish skin,dark urine,nausea,loss of appetite,abdominal pain,yellowing of eyes,acute liver failure,unconscious,blood in vomit,,,,,
Hepatitis E,joint pain,fatigue,high fever,yellowish skin,dark urine,nausea,loss of appetite,abdominal pain,yellowing of eyes,acute liver failure,unconscious,blood in vomit,,,,,
Hepatitis E,joint pain,vomiting,high fever,yellowish skin,dark urine,nausea,loss of appetite,abdominal pain,yellowing of eyes,acute liver failure,unconscious,blood in vomit,,,,,
Hepatitis E,joint pain,vomiting,fatigue,yellowish skin,dark urine,nausea,loss of appetite,abdominal pain,yellowing of eyes,acute liver failure,unconscious,blood in vomit,,,,,
Hepatitis E,joint pain,vomiting,fatigue,high fever,dark urine,nausea,loss of appetite,abdominal pain,yellowing of eyes,acute liver failure,unconscious,blood in vomit,,,,,
Hepatitis E,joint pain,vomiting,fatigue,high fever,yellowish skin,nausea,loss of appetite,abdominal pain,yellowing of eyes,acute liver failure,unconscious,blood in vomit,,,,,
Hepatitis E,joint pain,vomiting,fatigue,high fever,yellowish skin,dark urine,loss of appetite,abdominal pain,yellowing of eyes,acute liver failure,unconscious,blood in vomit,,,,,
Alcoholic hepatitis,vomiting,yellowish skin,abdominal pain,swelling of stomach,bloated stomach,alcohol use,swelling,,,,,,,,,,
Alcoholic hepatitis,vomiting,yellowish skin,abdominal pain,swelling of stomach,bloated stomach,alcohol use,swelling,,,,,,,,,,
Alcoholic hepatitis,yellowish skin,abdominal pain,swelling of stomach,bloated stomach,alcohol use,swelling,,,,,,,,,,,
Alcoholic hepatitis,vomiting,abdominal pain,swelling of stomach,bloated stomach,alcohol use,swelling,,,,,,,,,,,
Alcoholic hepatitis,vomiting,yellowish skin,swelling of stomach,bloated stomach,alcohol use,swelling,,,,,,,,,,,
Alcoholic hepatitis,vomiting,yellowish skin,abdominal pain,bloated stomach,alcohol use,swelling,,,,,,,,,,,
Alcoholic hepatitis,vomiting,yellowish skin,abdominal pain,swelling of stomach,alcohol use,swelling,,,,,,,,,,,
Alcoholic hepatitis,vomiting,yellowish skin,abdominal pain,swelling of stomach,bloated stomach,swelling,,,,,,,,,,,
Alcoholic hepatitis,vomiting,yellowish skin,abdominal pain,swelling of stomach,bloated stomach,alcohol use,,,,,,,,,,,
Alcoholic hepatitis,vomiting,yellowish skin,abdominal pain,swelling of stomach,bloated stomach,alcohol use,swelling,,,,,,,,,,
Tuberculosis,chills,vomiting,fatigue,weight loss,cough,high fever,breathlessness,sweating,loss of appetite,mild fever,yellowing of eyes,swelled lymph nodes,malaise,phlegm,chest pain,blood in sputum,
Tuberculosis,chills,vomiting,fatigue,weight loss,cough,high fever,breathlessness,sweating,loss of appetite,mild fever,yellowing of eyes,swelled lymph nodes,malaise,phlegm,chest pain,blood in sputum,
Tuberculosis,vomiting,fatigue,weight loss,cough,high fever,breathlessness,sweating,loss of appetite,mild fever,yellowing of eyes,swelled lymph nodes,malaise,phlegm,chest pain,blood in sputum,,
Tuberculosis,chills,fatigue,weight loss,cough,high fever,breathlessness,sweating,loss of appetite,mild fever,yellowing of eyes,swelled lymph nodes,malaise,phlegm,chest pain,blood in sputum,,
Tuberculosis,chills,vomiting,weight loss,cough,high fever,breathlessness,sweating,loss of appetite,mild fever,yellowing of eyes,swelled lymph nodes,malaise,phlegm,chest pain,blood in sputum,,
Tuberculosis,chills,vomiting,fatigue,cough,high fever,breathlessness,sweating,loss of appetite,mild fever,yellowing of eyes,swelled lymph nodes,malaise,phlegm,chest pain,blood in sputum,,
Tuberculosis,chills,vomiting,fatigue,weight loss,high fever,breathlessness,sweating,loss of appetite,mild fever,yellowing of eyes,swelled lymph nodes,malaise,phlegm,chest pain,blood in sputum,,
Tuberculosis,chills,vomiting,fatigue,weight loss,cough,breathlessness,sweating,loss of appetite,mild fever,yellowing of eyes,swelled lymph nodes,malaise,phlegm,chest pain,blood in sputum,,
Tuberculosis,chills,vomiting,fatigue,weight loss,cough,high fever,sweating,loss of appetite,mild fever,yellowing of eyes,swelled lymph nodes,malaise,phlegm,chest pain,blood in sputum,,
Tuberculosis,chills,vomiting,fatigue,weight loss,cough,high fever,breathlessness,loss of appetite,mild fever,yellowing of eyes,swelled lymph nodes,malaise,phlegm,chest pain,blood in sputum,,
Common Cold,continuous sneezing,chills,fatigue,cough,high fever,headache,swelled lymph nodes,malaise,phlegm,throat irritation,redness of eyes,sinus pain,runny nose,congestion,chest pain,loss of smell,muscle pain
Common Cold,continuous sneezing,chills,fatigue,cough,high fever,headache,swelled lymph nodes,malaise,phlegm,throat irritation,redness of eyes,sinus pain,runny nose,congestion,chest pain,loss of smell,muscle pain
Common Cold,chills,fatigue,cough,high fever,headache,swelled lymph nodes,malaise,phlegm,throat irritation,redness of eyes,sinus pain,runny nose,congestion,chest pain,loss of smell,muscle pain,
Common Cold,continuous sneezing,fatigue,cough,high fever,headache,swelled lymph nodes,malaise,phlegm,throat irritation,redness of eyes,sinus pain,runny nose,congestion,chest pain,loss of smell,muscle pain,
Common Cold,continuous sneezing,chills,cough,high fever,headache,swelled lymph nodes,malaise,phlegm,throat irritation,redness of eyes,sinus pain,runny nose,congestion,chest pain,loss of smell,muscle pain,
Common Cold,continuous sneezing,chills,fatigue,high fever,headache,swelled lymph nodes,malaise,phlegm,throat irritation,redness of eyes,sinus pain,runny nose,congestion,chest pain,loss of smell,muscle pain,
Common Cold,continuous sneezing,chills,fatigue,cough,headache,swelled lymph nodes,malaise,phlegm,throat irritation,redness of eyes,sinus pain,runny nose,congestion,chest pain,loss of smell,muscle pain,
Common Cold,continuous sneezing,chills,fatigue,cough,high fever,swelled lymph nodes,malaise,phlegm,throat irritation,redness of eyes,sinus pain,runny nose,congestion,chest pain,loss of smell,muscle pain,
Common Cold,continuous sneezing,chills,fatigue,cough,high fever,headache,malaise,phlegm,throat irritation,redness of eyes,sinus pain,runny nose,congestion,chest pain,loss of smell,muscle pain,
Common Cold,continuous sneezing,chills,fatigue,cough,high fever,headache,swelled lymph nodes,phlegm,throat irritation,redness of eyes,sinus pain,runny nose,congestion,chest pain,loss of smell,muscle pain,
Pneumonia,chills,fatigue,cough,high fever,breathlessness,sweating,malaise,chest pain,fast heart rate,bloody mucus,,,,,,,
Pneumonia,chills,fatigue,cough,high fever,breathlessness,sweating,malaise,phlegm,chest pain,fast heart rate,bloody mucus,,,,,,
Pneumonia,chills,fatigue,cough,high fever,breathlessness,sweating,malaise,phlegm,chest pain,fast heart rate,bloody mucus,,,,,,
Pneumonia,fatigue,cough,high fever,breathlessness,sweating,malaise,phlegm,chest pain,fast heart rate,bloody mucus,,,,,,,
Pneumonia,chills,cough,high fever,breathlessness,sweating,malaise,phlegm,chest pain,fast heart rate,bloody mucus,,,,,,,
Pneumonia,chills,fatigue,high fever,breathlessness,sweating,malaise,phlegm,chest pain,fast heart rate,bloody mucus,,,,,,,
Pneumonia,chills,fatigue,cough,breathlessness,sweating,malaise,phlegm,chest pain,fast heart rate,bloody mucus,,,,,,,
Pneumonia,chills,fatigue,cough,high fever,sweating,malaise,phlegm,chest pain,fast heart rate,bloody mucus,,,,,,,
Pneumonia,chills,fatigue,cough,high fever,breathlessness,malaise,phlegm,chest pain,fast heart rate,bloody mucus,,,,,,,
Pneumonia,chills,fatigue,cough,high fever,breathlessness,sweating,phlegm,chest pain,fast heart rate,bloody mucus,,,,,,,
Dimorphic hemmorhoids(piles),constipation,pain during bowel movements,pain in anal region,bloody stool,irritation in anus,,,,,,,,,,,,
Dimorphic hemmorhoids(piles),constipation,pain during bowel movements,pain in anal region,bloody stool,irritation in anus,,,,,,,,,,,,
Dimorphic hemmorhoids(piles),constipation,pain during bowel movements,pain in anal region,bloody stool,irritation in anus,,,,,,,,,,,,
Dimorphic hemmorhoids(piles),pain during bowel movements,pain in anal region,bloody stool,irritation in anus,,,,,,,,,,,,,
Dimorphic hemmorhoids(piles),constipation,pain in anal region,bloody stool,irritation in anus,,,,,,,,,,,,,
Dimorphic hemmorhoids(piles),constipation,pain during bowel movements,bloody stool,irritation in anus,,,,,,,,,,,,,
Dimorphic hemmorhoids(piles),constipation,pain during bowel movements,pain in anal region,irritation in anus,,,,,,,,,,,,,
Dimorphic hemmorhoids(piles),constipation,pain during bowel movements,pain in anal region,bloody stool,,,,,,,,,,,,,
Dimorphic hemmorhoids(piles),constipation,pain during bowel movements,pain in anal region,bloody stool,irritation in anus,,,,,,,,,,,,
Dimorphic hemmorhoids(piles),constipation,pain during bowel movements,pain in anal region,bloody stool,irritation in anus,,,,,,,,,,,,
Heart attack,vomiting,breathlessness,sweating,chest pain,,,,,,,,,,,,,
Heart attack,vomiting,breathlessness,sweating,chest pain,,,,,,,,,,,,,
Heart attack,breathlessness,sweating,chest pain,,,,,,,,,,,,,,
Heart attack,vomiting,sweating,chest pain,,,,,,,,,,,,,,
Heart attack,vomiting,breathlessness,chest pain,,,,,,,,,,,,,,
Heart attack,vomiting,breathlessness,sweating,,,,,,,,,,,,,,
Heart attack,vomiting,breathlessness,sweating,chest pain,,,,,,,,,,,,,
Heart attack,breathlessness,sweating,chest pain,,,,,,,,,,,,,,
Heart attack,vomiting,sweating,chest pain,,,,,,,,,,,,,,
Heart attack,vomiting,breathlessness,chest pain,,,,,,,,,,,,,,
Varicose veins,fatigue,cramps,bruising,obesity,swollen legs,swollen blood vessels,veins on legs,,,,,,,,,,
Varicose veins,fatigue,cramps,bruising,obesity,swollen legs,swollen blood vessels,veins on legs,,,,,,,,,,
Varicose veins,cramps,bruising,obesity,swollen legs,swollen blood vessels,veins on legs,,,,,,,,,,,
Varicose veins,fatigue,bruising,obesity,swollen legs,swollen blood vessels,veins on legs,,,,,,,,,,,
Varicose veins,fatigue,cramps,obesity,swollen legs,swollen blood vessels,veins on legs,,,,,,,,,,,
Varicose veins,fatigue,cramps,bruising,swollen legs,swollen blood vessels,veins on legs,,,,,,,,,,,
Varicose veins,fatigue,cramps,bruising,obesity,swollen blood vessels,veins on legs,,,,,,,,,,,
Varicose veins,fatigue,cramps,bruising,obesity,swollen legs,veins on legs,,,,,,,,,,,
Varicose veins,fatigue,cramps,bruising,obesity,swollen legs,swollen blood vessels,,,,,,,,,,,
Varicose veins,fatigue,cramps,bruising,obesity,swollen legs,veins on legs,,,,,,,,,,,
Hypothyroidism,fatigue,weight gain,cold hands and feets,mood swings,lethargy,dizziness,puffy face,swollen neck,weak nails,swollen limbs,depression,irritability,irregular periods,,,,
Hypothyroidism,fatigue,weight gain,cold hands and feets,mood swings,lethargy,dizziness,puffy face,swollen neck,weak nails,swollen limbs,depression,irritability,irregular periods,,,,
Hypothyroidism,weight gain,cold hands and feets,mood swings,lethargy,dizziness,puffy face,swollen neck,weak nails,swollen limbs,depression,irritability,irregular periods,,,,,
Hypothyroidism,weight gain,cold hands and feets,mood swings,lethargy,dizziness,puffy face,swollen neck,weak nails,swollen limbs,depression,irritability,irregular periods,,,,,
Hypothyroidism,fatigue,cold hands and feets,mood swings,lethargy,dizziness,puffy face,swollen neck,weak nails,swollen limbs,depression,irritability,irregular periods,,,,,
Hypothyroidism,fatigue,weight gain,mood swings,lethargy,dizziness,puffy face,swollen neck,weak nails,swollen limbs,depression,irritability,irregular periods,,,,,
Hypothyroidism,fatigue,weight gain,cold hands and feets,lethargy,dizziness,puffy face,swollen neck,weak nails,swollen limbs,depression,irritability,irregular periods,,,,,
Hypothyroidism,fatigue,weight gain,cold hands and feets,mood swings,dizziness,puffy face,swollen neck,weak nails,swollen limbs,depression,irritability,irregular periods,,,,,
Hypothyroidism,fatigue,weight gain,cold hands and feets,mood swings,lethargy,puffy face,swollen neck,weak nails,swollen limbs,depression,irritability,irregular periods,,,,,
Hypothyroidism,fatigue,weight gain,cold hands and feets,mood swings,lethargy,dizziness,swollen neck,weak nails,swollen limbs,depression,irritability,irregular periods,,,,,
Hyperthyroidism,fatigue,mood swings,weight loss,restlessness,sweating,diarrhoea,fast heart rate,excessive hunger,muscle weakness,irritability,irregular periods,,,,,,
Hyperthyroidism,fatigue,mood swings,weight loss,restlessness,sweating,diarrhoea,fast heart rate,excessive hunger,muscle weakness,irritability,irregular periods,,,,,,
Hyperthyroidism,mood swings,weight loss,restlessness,sweating,diarrhoea,fast heart rate,excessive hunger,muscle weakness,irritability,irregular periods,,,,,,,
Hyperthyroidism,fatigue,weight loss,restlessness,sweating,diarrhoea,fast heart rate,excessive hunger,muscle weakness,irritability,irregular periods,,,,,,,
Hyperthyroidism,fatigue,mood swings,restlessness,sweating,diarrhoea,fast heart rate,excessive hunger,muscle weakness,irritability,irregular periods,,,,,,,
Hyperthyroidism,fatigue,mood swings,weight loss,sweating,diarrhoea,fast heart rate,excessive hunger,muscle weakness,irritability,irregular periods,,,,,,,
Hyperthyroidism,fatigue,mood swings,weight loss,restlessness,diarrhoea,fast heart rate,excessive hunger,muscle weakness,irritability,irregular periods,,,,,,,
Hyperthyroidism,fatigue,mood swings,weight loss,restlessness,sweating,fast heart rate,excessive hunger,muscle weakness,irritability,irregular periods,,,,,,,
Hyperthyroidism,fatigue,mood swings,weight loss,restlessness,sweating,diarrhoea,excessive hunger,muscle weakness,irritability,irregular periods,,,,,,,
Hyperthyroidism,fatigue,mood swings,weight loss,restlessness,sweating,diarrhoea,fast heart rate,muscle weakness,irritability,irregular periods,,,,,,,
Hypoglycemia,vomiting,fatigue,anxiety,sweating,headache,nausea,blurry vision,excessive hunger,slurring,irritability,fast heart beat,,,,,,
Hypoglycemia,vomiting,fatigue,anxiety,sweating,headache,nausea,blurry vision,excessive hunger,tingling lips,slurring,irritability,fast heart beat,,,,,
Hypoglycemia,vomiting,fatigue,anxiety,sweating,headache,nausea,blurry vision,excessive hunger,tingling lips,slurring,irritability,fast heart beat,,,,,
Hypoglycemia,fatigue,anxiety,sweating,headache,nausea,blurry vision,excessive hunger,tingling lips,slurring,irritability,fast heart beat,,,,,,
Hypoglycemia,vomiting,anxiety,sweating,headache,nausea,blurry vision,excessive hunger,tingling lips,slurring,irritability,fast heart beat,,,,,,
Hypoglycemia,vomiting,fatigue,sweating,headache,nausea,blurry vision,excessive hunger,tingling lips,slurring,irritability,fast heart beat,,,,,,
Hypoglycemia,vomiting,fatigue,anxiety,headache,nausea,blurry vision,excessive hunger,tingling lips,slurring,irritability,fast heart beat,,,,,,
Hypoglycemia,vomiting,fatigue,anxiety,sweating,nausea,blurry vision,excessive hunger,tingling lips,slurring,irritability,fast heart beat,,,,,,
Hypoglycemia,vomiting,fatigue,anxiety,sweating,headache,blurry vision,excessive hunger,tingling lips,slurring,irritability,fast heart beat,,,,,,
Hypoglycemia,vomiting,fatigue,anxiety,sweating,headache,nausea,excessive hunger,tingling lips,slurring,irritability,fast heart beat,,,,,,
Osteoarthristis,joint pain,neck pain,knee pain,hip joint pain,swelling joints,painful walking,,,,,,,,,,,
Osteoarthristis,joint pain,neck pain,knee pain,hip joint pain,swelling joints,painful walking,,,,,,,,,,,
Osteoarthristis,neck pain,knee pain,hip joint pain,swelling joints,painful walking,,,,,,,,,,,,
Osteoarthristis,joint pain,knee pain,hip joint pain,swelling joints,painful walking,,,,,,,,,,,,
Osteoarthristis,joint pain,neck pain,hip joint pain,swelling joints,painful walking,,,,,,,,,,,,
Osteoarthristis,joint pain,neck pain,knee pain,swelling joints,painful walking,,,,,,,,,,,,
Osteoarthristis,joint pain,neck pain,knee pain,hip joint pain,painful walking,,,,,,,,,,,,
Osteoarthristis,joint pain,neck pain,knee pain,hip joint pain,swelling joints,,,,,,,,,,,,
Osteoarthristis,joint pain,neck pain,knee pain,hip joint pain,swelling joints,painful walking,,,,,,,,,,,
Osteoarthristis,joint pain,neck pain,knee pain,hip joint pain,swelling joints,painful walking,,,,,,,,,,,
Arthritis,muscle weakness,stiff neck,swelling joints,movement stiffness,painful walking,,,,,,,,,,,,
Arthritis,muscle weakness,stiff neck,swelling joints,movement stiffness,painful walking,,,,,,,,,,,,
Arthritis,stiff neck,swelling joints,movement stiffness,painful walking,,,,,,,,,,,,,
Arthritis,muscle weakness,swelling joints,movement stiffness,painful walking,,,,,,,,,,,,,
Arthritis,muscle weakness,stiff neck,movement stiffness,painful walking,,,,,,,,,,,,,
Arthritis,muscle weakness,stiff neck,swelling joints,painful walking,,,,,,,,,,,,,
Arthritis,muscle weakness,stiff neck,swelling joints,movement stiffness,painful walking,,,,,,,,,,,,
Arthritis,muscle weakness,stiff neck,swelling joints,movement stiffness,,,,,,,,,,,,,
Arthritis,muscle weakness,stiff neck,swelling joints,movement stiffness,painful walking,,,,,,,,,,,,
Arthritis,muscle weakness,stiff neck,swelling joints,movement stiffness,painful walking,,,,,,,,,,,,
(vertigo) Paroymsal  Positional Vertigo,vomiting,headache,nausea,spinning movements,loss of balance,unsteadiness,,,,,,,,,,,
(vertigo) Paroymsal  Positional Vertigo,vomiting,headache,nausea,spinning movements,loss of balance,unsteadiness,,,,,,,,,,,
(vertigo) Paroymsal  Positional Vertigo,headache,nausea,spinning movements,loss of balance,unsteadiness,,,,,,,,,,,,
(vertigo) Paroymsal  Positional Vertigo,vomiting,nausea,spinning movements,loss of balance,unsteadiness,,,,,,,,,,,,
(vertigo) Paroymsal  Positional Vertigo,vomiting,headache,spinning movements,loss of balance,unsteadiness,,,,,,,,,,,,
(vertigo) Paroymsal  Positional Vertigo,vomiting,headache,nausea,loss of balance,unsteadiness,,,,,,,,,,,,
(vertigo) Paroymsal  Positional Vertigo,vomiting,headache,nausea,spinning movements,unsteadiness,,,,,,,,,,,,
(vertigo) Paroymsal  Positional Vertigo,vomiting,headache,nausea,spinning movements,loss of balance,,,,,,,,,,,,
(vertigo) Paroymsal  Positional Vertigo,vomiting,headache,nausea,spinning movements,loss of balance,unsteadiness,,,,,,,,,,,
(vertigo) Paroymsal  Positional Vertigo,vomiting,headache,nausea,loss of balance,unsteadiness,,,,,,,,,,,,
Acne,skin rash,pus filled pimples,blackheads,scurring,,,,,,,,,,,,,
Acne,skin rash,pus filled pimples,blackheads,scurring,,,,,,,,,,,,,
Acne,pus filled pimples,blackheads,scurring,,,,,,,,,,,,,,
Acne,skin rash,blackheads,scurring,,,,,,,,,,,,,,
Acne,skin rash,pus filled pimples,scurring,,,,,,,,,,,,,,
Acne,skin rash,pus filled pimples,blackheads,,,,,,,,,,,,,,
Acne,skin rash,pus filled pimples,blackheads,scurring,,,,,,,,,,,,,
Acne,skin rash,pus filled pimples,blackheads,,,,,,,,,,,,,,
Acne,skin rash,pus filled pimples,scurring,,,,,,,,,,,,,,
Acne,skin rash,blackheads,scurring,,,,,,,,,,,,,,
Urinary tract infection,burning pee,bladder discomfort,foul smell of urine,need to pee,,,,,,,,,,,,,
Urinary tract infection,burning pee,bladder discomfort,foul smell of urine,need to pee,,,,,,,,,,,,,
Urinary tract infection,bladder discomfort,foul smell of urine,need to pee,,,,,,,,,,,,,,
Urinary tract infection,burning pee,foul smell of urine,need to pee,,,,,,,,,,,,,,
Urinary tract infection,burning pee,bladder discomfort,need to pee,,,,,,,,,,,,,,
Urinary tract infection,burning pee,bladder discomfort,foul smell of urine,,,,,,,,,,,,,,
Urinary tract infection,burning pee,bladder discomfort,foul smell of urine,need to pee,,,,,,,,,,,,,
Urinary tract infection,burning pee,bladder discomfort,need to pee,,,,,,,,,,,,,,
Urinary tract infection,bladder discomfort,foul smell of urine,need to pee,,,,,,,,,,,,,,
Urinary tract infection,burning pee,bladder discomfort,need to pee,,,,,,,,,,,,,,
Psoriasis,skin rash,joint pain,skin peeling,silver like dusting,small dents in nails,inflammatory nails,,,,,,,,,,,
Psoriasis,skin rash,joint pain,skin peeling,silver like dusting,small dents in nails,inflammatory nails,,,,,,,,,,,
Psoriasis,joint pain,skin peeling,silver like dusting,small dents in nails,inflammatory nails,,,,,,,,,,,,
Psoriasis,skin rash,skin peeling,silver like dusting,small dents in nails,inflammatory nails,,,,,,,,,,,,
Psoriasis,skin rash,joint pain,silver like dusting,small dents in nails,inflammatory nails,,,,,,,,,,,,
Psoriasis,skin rash,joint pain,skin peeling,small dents in nails,inflammatory nails,,,,,,,,,,,,
Psoriasis,skin rash,joint pain,skin peeling,silver like dusting,inflammatory nails,,,,,,,,,,,,
Psoriasis,skin rash,joint pain,skin peeling,silver like dusting,small dents in nails,,,,,,,,,,,,
Psoriasis,skin rash,joint pain,skin peeling,silver like dusting,small dents in nails,inflammatory nails,,,,,,,,,,,
Psoriasis,skin rash,joint pain,skin peeling,silver like dusting,small dents in nails,inflammatory nails,,,,,,,,,,,
Impetigo,skin rash,high fever,blister,red sore around nose,yellow crust ooze,,,,,,,,,,,,
Impetigo,skin rash,high fever,blister,red sore around nose,yellow crust ooze,,,,,,,,,,,,
Impetigo,high fever,blister,red sore around nose,yellow crust ooze,,,,,,,,,,,,,
Impetigo,skin rash,blister,red sore around nose,yellow crust ooze,,,,,,,,,,,,,
Impetigo,skin rash,blister,red sore around nose,yellow crust ooze,,,,,,,,,,,,,
Impetigo,skin rash,high fever,red sore around nose,yellow crust ooze,,,,,,,,,,,,,
Impetigo,skin rash,high fever,blister,yellow crust ooze,,,,,,,,,,,,,
Impetigo,skin rash,high fever,blister,red sore around nose,,,,,,,,,,,,,
Impetigo,skin rash,high fever,blister,red sore around nose,yellow crust ooze,,,,,,,,,,,,
Impetigo,skin rash,blister,red sore around nose,yellow crust ooze,,,,,,,,,,,,,
Fungal infection,itching,skin rash,skin bumps,discolored skin patches,,,,,,,,,,,,,
Fungal infection,skin rash,skin bumps,discolored skin patches,,,,,,,,,,,,,,
Fungal infection,itching,skin bumps,discolored skin patches,,,,,,,,,,,,,,
Fungal infection,itching,skin rash,discolored skin patches,,,,,,,,,,,,,,
Fungal infection,itching,skin rash,skin bumps,,,,,,,,,,,,,,
Fungal infection,skin rash,skin bumps,discolored skin patches,,,,,,,,,,,,,,
Fungal infection,itching,skin bumps,discolored skin patches,,,,,,,,,,,,,,
Fungal infection,itching,skin rash,discolored skin patches,,,,,,,,,,,,,,
Fungal infection,itching,skin rash,skin bumps,,,,,,,,,,,,,,
Fungal infection,itching,skin rash,skin bumps,discolored skin patches,,,,,,,,,,,,,
Allergy,continuous sneezing,shivering,chills,watery eyes,,,,,,,,,,,,,
Allergy,shivering,chills,watery eyes,,,,,,,,,,,,,,
Allergy,continuous sneezing,chills,watery eyes,,,,,,,,,,,,,,
Allergy,continuous sneezing,shivering,watery eyes,,,,,,,,,,,,,,
Allergy,continuous sneezing,shivering,chills,,,,,,,,,,,,,,
Allergy,shivering,chills,watery eyes,,,,,,,,,,,,,,
Allergy,continuous sneezing,chills,watery eyes,,,,,,,,,,,,,,
Allergy,continuous sneezing,shivering,watery eyes,,,,,,,,,,,,,,
Allergy,continuous sneezing,shivering,chills,,,,,,,,,,,,,,
Allergy,continuous sneezing,shivering,chills,watery eyes,,,,,,,,,,,,,
GERD,stomach pain,acidity,ulcers on tongue,vomiting,cough,chest pain,,,,,,,,,,,
GERD,stomach pain,ulcers on tongue,vomiting,cough,chest pain,,,,,,,,,,,,
GERD,stomach pain,acidity,vomiting,cough,chest pain,,,,,,,,,,,,
GERD,stomach pain,acidity,ulcers on tongue,cough,chest pain,,,,,,,,,,,,
GERD,stomach pain,acidity,ulcers on tongue,vomiting,chest pain,,,,,,,,,,,,
GERD,stomach pain,acidity,ulcers on tongue,vomiting,cough,,,,,,,,,,,,
GERD,acidity,ulcers on tongue,vomiting,cough,chest pain,,,,,,,,,,,,
GERD,stomach pain,ulcers on tongue,vomiting,cough,chest pain,,,,,,,,,,,,
GERD,stomach pain,acidity,vomiting,cough,chest pain,,,,,,,,,,,,
GERD,stomach pain,acidity,ulcers on tongue,cough,chest pain,,,,,,,,,,,,
Chronic cholestasis,itching,vomiting,yellowish skin,nausea,loss of appetite,abdominal pain,yellowing of eyes,,,,,,,,,,
Chronic cholestasis,vomiting,yellowish skin,nausea,loss of appetite,abdominal pain,yellowing of eyes,,,,,,,,,,,
Chronic cholestasis,itching,yellowish skin,nausea,loss of appetite,abdominal pain,yellowing of eyes,,,,,,,,,,,
Chronic cholestasis,itching,vomiting,nausea,loss of appetite,abdominal pain,yellowing of eyes,,,,,,,,,,,
Chronic cholestasis,itching,vomiting,yellowish skin,loss of appetite,abdominal pain,yellowing of eyes,,,,,,,,,,,
Chronic cholestasis,itching,vomiting,yellowish skin,nausea,abdominal pain,yellowing of eyes,,,,,,,,,,,
Chronic cholestasis,itching,vomiting,yellowish skin,nausea,loss of appetite,yellowing of eyes,,,,,,,,,,,
Chronic cholestasis,itching,vomiting,yellowish skin,nausea,loss of appetite,abdominal pain,,,,,,,,,,,
Chronic cholestasis,itching,vomiting,yellowish skin,nausea,loss of appetite,abdominal pain,yellowing of eyes,,,,,,,,,,
Chronic cholestasis,itching,vomiting,yellowish skin,nausea,loss of appetite,abdominal pain,yellowing of eyes,,,,,,,,,,
Drug Reaction,itching,skin rash,stomach pain,burning pee,spotting urine,,,,,,,,,,,,
Drug Reaction,itching,stomach pain,burning pee,spotting urine,,,,,,,,,,,,,
Drug Reaction,itching,skin rash,burning pee,spotting urine,,,,,,,,,,,,,
Drug Reaction,itching,skin rash,stomach pain,spotting urine,,,,,,,,,,,,,
Drug Reaction,itching,skin rash,stomach pain,burning pee,,,,,,,,,,,,,
Drug Reaction,skin rash,stomach pain,burning pee,spotting urine,,,,,,,,,,,,,
Drug Reaction,itching,stomach pain,burning pee,spotting urine,,,,,,,,,,,,,
Drug Reaction,itching,skin rash,burning pee,spotting urine,,,,,,,,,,,,,
Drug Reaction,itching,skin rash,stomach pain,spotting urine,,,,,,,,,,,,,
Drug Reaction,itching,skin rash,stomach pain,burning pee,,,,,,,,,,,,,
Peptic ulcer diseae,vomiting,loss of appetite,abdominal pain,farting,itching inside,,,,,,,,,,,,
Peptic ulcer diseae,vomiting,indigestion,abdominal pain,farting,itching inside,,,,,,,,,,,,
Peptic ulcer diseae,indigestion,loss of appetite,abdominal pain,farting,itching inside,,,,,,,,,,,,
Peptic ulcer diseae,vomiting,loss of appetite,abdominal pain,farting,itching inside,,,,,,,,,,,,
Peptic ulcer diseae,vomiting,indigestion,abdominal pain,farting,itching inside,,,,,,,,,,,,
Peptic ulcer diseae,vomiting,indigestion,loss of appetite,farting,itching inside,,,,,,,,,,,,
Peptic ulcer diseae,vomiting,indigestion,loss of appetite,abdominal pain,itching inside,,,,,,,,,,,,
Peptic ulcer diseae,vomiting,indigestion,loss of appetite,abdominal pain,farting,,,,,,,,,,,,
Peptic ulcer diseae,vomiting,indigestion,loss of appetite,abdominal pain,farting,itching inside,,,,,,,,,,,
Peptic ulcer diseae,vomiting,indigestion,loss of appetite,abdominal pain,farting,itching inside,,,,,,,,,,,
AIDS,muscle wasting,patches in throat,high fever,extra marital contacts,,,,,,,,,,,,,
AIDS,patches in throat,high fever,extra marital contacts,,,,,,,,,,,,,,
AIDS,muscle wasting,high fever,extra marital contacts,,,,,,,,,,,,,,
AIDS,muscle wasting,patches in throat,extra marital contacts,,,,,,,,,,,,,,
AIDS,muscle wasting,patches in throat,high fever,,,,,,,,,,,,,,
AIDS,muscle wasting,patches in throat,high fever,extra marital contacts,,,,,,,,,,,,,
AIDS,muscle wasting,patches in throat,high fever,extra marital contacts,,,,,,,,,,,,,
AIDS,patches in throat,high fever,extra marital contacts,,,,,,,,,,,,,,
AIDS,muscle wasting,high fever,extra marital contacts,,,,,,,,,,,,,,
AIDS,muscle wasting,patches in throat,high fever,,,,,,,,,,,,,,
Diabetes ,fatigue,weight loss,restlessness,lethargy,irregular sugar level,blurry vision,obesity,excessive hunger,increased appetite,peeing a lot,,,,,,,
Diabetes ,fatigue,weight loss,restlessness,lethargy,irregular sugar level,blurry vision,obesity,excessive hunger,increased appetite,peeing a lot,,,,,,,
Diabetes ,weight loss,restlessness,lethargy,irregular sugar level,blurry vision,obesity,excessive hunger,increased appetite,peeing a lot,,,,,,,,
Diabetes ,fatigue,restlessness,lethargy,irregular sugar level,blurry vision,obesity,excessive hunger,increased appetite,peeing a lot,,,,,,,,
Diabetes ,fatigue,weight loss,lethargy,irregular sugar level,blurry vision,obesity,excessive hunger,increased appetite,peeing a lot,,,,,,,,
Diabetes ,fatigue,weight loss,restlessness,irregular sugar level,blurry vision,obesity,excessive hunger,increased appetite,peeing a lot,,,,,,,,
Diabetes ,fatigue,weight loss,restlessness,lethargy,blurry vision,obesity,excessive hunger,increased appetite,peeing a lot,,,,,,,,
Diabetes ,fatigue,weight loss,restlessness,lethargy,irregular sugar level,obesity,excessive hunger,increased appetite,peeing a lot,,,,,,,,
Diabetes ,fatigue,weight loss,restlessness,lethargy,irregular sugar level,blurry vision,excessive hunger,increased appetite,peeing a lot,,,,,,,,
Diabetes ,fatigue,weight loss,restlessness,lethargy,irregular sugar level,blurry vision,obesity,increased appetite,peeing a lot,,,,,,,,
Gastroenteritis,vomiting,sunken eyes,dehydration,diarrhoea,,,,,,,,,,,,,
Gastroenteritis,vomiting,sunken eyes,dehydration,diarrhoea,,,,,,,,,,,,,
Gastroenteritis,sunken eyes,dehydration,diarrhoea,,,,,,,,,,,,,,
Gastroenteritis,vomiting,dehydration,diarrhoea,,,,,,,,,,,,,,
Gastroenteritis,vomiting,sunken eyes,diarrhoea,,,,,,,,,,,,,,
Gastroenteritis,vomiting,sunken eyes,dehydration,,,,,,,,,,,,,,
Gastroenteritis,vomiting,sunken eyes,dehydration,diarrhoea,,,,,,,,,,,,,
Gastroenteritis,sunken eyes,dehydration,diarrhoea,,,,,,,,,,,,,,
Gastroenteritis,vomiting,dehydration,diarrhoea,,,,,,,,,,,,,,
Gastroenteritis,vomiting,sunken eyes,diarrhoea,,,,,,,,,,,,,,
Bronchial Asthma,fatigue,cough,high fever,breathlessness,family history,mucus,,,,,,,,,,,
Bronchial Asthma,cough,high fever,breathlessness,family history,mucus,,,,,,,,,,,,
Bronchial Asthma,fatigue,high fever,breathlessness,family history,mucus,,,,,,,,,,,,
Bronchial Asthma,fatigue,cough,breathlessness,family history,mucus,,,,,,,,,,,,
Bronchial Asthma,fatigue,cough,high fever,family history,mucus,,,,,,,,,,,,
Bronchial Asthma,fatigue,cough,high fever,breathlessness,mucus,,,,,,,,,,,,
Bronchial Asthma,fatigue,cough,high fever,breathlessness,family history,,,,,,,,,,,,
Bronchial Asthma,fatigue,cough,high fever,breathlessness,family history,mucus,,,,,,,,,,,
Bronchial Asthma,cough,high fever,breathlessness,family history,mucus,,,,,,,,,,,,
Bronchial Asthma,fatigue,high fever,breathlessness,family history,mucus,,,,,,,,,,,,
Hypertension ,headache,chest pain,dizziness,loss of balance,lack of concentration,,,,,,,,,,,,
Hypertension ,chest pain,dizziness,loss of balance,lack of concentration,,,,,,,,,,,,,
Hypertension ,headache,dizziness,loss of balance,lack of concentration,,,,,,,,,,,,,
Hypertension ,headache,chest pain,loss of balance,lack of concentration,,,,,,,,,,,,,
Hypertension ,headache,chest pain,dizziness,lack of concentration,,,,,,,,,,,,,
Hypertension ,headache,chest pain,dizziness,loss of balance,,,,,,,,,,,,,
Hypertension ,headache,chest pain,dizziness,loss of balance,lack of concentration,,,,,,,,,,,,
Hypertension ,chest pain,dizziness,loss of balance,lack of concentration,,,,,,,,,,,,,
Hypertension ,headache,dizziness,loss of balance,lack of concentration,,,,,,,,,,,,,
Hypertension ,headache,chest pain,loss of balance,lack of concentration,,,,,,,,,,,,,
Migraine,acidity,indigestion,headache,blurry vision,excessive hunger,stiff neck,depression,irritability,visual disturbances,,,,,,,,
Migraine,indigestion,headache,blurry vision,excessive hunger,stiff neck,depression,irritability,visual disturbances,,,,,,,,,
Migraine,acidity,headache,blurry vision,excessive hunger,stiff neck,depression,irritability,visual disturbances,,,,,,,,,
Migraine,acidity,indigestion,blurry vision,excessive hunger,stiff neck,depression,irritability,visual disturbances,,,,,,,,,
Migraine,acidity,indigestion,headache,excessive hunger,stiff neck,depression,irritability,visual disturbances,,,,,,,,,
Migraine,acidity,indigestion,headache,blurry vision,stiff neck,depression,irritability,visual disturbances,,,,,,,,,
Migraine,acidity,indigestion,headache,blurry vision,excessive hunger,depression,irritability,visual disturbances,,,,,,,,,
Migraine,acidity,indigestion,headache,blurry vision,excessive hunger,stiff neck,irritability,visual disturbances,,,,,,,,,
Migraine,acidity,indigestion,headache,blurry vision,excessive hunger,stiff neck,depression,visual disturbances,,,,,,,,,
Migraine,acidity,indigestion,headache,blurry vision,excessive hunger,stiff neck,depression,irritability,,,,,,,,,
Cervical spondylosis,back pain,weakness in limbs,neck pain,dizziness,loss of balance,,,,,,,,,,,,
Cervical spondylosis,back pain,weakness in limbs,neck pain,dizziness,loss of balance,,,,,,,,,,,,
Cervical spondylosis,weakness in limbs,neck pain,dizziness,loss of balance,,,,,,,,,,,,,
Cervical spondylosis,back pain,neck pain,dizziness,loss of balance,,,,,,,,,,,,,
Cervical spondylosis,back pain,weakness in limbs,dizziness,loss of balance,,,,,,,,,,,,,
Cervical spondylosis,back pain,weakness in limbs,neck pain,loss of balance,,,,,,,,,,,,,
Cervical spondylosis,back pain,weakness in limbs,neck pain,dizziness,,,,,,,,,,,,,
Cervical spondylosis,back pain,weakness in limbs,neck pain,dizziness,loss of balance,,,,,,,,,,,,
Cervical spondylosis,weakness in limbs,neck pain,dizziness,loss of balance,,,,,,,,,,,,,
Cervical spondylosis,back pain,neck pain,dizziness,loss of balance,,,,,,,,,,,,,
Paralysis (brain hemorrhage),vomiting,headache,weakness of one body side,confusion,,,,,,,,,,,,,
Paralysis (brain hemorrhage),vomiting,headache,weakness of one body side,confusion,,,,,,,,,,,,,
Paralysis (brain hemorrhage),headache,weakness of one body side,confusion,,,,,,,,,,,,,,
Paralysis (brain hemorrhage),vomiting,weakness of one body side,confusion,,,,,,,,,,,,,,
Paralysis (brain hemorrhage),vomiting,headache,confusion,,,,,,,,,,,,,,
Paralysis (brain hemorrhage),vomiting,headache,weakness of one body side,,,,,,,,,,,,,,
Paralysis (brain hemorrhage),vomiting,headache,weakness of one body side,confusion,,,,,,,,,,,,,
Paralysis (brain hemorrhage),headache,weakness of one body side,confusion,,,,,,,,,,,,,,
Paralysis (brain hemorrhage),vomiting,weakness of one body side,confusion,,,,,,,,,,,,,,
Paralysis (brain hemorrhage),vomiting,headache,confusion,,,,,,,,,,,,,,
Jaundice,itching,vomiting,fatigue,weight loss,high fever,yellowish skin,dark urine,abdominal pain,,,,,,,,,
Jaundice,itching,vomiting,fatigue,weight loss,high fever,yellowish skin,dark urine,abdominal pain,,,,,,,,,
Jaundice,vomiting,fatigue,weight loss,high fever,yellowish skin,dark urine,abdominal pain,,,,,,,,,,
Jaundice,itching,fatigue,weight loss,high fever,yellowish skin,dark urine,abdominal pain,,,,,,,,,,
Jaundice,itching,vomiting,weight loss,high fever,yellowish skin,dark urine,abdominal pain,,,,,,,,,,
Jaundice,itching,vomiting,fatigue,high fever,yellowish skin,dark urine,abdominal pain,,,,,,,,,,
Jaundice,itching,vomiting,fatigue,weight loss,yellowish skin,dark urine,abdominal pain,,,,,,,,,,
Jaundice,itching,vomiting,fatigue,weight loss,high fever,dark urine,abdominal pain,,,,,,,,,,
Jaundice,itching,vomiting,fatigue,weight loss,high fever,yellowish skin,abdominal pain,,,,,,,,,,
Jaundice,itching,vomiting,fatigue,weight loss,high fever,yellowish skin,dark urine,,,,,,,,,,
Malaria,chills,vomiting,high fever,sweating,headache,nausea,muscle pain,,,,,,,,,,
Malaria,chills,vomiting,high fever,sweating,headache,nausea,diarrhoea,muscle pain,,,,,,,,,
Malaria,chills,vomiting,high fever,sweating,headache,nausea,diarrhoea,muscle pain,,,,,,,,,
Malaria,vomiting,high fever,sweating,headache,nausea,diarrhoea,muscle pain,,,,,,,,,,
Malaria,chills,high fever,sweating,headache,nausea,diarrhoea,muscle pain,,,,,,,,,,
Malaria,chills,vomiting,sweating,headache,nausea,diarrhoea,muscle pain,,,,,,,,,,
Malaria,chills,vomiting,high fever,headache,nausea,diarrhoea,muscle pain,,,,,,,,,,
Malaria,chills,vomiting,high fever,sweating,nausea,diarrhoea,muscle pain,,,,,,,,,,
Malaria,chills,vomiting,high fever,sweating,headache,diarrhoea,muscle pain,,,,,,,,,,
Malaria,chills,vomiting,high fever,sweating,headache,nausea,muscle pain,,,,,,,,,,
Chicken pox,itching,skin rash,fatigue,lethargy,high fever,headache,loss of appetite,mild fever,swelled lymph nodes,malaise,red spots over body,,,,,,
Chicken pox,skin rash,fatigue,lethargy,high fever,headache,loss of appetite,mild fever,swelled lymph nodes,malaise,red spots over body,,,,,,,
Chicken pox,itching,fatigue,lethargy,high fever,headache,loss of appetite,mild fever,swelled lymph nodes,malaise,red spots over body,,,,,,,
Chicken pox,itching,skin rash,lethargy,high fever,headache,loss of appetite,mild fever,swelled lymph nodes,malaise,red spots over body,,,,,,,
Chicken pox,itching,skin rash,fatigue,high fever,headache,loss of appetite,mild fever,swelled lymph nodes,malaise,red spots over body,,,,,,,
Chicken pox,itching,skin rash,fatigue,lethargy,headache,loss of appetite,mild fever,swelled lymph nodes,malaise,red spots over body,,,,,,,
Chicken pox,itching,skin rash,fatigue,lethargy,high fever,loss of appetite,mild fever,swelled lymph nodes,malaise,red spots over body,,,,,,,
Chicken pox,itching,skin rash,fatigue,lethargy,high fever,headache,mild fever,swelled lymph nodes,malaise,red spots over body,,,,,,,
Chicken pox,itching,skin rash,fatigue,lethargy,high fever,headache,loss of appetite,swelled lymph nodes,malaise,red spots over body,,,,,,,
Chicken pox,itching,skin rash,fatigue,lethargy,high fever,headache,loss of appetite,mild fever,malaise,red spots over body,,,,,,,
Dengue,skin rash,chills,joint pain,vomiting,fatigue,high fever,headache,nausea,loss of appetite,pain behind the eyes,back pain,muscle pain,red spots over body,,,,
Dengue,skin rash,chills,joint pain,vomiting,fatigue,high fever,headache,nausea,loss of appetite,pain behind the eyes,back pain,malaise,red spots over body,,,,
Dengue,skin rash,chills,joint pain,vomiting,fatigue,high fever,headache,nausea,loss of appetite,pain behind the eyes,back pain,malaise,muscle pain,,,,
Dengue,skin rash,chills,joint pain,vomiting,fatigue,high fever,headache,nausea,loss of appetite,pain behind the eyes,back pain,malaise,muscle pain,red spots over body,,,
Dengue,chills,joint pain,vomiting,fatigue,high fever,headache,nausea,loss of appetite,pain behind the eyes,back pain,malaise,muscle pain,red spots over body,,,,
Dengue,skin rash,joint pain,vomiting,fatigue,high fever,headache,nausea,loss of appetite,pain behind the eyes,back pain,malaise,muscle pain,red spots over body,,,,
Dengue,skin rash,chills,vomiting,fatigue,high fever,headache,nausea,loss of appetite,pain behind the eyes,back pain,malaise,muscle pain,red spots over body,,,,
Dengue,skin rash,chills,joint pain,fatigue,high fever,headache,nausea,loss of appetite,pain behind the eyes,back pain,malaise,muscle pain,red spots over body,,,,
Dengue,skin rash,chills,joint pain,vomiting,high fever,headache,nausea,loss of appetite,pain behind the eyes,back pain,malaise,muscle pain,red spots over body,,,,
Dengue,skin rash,chills,joint pain,vomiting,fatigue,headache,nausea,loss of appetite,pain behind the eyes,back pain,malaise,muscle pain,red spots over body,,,,
Typhoid,chills,vomiting,fatigue,high fever,nausea,constipation,abdominal pain,diarrhoea,sickly look,belly pain,,,,,,,
Typhoid,chills,vomiting,fatigue,high fever,headache,constipation,abdominal pain,diarrhoea,sickly look,belly pain,,,,,,,
Typhoid,chills,vomiting,fatigue,high fever,headache,nausea,abdominal pain,diarrhoea,sickly look,belly pain,,,,,,,
Typhoid,chills,vomiting,fatigue,high fever,headache,nausea,constipation,diarrhoea,sickly look,belly pain,,,,,,,
Typhoid,chills,vomiting,fatigue,high fever,headache,nausea,constipation,abdominal pain,sickly look,belly pain,,,,,,,
Typhoid,chills,vomiting,fatigue,high fever,headache,nausea,constipation,abdominal pain,diarrhoea,belly pain,,,,,,,
Typhoid,chills,vomiting,fatigue,high fever,headache,nausea,constipation,abdominal pain,diarrhoea,sickly look,,,,,,,
Typhoid,chills,vomiting,fatigue,high fever,headache,nausea,constipation,abdominal pain,diarrhoea,sickly look,belly pain,,,,,,
Typhoid,chills,vomiting,fatigue,high fever,headache,nausea,constipation,abdominal pain,diarrhoea,sickly look,belly pain,,,,,,
Typhoid,chills,fatigue,high fever,headache,nausea,constipation,abdominal pain,diarrhoea,sickly look,belly pain,,,,,,,
hepatitis A,joint pain,vomiting,yellowish skin,dark urine,nausea,loss of appetite,abdominal pain,diarrhoea,mild fever,yellowing of eyes,muscle pain,,,,,,
hepatitis A,joint pain,vomiting,yellowish skin,dark urine,nausea,loss of appetite,abdominal pain,diarrhoea,mild fever,yellowing of eyes,muscle pain,,,,,,
hepatitis A,vomiting,yellowish skin,dark urine,nausea,loss of appetite,abdominal pain,diarrhoea,mild fever,yellowing of eyes,muscle pain,,,,,,,
hepatitis A,joint pain,yellowish skin,dark urine,nausea,loss of appetite,abdominal pain,diarrhoea,mild fever,yellowing of eyes,muscle pain,,,,,,,
hepatitis A,joint pain,vomiting,dark urine,nausea,loss of appetite,abdominal pain,diarrhoea,mild fever,yellowing of eyes,muscle pain,,,,,,,
hepatitis A,joint pain,vomiting,yellowish skin,nausea,loss of appetite,abdominal pain,diarrhoea,mild fever,yellowing of eyes,muscle pain,,,,,,,
hepatitis A,joint pain,vomiting,yellowish skin,dark urine,loss of appetite,abdominal pain,diarrhoea,mild fever,yellowing of eyes,muscle pain,,,,,,,
hepatitis A,joint pain,vomiting,yellowish skin,dark urine,nausea,abdominal pain,diarrhoea,mild fever,yellowing of eyes,muscle pain,,,,,,,
hepatitis A,joint pain,vomiting,yellowish skin,dark urine,nausea,loss of appetite,diarrhoea,mild fever,yellowing of eyes,muscle pain,,,,,,,
hepatitis A,joint pain,vomiting,yellowish skin,dark urine,nausea,loss of appetite,abdominal pain,mild fever,yellowing of eyes,muscle pain,,,,,,,
Hepatitis B,itching,fatigue,lethargy,yellowish skin,dark urine,loss of appetite,abdominal pain,yellow urine,yellowing of eyes,malaise,blood transfusion,injections,,,,,
Hepatitis B,itching,fatigue,lethargy,yellowish skin,dark urine,loss of appetite,abdominal pain,yellow urine,yellowing of eyes,malaise,blood transfusion,injections,,,,,
Hepatitis B,fatigue,lethargy,yellowish skin,dark urine,loss of appetite,abdominal pain,yellow urine,yellowing of eyes,malaise,blood transfusion,injections,,,,,,
Hepatitis B,itching,lethargy,yellowish skin,dark urine,loss of appetite,abdominal pain,yellow urine,yellowing of eyes,malaise,blood transfusion,injections,,,,,,
Hepatitis B,itching,fatigue,yellowish skin,dark urine,loss of appetite,abdominal pain,yellow urine,yellowing of eyes,malaise,blood transfusion,injections,,,,,,
Hepatitis B,itching,fatigue,lethargy,dark urine,loss of appetite,abdominal pain,yellow urine,yellowing of eyes,malaise,blood transfusion,injections,,,,,,
Hepatitis B,itching,fatigue,lethargy,yellowish skin,loss of appetite,abdominal pain,yellow urine,yellowing of eyes,malaise,blood transfusion,injections,,,,,,
Hepatitis B,itching,fatigue,lethargy,yellowish skin,dark urine,abdominal pain,yellow urine,yellowing of eyes,malaise,blood transfusion,injections,,,,,,
Hepatitis B,itching,fatigue,lethargy,yellowish skin,dark urine,loss of appetite,yellow urine,yellowing of eyes,malaise,blood transfusion,injections,,,,,,
Hepatitis B,itching,fatigue,lethargy,yellowish skin,dark urine,loss of appetite,abdominal pain,yellowing of eyes,malaise,blood transfusion,injections,,,,,,
Hepatitis C,fatigue,yellowish skin,nausea,loss of appetite,family history,,,,,,,,,,,,
Hepatitis C,fatigue,yellowish skin,nausea,loss of appetite,yellowing of eyes,family history,,,,,,,,,,,
Hepatitis C,yellowish skin,nausea,loss of appetite,yellowing of eyes,family history,,,,,,,,,,,,
Hepatitis C,fatigue,nausea,loss of appetite,yellowing of eyes,family history,,,,,,,,,,,,
Hepatitis C,fatigue,yellowish skin,loss of appetite,yellowing of eyes,family history,,,,,,,,,,,,
Hepatitis C,fatigue,yellowish skin,nausea,yellowing of eyes,family history,,,,,,,,,,,,
Hepatitis C,fatigue,yellowish skin,nausea,loss of appetite,family history,,,,,,,,,,,,
Hepatitis C,fatigue,yellowish skin,nausea,loss of appetite,yellowing of eyes,,,,,,,,,,,,
Hepatitis C,fatigue,yellowish skin,nausea,loss of appetite,yellowing of eyes,family history,,,,,,,,,,,
Hepatitis C,fatigue,yellowish skin,nausea,loss of appetite,yellowing of eyes,family history,,,,,,,,,,,
Hepatitis D,joint pain,vomiting,fatigue,yellowish skin,dark urine,nausea,loss of appetite,abdominal pain,yellowing of eyes,,,,,,,,
Hepatitis D,vomiting,fatigue,yellowish skin,dark urine,nausea,loss of appetite,abdominal pain,yellowing of eyes,,,,,,,,,
Hepatitis D,joint pain,fatigue,yellowish skin,dark urine,nausea,loss of appetite,abdominal pain,yellowing of eyes,,,,,,,,,
Hepatitis D,joint pain,vomiting,yellowish skin,dark urine,nausea,loss of appetite,abdominal pain,yellowing of eyes,,,,,,,,,
Hepatitis D,joint pain,vomiting,fatigue,dark urine,nausea,loss of appetite,abdominal pain,yellowing of eyes,,,,,,,,,
Hepatitis D,joint pain,vomiting,fatigue,yellowish skin,nausea,loss of appetite,abdominal pain,yellowing of eyes,,,,,,,,,
Hepatitis D,joint pain,vomiting,fatigue,yellowish skin,dark urine,loss of appetite,abdominal pain,yellowing of eyes,,,,,,,,,
Hepatitis D,joint pain,vomiting,fatigue,yellowish skin,dark urine,nausea,abdominal pain,yellowing of eyes,,,,,,,,,
Hepatitis D,joint pain,vomiting,fatigue,yellowish skin,dark urine,nausea,loss of appetite,yellowing of eyes,,,,,,,,,
Hepatitis D,joint pain,vomiting,fatigue,yellowish skin,dark urine,nausea,loss of appetite,abdominal pain,,,,,,,,,
Hepatitis E,joint pain,vomiting,fatigue,high fever,yellowish skin,dark urine,nausea,loss of appetite,abdominal pain,yellowing of eyes,unconscious,blood in vomit,,,,,
Hepatitis E,joint pain,vomiting,fatigue,high fever,yellowish skin,dark urine,nausea,loss of appetite,abdominal pain,yellowing of eyes,acute liver failure,unconscious,blood in vomit,,,,
Hepatitis E,joint pain,vomiting,fatigue,high fever,yellowish skin,dark urine,nausea,loss of appetite,abdominal pain,yellowing of eyes,acute liver failure,unconscious,blood in vomit,,,,
Hepatitis E,vomiting,fatigue,high fever,yellowish skin,dark urine,nausea,loss of appetite,abdominal pain,yellowing of eyes,acute liver failure,unconscious,blood in vomit,,,,,
Hepatitis E,joint pain,fatigue,high fever,yellowish skin,dark urine,nausea,loss of appetite,abdominal pain,yellowing of eyes,acute liver failure,unconscious,blood in vomit,,,,,
Hepatitis E,joint pain,vomiting,high fever,yellowish skin,dark urine,nausea,loss of appetite,abdominal pain,yellowing of eyes,acute liver failure,unconscious,blood in vomit,,,,,
Hepatitis E,joint pain,vomiting,fatigue,yellowish skin,dark urine,nausea,loss of appetite,abdominal pain,yellowing of eyes,acute liver failure,unconscious,blood in vomit,,,,,
Hepatitis E,joint pain,vomiting,fatigue,high fever,dark urine,nausea,loss of appetite,abdominal pain,yellowing of eyes,acute liver failure,unconscious,blood in vomit,,,,,
Hepatitis E,joint pain,vomiting,fatigue,high fever,yellowish skin,nausea,loss of appetite,abdominal pain,yellowing of eyes,acute liver failure,unconscious,blood in vomit,,,,,
Hepatitis E,joint pain,vomiting,fatigue,high fever,yellowish skin,dark urine,loss of appetite,abdominal pain,yellowing of eyes,acute liver failure,unconscious,blood in vomit,,,,,
Alcoholic hepatitis,vomiting,yellowish skin,abdominal pain,swelling of stomach,bloated stomach,alcohol use,swelling,,,,,,,,,,
Alcoholic hepatitis,vomiting,yellowish skin,abdominal pain,swelling of stomach,bloated stomach,alcohol use,swelling,,,,,,,,,,
Alcoholic hepatitis,yellowish skin,abdominal pain,swelling of stomach,bloated stomach,alcohol use,swelling,,,,,,,,,,,
Alcoholic hepatitis,vomiting,abdominal pain,swelling of stomach,bloated stomach,alcohol use,swelling,,,,,,,,,,,
Alcoholic hepatitis,vomiting,yellowish skin,swelling of stomach,bloated stomach,alcohol use,swelling,,,,,,,,,,,
Alcoholic hepatitis,vomiting,yellowish skin,abdominal pain,bloated stomach,alcohol use,swelling,,,,,,,,,,,
Alcoholic hepatitis,vomiting,yellowish skin,abdominal pain,swelling of stomach,alcohol use,swelling,,,,,,,,,,,
Alcoholic hepatitis,vomiting,yellowish skin,abdominal pain,swelling of stomach,bloated stomach,swelling,,,,,,,,,,,
Alcoholic hepatitis,vomiting,yellowish skin,abdominal pain,swelling of stomach,bloated stomach,alcohol use,,,,,,,,,,,
Alcoholic hepatitis,vomiting,yellowish skin,abdominal pain,swelling of stomach,bloated stomach,alcohol use,swelling,,,,,,,,,,
Tuberculosis,chills,vomiting,fatigue,weight loss,cough,high fever,breathlessness,sweating,loss of appetite,mild fever,yellowing of eyes,swelled lymph nodes,malaise,phlegm,chest pain,blood in sputum,
Tuberculosis,chills,vomiting,fatigue,weight loss,cough,high fever,breathlessness,sweating,loss of appetite,mild fever,yellowing of eyes,swelled lymph nodes,malaise,phlegm,chest pain,blood in sputum,
Tuberculosis,vomiting,fatigue,weight loss,cough,high fever,breathlessness,sweating,loss of appetite,mild fever,yellowing of eyes,swelled lymph nodes,malaise,phlegm,chest pain,blood in sputum,,
Tuberculosis,chills,fatigue,weight loss,cough,high fever,breathlessness,sweating,loss of appetite,mild fever,yellowing of eyes,swelled lymph nodes,malaise,phlegm,chest pain,blood in sputum,,
Tuberculosis,chills,vomiting,weight loss,cough,high fever,breathlessness,sweating,loss of appetite,mild fever,yellowing of eyes,swelled lymph nodes,malaise,phlegm,chest pain,blood in sputum,,
Tuberculosis,chills,vomiting,fatigue,cough,high fever,breathlessness,sweating,loss of appetite,mild fever,yellowing of eyes,swelled lymph nodes,malaise,phlegm,chest pain,blood in sputum,,
Tuberculosis,chills,vomiting,fatigue,weight loss,high fever,breathlessness,sweating,loss of appetite,mild fever,yellowing of eyes,swelled lymph nodes,malaise,phlegm,chest pain,blood in sputum,,
Tuberculosis,chills,vomiting,fatigue,weight loss,cough,breathlessness,sweating,loss of appetite,mild fever,yellowing of eyes,swelled lymph nodes,malaise,phlegm,chest pain,blood in sputum,,
Tuberculosis,chills,vomiting,fatigue,weight loss,cough,high fever,sweating,loss of appetite,mild fever,yellowing of eyes,swelled lymph nodes,malaise,phlegm,chest pain,blood in sputum,,
Tuberculosis,chills,vomiting,fatigue,weight loss,cough,high fever,breathlessness,loss of appetite,mild fever,yellowing of eyes,swelled lymph nodes,malaise,phlegm,chest pain,blood in sputum,,
Common Cold,continuous sneezing,chills,fatigue,cough,high fever,headache,swelled lymph nodes,malaise,phlegm,throat irritation,redness of eyes,sinus pain,runny nose,congestion,chest pain,loss of smell,muscle pain
Common Cold,continuous sneezing,chills,fatigue,cough,high fever,headache,swelled lymph nodes,malaise,phlegm,throat irritation,redness of eyes,sinus pain,runny nose,congestion,chest pain,loss of smell,muscle pain
Common Cold,chills,fatigue,cough,high fever,headache,swelled lymph nodes,malaise,phlegm,throat irritation,redness of eyes,sinus pain,runny nose,congestion,chest pain,loss of smell,muscle pain,
Common Cold,continuous sneezing,fatigue,cough,high fever,headache,swelled lymph nodes,malaise,phlegm,throat irritation,redness of eyes,sinus pain,runny nose,congestion,chest pain,loss of smell,muscle pain,
Common Cold,continuous sneezing,chills,cough,high fever,headache,swelled lymph nodes,malaise,phlegm,throat irritation,redness of eyes,sinus pain,runny nose,congestion,chest pain,loss of smell,muscle pain,
Common Cold,continuous sneezing,chills,fatigue,high fever,headache,swelled lymph nodes,malaise,phlegm,throat irritation,redness of eyes,sinus pain,runny nose,congestion,chest pain,loss of smell,muscle pain,
Common Cold,continuous sneezing,chills,fatigue,cough,headache,swelled lymph nodes,malaise,phlegm,throat irritation,redness of eyes,sinus pain,runny nose,congestion,chest pain,loss of smell,muscle pain,
Common Cold,continuous sneezing,chills,fatigue,cough,high fever,swelled lymph nodes,malaise,phlegm,throat irritation,redness of eyes,sinus pain,runny nose,congestion,chest pain,loss of smell,muscle pain,
Common Cold,continuous sneezing,chills,fatigue,cough,high fever,headache,malaise,phlegm,throat irritation,redness of eyes,sinus pain,runny nose,congestion,chest pain,loss of smell,muscle pain,
Common Cold,continuous sneezing,chills,fatigue,cough,high fever,headache,swelled lymph nodes,phlegm,throat irritation,redness of eyes,sinus pain,runny nose,congestion,chest pain,loss of smell,muscle pain,
Pneumonia,chills,fatigue,cough,high fever,breathlessness,sweating,malaise,chest pain,fast heart rate,bloody mucus,,,,,,,
Pneumonia,chills,fatigue,cough,high fever,breathlessness,sweating,malaise,phlegm,chest pain,fast heart rate,bloody mucus,,,,,,
Pneumonia,chills,fatigue,cough,high fever,breathlessness,sweating,malaise,phlegm,chest pain,fast heart rate,bloody mucus,,,,,,
Pneumonia,fatigue,cough,high fever,breathlessness,sweating,malaise,phlegm,chest pain,fast heart rate,bloody mucus,,,,,,,
Pneumonia,chills,cough,high fever,breathlessness,sweating,malaise,phlegm,chest pain,fast heart rate,bloody mucus,,,,,,,
Pneumonia,chills,fatigue,high fever,breathlessness,sweating,malaise,phlegm,chest pain,fast heart rate,bloody mucus,,,,,,,
Pneumonia,chills,fatigue,cough,breathlessness,sweating,malaise,phlegm,chest pain,fast heart rate,bloody mucus,,,,,,,
Pneumonia,chills,fatigue,cough,high fever,sweating,malaise,phlegm,chest pain,fast heart rate,bloody mucus,,,,,,,
Pneumonia,chills,fatigue,cough,high fever,breathlessness,malaise,phlegm,chest pain,fast heart rate,bloody mucus,,,,,,,
Pneumonia,chills,fatigue,cough,high fever,breathlessness,sweating,phlegm,chest pain,fast heart rate,bloody mucus,,,,,,,
Dimorphic hemmorhoids(piles),constipation,pain during bowel movements,pain in anal region,bloody stool,irritation in anus,,,,,,,,,,,,
Dimorphic hemmorhoids(piles),constipation,pain during bowel movements,pain in anal region,bloody stool,irritation in anus,,,,,,,,,,,,
Dimorphic hemmorhoids(piles),constipation,pain during bowel movements,pain in anal region,bloody stool,irritation in anus,,,,,,,,,,,,
Dimorphic hemmorhoids(piles),pain during bowel movements,pain in anal region,bloody stool,irritation in anus,,,,,,,,,,,,,
Dimorphic hemmorhoids(piles),constipation,pain in anal region,bloody stool,irritation in anus,,,,,,,,,,,,,
Dimorphic hemmorhoids(piles),constipation,pain during bowel movements,bloody stool,irritation in anus,,,,,,,,,,,,,
Dimorphic hemmorhoids(piles),constipation,pain during bowel movements,pain in anal region,irritation in anus,,,,,,,,,,,,,
Dimorphic hemmorhoids(piles),constipation,pain during bowel movements,pain in anal region,bloody stool,,,,,,,,,,,,,
Dimorphic hemmorhoids(piles),constipation,pain during bowel movements,pain in anal region,bloody stool,irritation in anus,,,,,,,,,,,,
Dimorphic hemmorhoids(piles),constipation,pain during bowel movements,pain in anal region,bloody stool,irritation in anus,,,,,,,,,,,,
Heart attack,vomiting,breathlessness,sweating,chest pain,,,,,,,,,,,,,
Heart attack,vomiting,breathlessness,sweating,chest pain,,,,,,,,,,,,,
Heart attack,breathlessness,sweating,chest pain,,,,,,,,,,,,,,
Heart attack,vomiting,sweating,chest pain,,,,,,,,,,,,,,
Heart attack,vomiting,breathlessness,chest pain,,,,,,,,,,,,,,
Heart attack,vomiting,breathlessness,sweating,,,,,,,,,,,,,,
Heart attack,vomiting,breathlessness,sweating,chest pain,,,,,,,,,,,,,
Heart attack,breathlessness,sweating,chest pain,,,,,,,,,,,,,,
Heart attack,vomiting,sweating,chest pain,,,,,,,,,,,,,,
Heart attack,vomiting,breathlessness,chest pain,,,,,,,,,,,,,,
Varicose veins,fatigue,cramps,bruising,obesity,swollen legs,swollen blood vessels,veins on legs,,,,,,,,,,
Varicose veins,fatigue,cramps,bruising,obesity,swollen legs,swollen blood vessels,veins on legs,,,,,,,,,,
Varicose veins,cramps,bruising,obesity,swollen legs,swollen blood vessels,veins on legs,,,,,,,,,,,
Varicose veins,fatigue,bruising,obesity,swollen legs,swollen blood vessels,veins on legs,,,,,,,,,,,
Varicose veins,fatigue,cramps,obesity,swollen legs,swollen blood vessels,veins on legs,,,,,,,,,,,
Varicose veins,fatigue,cramps,bruising,swollen legs,swollen blood vessels,veins on legs,,,,,,,,,,,
Varicose veins,fatigue,cramps,bruising,obesity,swollen blood vessels,veins on legs,,,,,,,,,,,
Varicose veins,fatigue,cramps,bruising,obesity,swollen legs,veins on legs,,,,,,,,,,,
Varicose veins,fatigue,cramps,bruising,obesity,swollen legs,swollen blood vessels,,,,,,,,,,,
Varicose veins,fatigue,cramps,bruising,obesity,swollen legs,veins on legs,,,,,,,,,,,
Hypothyroidism,fatigue,weight gain,cold hands and feets,mood swings,lethargy,dizziness,puffy face,swollen neck,weak nails,swollen limbs,depression,irritability,irregular periods,,,,
Hypothyroidism,fatigue,weight gain,cold hands and feets,mood swings,lethargy,dizziness,puffy face,swollen neck,weak nails,swollen limbs,depression,irritability,irregular periods,,,,
Hypothyroidism,weight gain,cold hands and feets,mood swings,lethargy,dizziness,puffy face,swollen neck,weak nails,swollen limbs,depression,irritability,irregular periods,,,,,
Hypothyroidism,weight gain,cold hands and feets,mood swings,lethargy,dizziness,puffy face,swollen neck,weak nails,swollen limbs,depression,irritability,irregular periods,,,,,
Hypothyroidism,fatigue,cold hands and feets,mood swings,lethargy,dizziness,puffy face,swollen neck,weak nails,swollen limbs,depression,irritability,irregular periods,,,,,
Hypothyroidism,fatigue,weight gain,mood swings,lethargy,dizziness,puffy face,swollen neck,weak nails,swollen limbs,depression,irritability,irregular periods,,,,,
Hypothyroidism,fatigue,weight gain,cold hands and feets,lethargy,dizziness,puffy face,swollen neck,weak nails,swollen limbs,depression,irritability,irregular periods,,,,,
Hypothyroidism,fatigue,weight gain,cold hands and feets,mood swings,dizziness,puffy face,swollen neck,weak nails,swollen limbs,depression,irritability,irregular periods,,,,,
Hypothyroidism,fatigue,weight gain,cold hands and feets,mood swings,lethargy,puffy face,swollen neck,weak nails,swollen limbs,depression,irritability,irregular periods,,,,,
Hypothyroidism,fatigue,weight gain,cold hands and feets,mood swings,lethargy,dizziness,swollen neck,weak nails,swollen limbs,depression,irritability,irregular periods,,,,,
Hyperthyroidism,fatigue,mood swings,weight loss,restlessness,sweating,diarrhoea,fast heart rate,excessive hunger,muscle weakness,irritability,irregular periods,,,,,,
Hyperthyroidism,fatigue,mood swings,weight loss,restlessness,sweating,diarrhoea,fast heart rate,excessive hunger,muscle weakness,irritability,irregular periods,,,,,,
Hyperthyroidism,mood swings,weight loss,restlessness,sweating,diarrhoea,fast heart rate,excessive hunger,muscle weakness,irritability,irregular periods,,,,,,,
Hyperthyroidism,fatigue,weight loss,restlessness,sweating,diarrhoea,fast heart rate,excessive hunger,muscle weakness,irritability,irregular periods,,,,,,,
Hyperthyroidism,fatigue,mood swings,restlessness,sweating,diarrhoea,fast heart rate,excessive hunger,muscle weakness,irritability,irregular periods,,,,,,,
Hyperthyroidism,fatigue,mood swings,weight loss,sweating,diarrhoea,fast heart rate,excessive hunger,muscle weakness,irritability,irregular periods,,,,,,,
Hyperthyroidism,fatigue,mood swings,weight loss,restlessness,diarrhoea,fast heart rate,excessive hunger,muscle weakness,irritability,irregular periods,,,,,,,
Hyperthyroidism,fatigue,mood swings,weight loss,restlessness,sweating,fast heart rate,excessive hunger,muscle weakness,irritability,irregular periods,,,,,,,
Hyperthyroidism,fatigue,mood swings,weight loss,restlessness,sweating,diarrhoea,excessive hunger,muscle weakness,irritability,irregular periods,,,,,,,
Hyperthyroidism,fatigue,mood swings,weight loss,restlessness,sweating,diarrhoea,fast heart rate,muscle weakness,irritability,irregular periods,,,,,,,
Hypoglycemia,vomiting,fatigue,anxiety,sweating,headache,nausea,blurry vision,excessive hunger,slurring,irritability,fast heart beat,,,,,,
Hypoglycemia,vomiting,fatigue,anxiety,sweating,headache,nausea,blurry vision,excessive hunger,tingling lips,slurring,irritability,fast heart beat,,,,,
Hypoglycemia,vomiting,fatigue,anxiety,sweating,headache,nausea,blurry vision,excessive hunger,tingling lips,slurring,irritability,fast heart beat,,,,,
Hypoglycemia,fatigue,anxiety,sweating,headache,nausea,blurry vision,excessive hunger,tingling lips,slurring,irritability,fast heart beat,,,,,,
Hypoglycemia,vomiting,anxiety,sweating,headache,nausea,blurry vision,excessive hunger,tingling lips,slurring,irritability,fast heart beat,,,,,,
Hypoglycemia,vomiting,fatigue,sweating,headache,nausea,blurry vision,excessive hunger,tingling lips,slurring,irritability,fast heart beat,,,,,,
Hypoglycemia,vomiting,fatigue,anxiety,headache,nausea,blurry vision,excessive hunger,tingling lips,slurring,irritability,fast heart beat,,,,,,
Hypoglycemia,vomiting,fatigue,anxiety,sweating,nausea,blurry vision,excessive hunger,tingling lips,slurring,irritability,fast heart beat,,,,,,
Hypoglycemia,vomiting,fatigue,anxiety,sweating,headache,blurry vision,excessive hunger,tingling lips,slurring,irritability,fast heart beat,,,,,,
Hypoglycemia,vomiting,fatigue,anxiety,sweating,headache,nausea,excessive hunger,tingling lips,slurring,irritability,fast heart beat,,,,,,
Osteoarthristis,joint pain,neck pain,knee pain,hip joint pain,swelling joints,painful walking,,,,,,,,,,,
Osteoarthristis,joint pain,neck pain,knee pain,hip joint pain,swelling joints,painful walking,,,,,,,,,,,
Osteoarthristis,neck pain,knee pain,hip joint pain,swelling joints,painful walking,,,,,,,,,,,,
Osteoarthristis,joint pain,knee pain,hip joint pain,swelling joints,painful walking,,,,,,,,,,,,
Osteoarthristis,joint pain,neck pain,hip joint pain,swelling joints,painful walking,,,,,,,,,,,,
Osteoarthristis,joint pain,neck pain,knee pain,swelling joints,painful walking,,,,,,,,,,,,
Osteoarthristis,joint pain,neck pain,knee pain,hip joint pain,painful walking,,,,,,,,,,,,
Osteoarthristis,joint pain,neck pain,knee pain,hip joint pain,swelling joints,,,,,,,,,,,,
Osteoarthristis,joint pain,neck pain,knee pain,hip joint pain,swelling joints,painful walking,,,,,,,,,,,
Osteoarthristis,joint pain,neck pain,knee pain,hip joint pain,swelling joints,painful walking,,,,,,,,,,,
Arthritis,muscle weakness,stiff neck,swelling joints,movement stiffness,painful walking,,,,,,,,,,,,
Arthritis,muscle weakness,stiff neck,swelling joints,movement stiffness,painful walking,,,,,,,,,,,,
Arthritis,stiff neck,swelling joints,movement stiffness,painful walking,,,,,,,,,,,,,
Arthritis,muscle weakness,swelling joints,movement stiffness,painful walking,,,,,,,,,,,,,
Arthritis,muscle weakness,stiff neck,movement stiffness,painful walking,,,,,,,,,,,,,
Arthritis,muscle weakness,stiff neck,swelling joints,painful walking,,,,,,,,,,,,,
Arthritis,muscle weakness,stiff neck,swelling joints,movement stiffness,painful walking,,,,,,,,,,,,
Arthritis,muscle weakness,stiff neck,swelling joints,movement stiffness,,,,,,,,,,,,,
Arthritis,muscle weakness,stiff neck,swelling joints,movement stiffness,painful walking,,,,,,,,,,,,
Arthritis,muscle weakness,stiff neck,swelling joints,movement stiffness,painful walking,,,,,,,,,,,,
(vertigo) Paroymsal  Positional Vertigo,vomiting,headache,nausea,spinning movements,loss of balance,unsteadiness,,,,,,,,,,,
(vertigo) Paroymsal  Positional Vertigo,vomiting,headache,nausea,spinning movements,loss of balance,unsteadiness,,,,,,,,,,,
(vertigo) Paroymsal  Positional Vertigo,headache,nausea,spinning movements,loss of balance,unsteadiness,,,,,,,,,,,,
(vertigo) Paroymsal  Positional Vertigo,vomiting,nausea,spinning movements,loss of balance,unsteadiness,,,,,,,,,,,,
(vertigo) Paroymsal  Positional Vertigo,vomiting,headache,spinning movements,loss of balance,unsteadiness,,,,,,,,,,,,
(vertigo) Paroymsal  Positional Vertigo,vomiting,headache,nausea,loss of balance,unsteadiness,,,,,,,,,,,,
(vertigo) Paroymsal  Positional Vertigo,vomiting,headache,nausea,spinning movements,unsteadiness,,,,,,,,,,,,
(vertigo) Paroymsal  Positional Vertigo,vomiting,headache,nausea,spinning movements,loss of balance,,,,,,,,,,,,
(vertigo) Paroymsal  Positional Vertigo,vomiting,headache,nausea,spinning movements,loss of balance,unsteadiness,,,,,,,,,,,
(vertigo) Paroymsal  Positional Vertigo,vomiting,headache,nausea,loss of balance,unsteadiness,,,,,,,,,,,,
Acne,skin rash,pus filled pimples,blackheads,scurring,,,,,,,,,,,,,
Acne,skin rash,pus filled pimples,blackheads,scurring,,,,,,,,,,,,,
Acne,pus filled pimples,blackheads,scurring,,,,,,,,,,,,,,
Acne,skin rash,blackheads,scurring,,,,,,,,,,,,,,
Acne,skin rash,pus filled pimples,scurring,,,,,,,,,,,,,,
Acne,skin rash,pus filled pimples,blackheads,,,,,,,,,,,,,,
Acne,skin rash,pus filled pimples,blackheads,scurring,,,,,,,,,,,,,
Acne,skin rash,pus filled pimples,blackheads,,,,,,,,,,,,,,
Acne,skin rash,pus filled pimples,scurring,,,,,,,,,,,,,,
Acne,skin rash,blackheads,scurring,,,,,,,,,,,,,,
Urinary tract infection,burning pee,bladder discomfort,foul smell of urine,need to pee,,,,,,,,,,,,,
Urinary tract infection,burning pee,bladder discomfort,foul smell of urine,need to pee,,,,,,,,,,,,,
Urinary tract infection,bladder discomfort,foul smell of urine,need to pee,,,,,,,,,,,,,,
Urinary tract infection,burning pee,foul smell of urine,need to pee,,,,,,,,,,,,,,
Urinary tract infection,burning pee,bladder discomfort,need to pee,,,,,,,,,,,,,,
Urinary tract infection,burning pee,bladder discomfort,foul smell of urine,,,,,,,,,,,,,,
Urinary tract infection,burning pee,bladder discomfort,foul smell of urine,need to pee,,,,,,,,,,,,,
Urinary tract infection,burning pee,bladder discomfort,need to pee,,,,,,,,,,,,,,
Urinary tract infection,bladder discomfort,foul smell of urine,need to pee,,,,,,,,,,,,,,
Urinary tract infection,burning pee,bladder discomfort,need to pee,,,,,,,,,,,,,,
Psoriasis,skin rash,joint pain,skin peeling,silver like dusting,small dents in nails,inflammatory nails,,,,,,,,,,,
Psoriasis,skin rash,joint pain,skin peeling,silver like dusting,small dents in nails,inflammatory nails,,,,,,,,,,,
Psoriasis,joint pain,skin peeling,silver like dusting,small dents in nails,inflammatory nails,,,,,,,,,,,,
Psoriasis,skin rash,skin peeling,silver like dusting,small dents in nails,inflammatory nails,,,,,,,,,,,,
Psoriasis,skin rash,joint pain,silver like dusting,small dents in nails,inflammatory nails,,,,,,,,,,,,
Psoriasis,skin rash,joint pain,skin peeling,small dents in nails,inflammatory nails,,,,,,,,,,,,
Psoriasis,skin rash,joint pain,skin peeling,silver like dusting,inflammatory nails,,,,,,,,,,,,
Psoriasis,skin rash,joint pain,skin peeling,silver like dusting,small dents in nails,,,,,,,,,,,,
Psoriasis,skin rash,joint pain,skin peeling,silver like dusting,small dents in nails,inflammatory nails,,,,,,,,,,,
Psoriasis,skin rash,joint pain,skin peeling,silver like dusting,small dents in nails,inflammatory nails,,,,,,,,,,,
Impetigo,skin rash,high fever,blister,red sore around nose,yellow crust ooze,,,,,,,,,,,,
Impetigo,skin rash,high fever,blister,red sore around nose,yellow crust ooze,,,,,,,,,,,,
Impetigo,high fever,blister,red sore around nose,yellow crust ooze,,,,,,,,,,,,,
Impetigo,skin rash,blister,red sore around nose,yellow crust ooze,,,,,,,,,,,,,
Impetigo,skin rash,blister,red sore around nose,yellow crust ooze,,,,,,,,,,,,,
Impetigo,skin rash,high fever,red sore around nose,yellow crust ooze,,,,,,,,,,,,,
Impetigo,skin rash,high fever,blister,yellow crust ooze,,,,,,,,,,,,,
Impetigo,skin rash,high fever,blister,red sore around nose,,,,,,,,,,,,,
Impetigo,skin rash,high fever,blister,red sore around nose,yellow crust ooze,,,,,,,,,,,,
Impetigo,skin rash,blister,red sore around nose,yellow crust ooze,,,,,,,,,,,,,
Fungal infection,itching,skin rash,skin bumps,discolored skin patches,,,,,,,,,,,,,
Fungal infection,skin rash,skin bumps,discolored skin patches,,,,,,,,,,,,,,
Fungal infection,itching,skin bumps,discolored skin patches,,,,,,,,,,,,,,
Fungal infection,itching,skin rash,discolored skin patches,,,,,,,,,,,,,,
Fungal infection,itching,skin rash,skin bumps,,,,,,,,,,,,,,
Fungal infection,skin rash,skin bumps,discolored skin patches,,,,,,,,,,,,,,
Fungal infection,itching,skin bumps,discolored skin patches,,,,,,,,,,,,,,
Fungal infection,itching,skin rash,discolored skin patches,,,,,,,,,,,,,,
Fungal infection,itching,skin rash,skin bumps,,,,,,,,,,,,,,
Fungal infection,itching,skin rash,skin bumps,discolored skin patches,,,,,,,,,,,,,
Allergy,continuous sneezing,shivering,chills,watery eyes,,,,,,,,,,,,,
Allergy,shivering,chills,watery eyes,,,,,,,,,,,,,,
Allergy,continuous sneezing,chills,watery eyes,,,,,,,,,,,,,,
Allergy,continuous sneezing,shivering,watery eyes,,,,,,,,,,,,,,
Allergy,continuous sneezing,shivering,chills,,,,,,,,,,,,,,
Allergy,shivering,chills,watery eyes,,,,,,,,,,,,,,
Allergy,continuous sneezing,chills,watery eyes,,,,,,,,,,,,,,
Allergy,continuous sneezing,shivering,watery eyes,,,,,,,,,,,,,,
Allergy,continuous sneezing,shivering,chills,,,,,,,,,,,,,,
Allergy,continuous sneezing,shivering,chills,watery eyes,,,,,,,,,,,,,
GERD,stomach pain,acidity,ulcers on tongue,vomiting,cough,chest pain,,,,,,,,,,,
GERD,stomach pain,ulcers on tongue,vomiting,cough,chest pain,,,,,,,,,,,,
GERD,stomach pain,acidity,vomiting,cough,chest pain,,,,,,,,,,,,
GERD,stomach pain,acidity,ulcers on tongue,cough,chest pain,,,,,,,,,,,,
GERD,stomach pain,acidity,ulcers on tongue,vomiting,chest pain,,,,,,,,,,,,
GERD,stomach pain,acidity,ulcers on tongue,vomiting,cough,,,,,,,,,,,,
GERD,acidity,ulcers on tongue,vomiting,cough,chest pain,,,,,,,,,,,,
GERD,stomach pain,ulcers on tongue,vomiting,cough,chest pain,,,,,,,,,,,,
GERD,stomach pain,acidity,vomiting,cough,chest pain,,,,,,,,,,,,
GERD,stomach pain,acidity,ulcers on tongue,cough,chest pain,,,,,,,,,,,,
Chronic cholestasis,itching,vomiting,yellowish skin,nausea,loss of appetite,abdominal pain,yellowing of eyes,,,,,,,,,,
Chronic cholestasis,vomiting,yellowish skin,nausea,loss of appetite,abdominal pain,yellowing of eyes,,,,,,,,,,,
Chronic cholestasis,itching,yellowish skin,nausea,loss of appetite,abdominal pain,yellowing of eyes,,,,,,,,,,,
Chronic cholestasis,itching,vomiting,nausea,loss of appetite,abdominal pain,yellowing of eyes,,,,,,,,,,,
Chronic cholestasis,itching,vomiting,yellowish skin,loss of appetite,abdominal pain,yellowing of eyes,,,,,,,,,,,
Chronic cholestasis,itching,vomiting,yellowish skin,nausea,abdominal pain,yellowing of eyes,,,,,,,,,,,
Chronic cholestasis,itching,vomiting,yellowish skin,nausea,loss of appetite,yellowing of eyes,,,,,,,,,,,
Chronic cholestasis,itching,vomiting,yellowish skin,nausea,loss of appetite,abdominal pain,,,,,,,,,,,
Chronic cholestasis,itching,vomiting,yellowish skin,nausea,loss of appetite,abdominal pain,yellowing of eyes,,,,,,,,,,
Chronic cholestasis,itching,vomiting,yellowish skin,nausea,loss of appetite,abdominal pain,yellowing of eyes,,,,,,,,,,
Drug Reaction,itching,skin rash,stomach pain,burning pee,spotting urine,,,,,,,,,,,,
Drug Reaction,itching,stomach pain,burning pee,spotting urine,,,,,,,,,,,,,
Drug Reaction,itching,skin rash,burning pee,spotting urine,,,,,,,,,,,,,
Drug Reaction,itching,skin rash,stomach pain,spotting urine,,,,,,,,,,,,,
Drug Reaction,itching,skin rash,stomach pain,burning pee,,,,,,,,,,,,,
Drug Reaction,skin rash,stomach pain,burning pee,spotting urine,,,,,,,,,,,,,
Drug Reaction,itching,stomach pain,burning pee,spotting urine,,,,,,,,,,,,,
Drug Reaction,itching,skin rash,burning pee,spotting urine,,,,,,,,,,,,,
Drug Reaction,itching,skin rash,stomach pain,spotting urine,,,,,,,,,,,,,
Drug Reaction,itching,skin rash,stomach pain,burning pee,,,,,,,,,,,,,
Peptic ulcer diseae,vomiting,loss of appetite,abdominal pain,farting,itching inside,,,,,,,,,,,,
Peptic ulcer diseae,vomiting,indigestion,abdominal pain,farting,itching inside,,,,,,,,,,,,
Peptic ulcer diseae,indigestion,loss of appetite,abdominal pain,farting,itching inside,,,,,,,,,,,,
Peptic ulcer diseae,vomiting,loss of appetite,abdominal pain,farting,itching inside,,,,,,,,,,,,
Peptic ulcer diseae,vomiting,indigestion,abdominal pain,farting,itching inside,,,,,,,,,,,,
Peptic ulcer diseae,vomiting,indigestion,loss of appetite,farting,itching inside,,,,,,,,,,,,
Peptic ulcer diseae,vomiting,indigestion,loss of appetite,abdominal pain,itching inside,,,,,,,,,,,,
Peptic ulcer diseae,vomiting,indigestion,loss of appetite,abdominal pain,farting,,,,,,,,,,,,
Peptic ulcer diseae,vomiting,indigestion,loss of appetite,abdominal pain,farting,itching inside,,,,,,,,,,,
Peptic ulcer diseae,vomiting,indigestion,loss of appetite,abdominal pain,farting,itching inside,,,,,,,,,,,
AIDS,muscle wasting,patches in throat,high fever,extra marital contacts,,,,,,,,,,,,,
AIDS,patches in throat,high fever,extra marital contacts,,,,,,,,,,,,,,
AIDS,muscle wasting,high fever,extra marital contacts,,,,,,,,,,,,,,
AIDS,muscle wasting,patches in throat,extra marital contacts,,,,,,,,,,,,,,
AIDS,muscle wasting,patches in throat,high fever,,,,,,,,,,,,,,
AIDS,muscle wasting,patches in throat,high fever,extra marital contacts,,,,,,,,,,,,,
AIDS,muscle wasting,patches in throat,high fever,extra marital contacts,,,,,,,,,,,,,
AIDS,patches in throat,high fever,extra marital contacts,,,,,,,,,,,,,,
AIDS,muscle wasting,high fever,extra marital contacts,,,,,,,,,,,,,,
AIDS,muscle wasting,patches in throat,high fever,,,,,,,,,,,,,,
Diabetes ,fatigue,weight loss,restlessness,lethargy,irregular sugar level,blurry vision,obesity,excessive hunger,increased appetite,peeing a lot,,,,,,,
Diabetes ,fatigue,weight loss,restlessness,lethargy,irregular sugar level,blurry vision,obesity,excessive hunger,increased appetite,peeing a lot,,,,,,,
Diabetes ,weight loss,restlessness,lethargy,irregular sugar level,blurry vision,obesity,excessive hunger,increased appetite,peeing a lot,,,,,,,,
Diabetes ,fatigue,restlessness,lethargy,irregular sugar level,blurry vision,obesity,excessive hunger,increased appetite,peeing a lot,,,,,,,,
Diabetes ,fatigue,weight loss,lethargy,irregular sugar level,blurry vision,obesity,excessive hunger,increased appetite,peeing a lot,,,,,,,,
Diabetes ,fatigue,weight loss,restlessness,irregular sugar level,blurry vision,obesity,excessive hunger,increased appetite,peeing a lot,,,,,,,,
Diabetes ,fatigue,weight loss,restlessness,lethargy,blurry vision,obesity,excessive hunger,increased appetite,peeing a lot,,,,,,,,
Diabetes ,fatigue,weight loss,restlessness,lethargy,irregular sugar level,obesity,excessive hunger,increased appetite,peeing a lot,,,,,,,,
Diabetes ,fatigue,weight loss,restlessness,lethargy,irregular sugar level,blurry vision,excessive hunger,increased appetite,peeing a lot,,,,,,,,
Diabetes ,fatigue,weight loss,restlessness,lethargy,irregular sugar level,blurry vision,obesity,increased appetite,peeing a lot,,,,,,,,
Gastroenteritis,vomiting,sunken eyes,dehydration,diarrhoea,,,,,,,,,,,,,
Gastroenteritis,vomiting,sunken eyes,dehydration,diarrhoea,,,,,,,,,,,,,
Gastroenteritis,sunken eyes,dehydration,diarrhoea,,,,,,,,,,,,,,
Gastroenteritis,vomiting,dehydration,diarrhoea,,,,,,,,,,,,,,
Gastroenteritis,vomiting,sunken eyes,diarrhoea,,,,,,,,,,,,,,
Gastroenteritis,vomiting,sunken eyes,dehydration,,,,,,,,,,,,,,
Gastroenteritis,vomiting,sunken eyes,dehydration,diarrhoea,,,,,,,,,,,,,
Gastroenteritis,sunken eyes,dehydration,diarrhoea,,,,,,,,,,,,,,
Gastroenteritis,vomiting,dehydration,diarrhoea,,,,,,,,,,,,,,
Gastroenteritis,vomiting,sunken eyes,diarrhoea,,,,,,,,,,,,,,
Bronchial Asthma,fatigue,cough,high fever,breathlessness,family history,mucus,,,,,,,,,,,
Bronchial Asthma,cough,high fever,breathlessness,family history,mucus,,,,,,,,,,,,
Bronchial Asthma,fatigue,high fever,breathlessness,family history,mucus,,,,,,,,,,,,
Bronchial Asthma,fatigue,cough,breathlessness,family history,mucus,,,,,,,,,,,,
Bronchial Asthma,fatigue,cough,high fever,family history,mucus,,,,,,,,,,,,
Bronchial Asthma,fatigue,cough,high fever,breathlessness,mucus,,,,,,,,,,,,
Bronchial Asthma,fatigue,cough,high fever,breathlessness,family history,,,,,,,,,,,,
Bronchial Asthma,fatigue,cough,high fever,breathlessness,family history,mucus,,,,,,,,,,,
Bronchial Asthma,cough,high fever,breathlessness,family history,mucus,,,,,,,,,,,,
Bronchial Asthma,fatigue,high fever,breathlessness,family history,mucus,,,,,,,,,,,,
Hypertension ,headache,chest pain,dizziness,loss of balance,lack of concentration,,,,,,,,,,,,
Hypertension ,chest pain,dizziness,loss of balance,lack of concentration,,,,,,,,,,,,,
Hypertension ,headache,dizziness,loss of balance,lack of concentration,,,,,,,,,,,,,
Hypertension ,headache,chest pain,loss of balance,lack of concentration,,,,,,,,,,,,,
Hypertension ,headache,chest pain,dizziness,lack of concentration,,,,,,,,,,,,,
Hypertension ,headache,chest pain,dizziness,loss of balance,,,,,,,,,,,,,
Hypertension ,headache,chest pain,dizziness,loss of balance,lack of concentration,,,,,,,,,,,,
Hypertension ,chest pain,dizziness,loss of balance,lack of concentration,,,,,,,,,,,,,
Hypertension ,headache,dizziness,loss of balance,lack of concentration,,,,,,,,,,,,,
Hypertension ,headache,chest pain,loss of balance,lack of concentration,,,,,,,,,,,,,
Migraine,acidity,indigestion,headache,blurry vision,excessive hunger,stiff neck,depression,irritability,visual disturbances,,,,,,,,
Migraine,indigestion,headache,blurry vision,excessive hunger,stiff neck,depression,irritability,visual disturbances,,,,,,,,,
Migraine,acidity,headache,blurry vision,excessive hunger,stiff neck,depression,irritability,visual disturbances,,,,,,,,,
Migraine,acidity,indigestion,blurry vision,excessive hunger,stiff neck,depression,irritability,visual disturbances,,,,,,,,,
Migraine,acidity,indigestion,headache,excessive hunger,stiff neck,depression,irritability,visual disturbances,,,,,,,,,
Migraine,acidity,indigestion,headache,blurry vision,stiff neck,depression,irritability,visual disturbances,,,,,,,,,
Migraine,acidity,indigestion,headache,blurry vision,excessive hunger,depression,irritability,visual disturbances,,,,,,,,,
Migraine,acidity,indigestion,headache,blurry vision,excessive hunger,stiff neck,irritability,visual disturbances,,,,,,,,,
Migraine,acidity,indigestion,headache,blurry vision,excessive hunger,stiff neck,depression,visual disturbances,,,,,,,,,
Migraine,acidity,indigestion,headache,blurry vision,excessive hunger,stiff neck,depression,irritability,,,,,,,,,
Cervical spondylosis,back pain,weakness in limbs,neck pain,dizziness,loss of balance,,,,,,,,,,,,
Cervical spondylosis,back pain,weakness in limbs,neck pain,dizziness,loss of balance,,,,,,,,,,,,
Cervical spondylosis,weakness in limbs,neck pain,dizziness,loss of balance,,,,,,,,,,,,,
Cervical spondylosis,back pain,neck pain,dizziness,loss of balance,,,,,,,,,,,,,
Cervical spondylosis,back pain,weakness in limbs,dizziness,loss of balance,,,,,,,,,,,,,
Cervical spondylosis,back pain,weakness in limbs,neck pain,loss of balance,,,,,,,,,,,,,
Cervical spondylosis,back pain,weakness in limbs,neck pain,dizziness,,,,,,,,,,,,,
Cervical spondylosis,back pain,weakness in limbs,neck pain,dizziness,loss of balance,,,,,,,,,,,,
Cervical spondylosis,weakness in limbs,neck pain,dizziness,loss of balance,,,,,,,,,,,,,
Cervical spondylosis,back pain,neck pain,dizziness,loss of balance,,,,,,,,,,,,,
Paralysis (brain hemorrhage),vomiting,headache,weakness of one body side,confusion,,,,,,,,,,,,,
Paralysis (brain hemorrhage),vomiting,headache,weakness of one body side,confusion,,,,,,,,,,,,,
Paralysis (brain hemorrhage),headache,weakness of one body side,confusion,,,,,,,,,,,,,,
Paralysis (brain hemorrhage),vomiting,weakness of one body side,confusion,,,,,,,,,,,,,,
Paralysis (brain hemorrhage),vomiting,headache,confusion,,,,,,,,,,,,,,
Paralysis (brain hemorrhage),vomiting,headache,weakness of one body side,,,,,,,,,,,,,,
Paralysis (brain hemorrhage),vomiting,headache,weakness of one body side,confusion,,,,,,,,,,,,,
Paralysis (brain hemorrhage),headache,weakness of one body side,confusion,,,,,,,,,,,,,,
Paralysis (brain hemorrhage),vomiting,weakness of one body side,confusion,,,,,,,,,,,,,,
Paralysis (brain hemorrhage),vomiting,headache,confusion,,,,,,,,,,,,,,
Jaundice,itching,vomiting,fatigue,weight loss,high fever,yellowish skin,dark urine,abdominal pain,,,,,,,,,
Jaundice,itching,vomiting,fatigue,weight loss,high fever,yellowish skin,dark urine,abdominal pain,,,,,,,,,
Jaundice,vomiting,fatigue,weight loss,high fever,yellowish skin,dark urine,abdominal pain,,,,,,,,,,
Jaundice,itching,fatigue,weight loss,high fever,yellowish skin,dark urine,abdominal pain,,,,,,,,,,
Jaundice,itching,vomiting,weight loss,high fever,yellowish skin,dark urine,abdominal pain,,,,,,,,,,
Jaundice,itching,vomiting,fatigue,high fever,yellowish skin,dark urine,abdominal pain,,,,,,,,,,
Jaundice,itching,vomiting,fatigue,weight loss,yellowish skin,dark urine,abdominal pain,,,,,,,,,,
Jaundice,itching,vomiting,fatigue,weight loss,high fever,dark urine,abdominal pain,,,,,,,,,,
Jaundice,itching,vomiting,fatigue,weight loss,high fever,yellowish skin,abdominal pain,,,,,,,,,,
Jaundice,itching,vomiting,fatigue,weight loss,high fever,yellowish skin,dark urine,,,,,,,,,,
Malaria,chills,vomiting,high fever,sweating,headache,nausea,muscle pain,,,,,,,,,,
Malaria,chills,vomiting,high fever,sweating,headache,nausea,diarrhoea,muscle pain,,,,,,,,,
Malaria,chills,vomiting,high fever,sweating,headache,nausea,diarrhoea,muscle pain,,,,,,,,,
Malaria,vomiting,high fever,sweating,headache,nausea,diarrhoea,muscle pain,,,,,,,,,,
Malaria,chills,high fever,sweating,headache,nausea,diarrhoea,muscle pain,,,,,,,,,,
Malaria,chills,vomiting,sweating,headache,nausea,diarrhoea,muscle pain,,,,,,,,,,
Malaria,chills,vomiting,high fever,headache,nausea,diarrhoea,muscle pain,,,,,,,,,,
Malaria,chills,vomiting,high fever,sweating,nausea,diarrhoea,muscle pain,,,,,,,,,,
Malaria,chills,vomiting,high fever,sweating,headache,diarrhoea,muscle pain,,,,,,,,,,
Malaria,chills,vomiting,high fever,sweating,headache,nausea,muscle pain,,,,,,,,,,
Chicken pox,itching,skin rash,fatigue,lethargy,high fever,headache,loss of appetite,mild fever,swelled lymph nodes,malaise,red spots over body,,,,,,
Chicken pox,skin rash,fatigue,lethargy,high fever,headache,loss of appetite,mild fever,swelled lymph nodes,malaise,red spots over body,,,,,,,
Chicken pox,itching,fatigue,lethargy,high fever,headache,loss of appetite,mild fever,swelled lymph nodes,malaise,red spots over body,,,,,,,
Chicken pox,itching,skin rash,lethargy,high fever,headache,loss of appetite,mild fever,swelled lymph nodes,malaise,red spots over body,,,,,,,
Chicken pox,itching,skin rash,fatigue,high fever,headache,loss of appetite,mild fever,swelled lymph nodes,malaise,red spots over body,,,,,,,
Chicken pox,itching,skin rash,fatigue,lethargy,headache,loss of appetite,mild fever,swelled lymph nodes,malaise,red spots over body,,,,,,,
Chicken pox,itching,skin rash,fatigue,lethargy,high fever,loss of appetite,mild fever,swelled lymph nodes,malaise,red spots over body,,,,,,,
Chicken pox,itching,skin rash,fatigue,lethargy,high fever,headache,mild fever,swelled lymph nodes,malaise,red spots over body,,,,,,,
Chicken pox,itching,skin rash,fatigue,lethargy,high fever,headache,loss of appetite,swelled lymph nodes,malaise,red spots over body,,,,,,,
Chicken pox,itching,skin rash,fatigue,lethargy,high fever,headache,loss of appetite,mild fever,malaise,red spots over body,,,,,,,
Dengue,skin rash,chills,joint pain,vomiting,fatigue,high fever,headache,nausea,loss of appetite,pain behind the eyes,back pain,muscle pain,red spots over body,,,,
Dengue,skin rash,chills,joint pain,vomiting,fatigue,high fever,headache,nausea,loss of appetite,pain behind the eyes,back pain,malaise,red spots over body,,,,
Dengue,skin rash,chills,joint pain,vomiting,fatigue,high fever,headache,nausea,loss of appetite,pain behind the eyes,back pain,malaise,muscle pain,,,,
Dengue,skin rash,chills,joint pain,vomiting,fatigue,high fever,headache,nausea,loss of appetite,pain behind the eyes,back pain,malaise,muscle pain,red spots over body,,,
Dengue,chills,joint pain,vomiting,fatigue,high fever,headache,nausea,loss of appetite,pain behind the eyes,back pain,malaise,muscle pain,red spots over body,,,,
Dengue,skin rash,joint pain,vomiting,fatigue,high fever,headache,nausea,loss of appetite,pain behind the eyes,back pain,malaise,muscle pain,red spots over body,,,,
Dengue,skin rash,chills,vomiting,fatigue,high fever,headache,nausea,loss of appetite,pain behind the eyes,back pain,malaise,muscle pain,red spots over body,,,,
Dengue,skin rash,chills,joint pain,fatigue,high fever,headache,nausea,loss of appetite,pain behind the eyes,back pain,malaise,muscle pain,red spots over body,,,,
Dengue,skin rash,chills,joint pain,vomiting,high fever,headache,nausea,loss of appetite,pain behind the eyes,back pain,malaise,muscle pain,red spots over body,,,,
Dengue,skin rash,chills,joint pain,vomiting,fatigue,headache,nausea,loss of appetite,pain behind the eyes,back pain,malaise,muscle pain,red spots over body,,,,
Typhoid,chills,vomiting,fatigue,high fever,nausea,constipation,abdominal pain,diarrhoea,sickly look,belly pain,,,,,,,
Typhoid,chills,vomiting,fatigue,high fever,headache,constipation,abdominal pain,diarrhoea,sickly look,belly pain,,,,,,,
Typhoid,chills,vomiting,fatigue,high fever,headache,nausea,abdominal pain,diarrhoea,sickly look,belly pain,,,,,,,
Typhoid,chills,vomiting,fatigue,high fever,headache,nausea,constipation,diarrhoea,sickly look,belly pain,,,,,,,
Typhoid,chills,vomiting,fatigue,high fever,headache,nausea,constipation,abdominal pain,sickly look,belly pain,,,,,,,
Typhoid,chills,vomiting,fatigue,high fever,headache,nausea,constipation,abdominal pain,diarrhoea,belly pain,,,,,,,
Typhoid,chills,vomiting,fatigue,high fever,headache,nausea,constipation,abdominal pain,diarrhoea,sickly look,,,,,,,
Typhoid,chills,vomiting,fatigue,high fever,headache,nausea,constipation,abdominal pain,diarrhoea,sickly look,belly pain,,,,,,
Typhoid,chills,vomiting,fatigue,high fever,headache,nausea,constipation,abdominal pain,diarrhoea,sickly look,belly pain,,,,,,
Typhoid,chills,fatigue,high fever,headache,nausea,constipation,abdominal pain,diarrhoea,sickly look,belly pain,,,,,,,
hepatitis A,joint pain,vomiting,yellowish skin,dark urine,nausea,loss of appetite,abdominal pain,diarrhoea,mild fever,yellowing of eyes,muscle pain,,,,,,
hepatitis A,joint pain,vomiting,yellowish skin,dark urine,nausea,loss of appetite,abdominal pain,diarrhoea,mild fever,yellowing of eyes,muscle pain,,,,,,
hepatitis A,vomiting,yellowish skin,dark urine,nausea,loss of appetite,abdominal pain,diarrhoea,mild fever,yellowing of eyes,muscle pain,,,,,,,
hepatitis A,joint pain,yellowish skin,dark urine,nausea,loss of appetite,abdominal pain,diarrhoea,mild fever,yellowing of eyes,muscle pain,,,,,,,
hepatitis A,joint pain,vomiting,dark urine,nausea,loss of appetite,abdominal pain,diarrhoea,mild fever,yellowing of eyes,muscle pain,,,,,,,
hepatitis A,joint pain,vomiting,yellowish skin,nausea,loss of appetite,abdominal pain,diarrhoea,mild fever,yellowing of eyes,muscle pain,,,,,,,
hepatitis A,joint pain,vomiting,yellowish skin,dark urine,loss of appetite,abdominal pain,diarrhoea,mild fever,yellowing of eyes,muscle pain,,,,,,,
hepatitis A,joint pain,vomiting,yellowish skin,dark urine,nausea,abdominal pain,diarrhoea,mild fever,yellowing of eyes,muscle pain,,,,,,,
hepatitis A,joint pain,vomiting,yellowish skin,dark urine,nausea,loss of appetite,diarrhoea,mild fever,yellowing of eyes,muscle pain,,,,,,,
hepatitis A,joint pain,vomiting,yellowish skin,dark urine,nausea,loss of appetite,abdominal pain,mild fever,yellowing of eyes,muscle pain,,,,,,,
Hepatitis B,itching,fatigue,lethargy,yellowish skin,dark urine,loss of appetite,abdominal pain,yellow urine,yellowing of eyes,malaise,blood transfusion,injections,,,,,
Hepatitis B,itching,fatigue,lethargy,yellowish skin,dark urine,loss of appetite,abdominal pain,yellow urine,yellowing of eyes,malaise,blood transfusion,injections,,,,,
Hepatitis B,fatigue,lethargy,yellowish skin,dark urine,loss of appetite,abdominal pain,yellow urine,yellowing of eyes,malaise,blood transfusion,injections,,,,,,
Hepatitis B,itching,lethargy,yellowish skin,dark urine,loss of appetite,abdominal pain,yellow urine,yellowing of eyes,malaise,blood transfusion,injections,,,,,,
Hepatitis B,itching,fatigue,yellowish skin,dark urine,loss of appetite,abdominal pain,yellow urine,yellowing of eyes,malaise,blood transfusion,injections,,,,,,
Hepatitis B,itching,fatigue,lethargy,dark urine,loss of appetite,abdominal pain,yellow urine,yellowing of eyes,malaise,blood transfusion,injections,,,,,,
Hepatitis B,itching,fatigue,lethargy,yellowish skin,loss of appetite,abdominal pain,yellow urine,yellowing of eyes,malaise,blood transfusion,injections,,,,,,
Hepatitis B,itching,fatigue,lethargy,yellowish skin,dark urine,abdominal pain,yellow urine,yellowing of eyes,malaise,blood transfusion,injections,,,,,,
Hepatitis B,itching,fatigue,lethargy,yellowish skin,dark urine,loss of appetite,yellow urine,yellowing of eyes,malaise,blood transfusion,injections,,,,,,
Hepatitis B,itching,fatigue,lethargy,yellowish skin,dark urine,loss of appetite,abdominal pain,yellowing of eyes,malaise,blood transfusion,injections,,,,,,
Hepatitis C,fatigue,yellowish skin,nausea,loss of appetite,family history,,,,,,,,,,,,
Hepatitis C,fatigue,yellowish skin,nausea,loss of appetite,yellowing of eyes,family history,,,,,,,,,,,
Hepatitis C,yellowish skin,nausea,loss of appetite,yellowing of eyes,family history,,,,,,,,,,,,
Hepatitis C,fatigue,nausea,loss of appetite,yellowing of eyes,family history,,,,,,,,,,,,
Hepatitis C,fatigue,yellowish skin,loss of appetite,yellowing of eyes,family history,,,,,,,,,,,,
Hepatitis C,fatigue,yellowish skin,nausea,yellowing of eyes,family history,,,,,,,,,,,,
Hepatitis C,fatigue,yellowish skin,nausea,loss of appetite,family history,,,,,,,,,,,,
Hepatitis C,fatigue,yellowish skin,nausea,loss of appetite,yellowing of eyes,,,,,,,,,,,,
Hepatitis C,fatigue,yellowish skin,nausea,loss of appetite,yellowing of eyes,family history,,,,,,,,,,,
Hepatitis C,fatigue,yellowish skin,nausea,loss of appetite,yellowing of eyes,family history,,,,,,,,,,,
Hepatitis D,joint pain,vomiting,fatigue,yellowish skin,dark urine,nausea,loss of appetite,abdominal pain,yellowing of eyes,,,,,,,,
Hepatitis D,vomiting,fatigue,yellowish skin,dark urine,nausea,loss of appetite,abdominal pain,yellowing of eyes,,,,,,,,,
Hepatitis D,joint pain,fatigue,yellowish skin,dark urine,nausea,loss of appetite,abdominal pain,yellowing of eyes,,,,,,,,,
Hepatitis D,joint pain,vomiting,yellowish skin,dark urine,nausea,loss of appetite,abdominal pain,yellowing of eyes,,,,,,,,,
Hepatitis D,joint pain,vomiting,fatigue,dark urine,nausea,loss of appetite,abdominal pain,yellowing of eyes,,,,,,,,,
Hepatitis D,joint pain,vomiting,fatigue,yellowish skin,nausea,loss of appetite,abdominal pain,yellowing of eyes,,,,,,,,,
Hepatitis D,joint pain,vomiting,fatigue,yellowish skin,dark urine,loss of appetite,abdominal pain,yellowing of eyes,,,,,,,,,
Hepatitis D,joint pain,vomiting,fatigue,yellowish skin,dark urine,nausea,abdominal pain,yellowing of eyes,,,,,,,,,
Hepatitis D,joint pain,vomiting,fatigue,yellowish skin,dark urine,nausea,loss of appetite,yellowing of eyes,,,,,,,,,
Hepatitis D,joint pain,vomiting,fatigue,yellowish skin,dark urine,nausea,loss of appetite,abdominal pain,,,,,,,,,
Hepatitis E,joint pain,vomiting,fatigue,high fever,yellowish skin,dark urine,nausea,loss of appetite,abdominal pain,yellowing of eyes,unconscious,blood in vomit,,,,,
Hepatitis E,joint pain,vomiting,fatigue,high fever,yellowish skin,dark urine,nausea,loss of appetite,abdominal pain,yellowing of eyes,acute liver failure,unconscious,blood in vomit,,,,
Hepatitis E,joint pain,vomiting,fatigue,high fever,yellowish skin,dark urine,nausea,loss of appetite,abdominal pain,yellowing of eyes,acute liver failure,unconscious,blood in vomit,,,,
Hepatitis E,vomiting,fatigue,high fever,yellowish skin,dark urine,nausea,loss of appetite,abdominal pain,yellowing of eyes,acute liver failure,unconscious,blood in vomit,,,,,
Hepatitis E,joint pain,fatigue,high fever,yellowish skin,dark urine,nausea,loss of appetite,abdominal pain,yellowing of eyes,acute liver failure,unconscious,blood in vomit,,,,,
Hepatitis E,joint pain,vomiting,high fever,yellowish skin,dark urine,nausea,loss of appetite,abdominal pain,yellowing of eyes,acute liver failure,unconscious,blood in vomit,,,,,
Hepatitis E,joint pain,vomiting,fatigue,yellowish skin,dark urine,nausea,loss of appetite,abdominal pain,yellowing of eyes,acute liver failure,unconscious,blood in vomit,,,,,
Hepatitis E,joint pain,vomiting,fatigue,high fever,dark urine,nausea,loss of appetite,abdominal pain,yellowing of eyes,acute liver failure,unconscious,blood in vomit,,,,,
Hepatitis E,joint pain,vomiting,fatigue,high fever,yellowish skin,nausea,loss of appetite,abdominal pain,yellowing of eyes,acute liver failure,unconscious,blood in vomit,,,,,
Hepatitis E,joint pain,vomiting,fatigue,high fever,yellowish skin,dark urine,loss of appetite,abdominal pain,yellowing of eyes,acute liver failure,unconscious,blood in vomit,,,,,
Alcoholic hepatitis,vomiting,yellowish skin,abdominal pain,swelling of stomach,bloated stomach,alcohol use,swelling,,,,,,,,,,
Alcoholic hepatitis,vomiting,yellowish skin,abdominal pain,swelling of stomach,bloated stomach,alcohol use,swelling,,,,,,,,,,
Alcoholic hepatitis,yellowish skin,abdominal pain,swelling of stomach,bloated stomach,alcohol use,swelling,,,,,,,,,,,
Alcoholic hepatitis,vomiting,abdominal pain,swelling of stomach,bloated stomach,alcohol use,swelling,,,,,,,,,,,
Alcoholic hepatitis,vomiting,yellowish skin,swelling of stomach,bloated stomach,alcohol use,swelling,,,,,,,,,,,
Alcoholic hepatitis,vomiting,yellowish skin,abdominal pain,bloated stomach,alcohol use,swelling,,,,,,,,,,,
Alcoholic hepatitis,vomiting,yellowish skin,abdominal pain,swelling of stomach,alcohol use,swelling,,,,,,,,,,,
Alcoholic hepatitis,vomiting,yellowish skin,abdominal pain,swelling of stomach,bloated stomach,swelling,,,,,,,,,,,
Alcoholic hepatitis,vomiting,yellowish skin,abdominal pain,swelling of stomach,bloated stomach,alcohol use,,,,,,,,,,,
Alcoholic hepatitis,vomiting,yellowish skin,abdominal pain,swelling of stomach,bloated stomach,alcohol use,swelling,,,,,,,,,,
Tuberculosis,chills,vomiting,fatigue,weight loss,cough,high fever,breathlessness,sweating,loss of appetite,mild fever,yellowing of eyes,swelled lymph nodes,malaise,phlegm,chest pain,blood in sputum,
Tuberculosis,chills,vomiting,fatigue,weight loss,cough,high fever,breathlessness,sweating,loss of appetite,mild fever,yellowing of eyes,swelled lymph nodes,malaise,phlegm,chest pain,blood in sputum,
Tuberculosis,vomiting,fatigue,weight loss,cough,high fever,breathlessness,sweating,loss of appetite,mild fever,yellowing of eyes,swelled lymph nodes,malaise,phlegm,chest pain,blood in sputum,,
Tuberculosis,chills,fatigue,weight loss,cough,high fever,breathlessness,sweating,loss of appetite,mild fever,yellowing of eyes,swelled lymph nodes,malaise,phlegm,chest pain,blood in sputum,,
Tuberculosis,chills,vomiting,weight loss,cough,high fever,breathlessness,sweating,loss of appetite,mild fever,yellowing of eyes,swelled lymph nodes,malaise,phlegm,chest pain,blood in sputum,,
Tuberculosis,chills,vomiting,fatigue,cough,high fever,breathlessness,sweating,loss of appetite,mild fever,yellowing of eyes,swelled lymph nodes,malaise,phlegm,chest pain,blood in sputum,,
Tuberculosis,chills,vomiting,fatigue,weight loss,high fever,breathlessness,sweating,loss of appetite,mild fever,yellowing of eyes,swelled lymph nodes,malaise,phlegm,chest pain,blood in sputum,,
Tuberculosis,chills,vomiting,fatigue,weight loss,cough,breathlessness,sweating,loss of appetite,mild fever,yellowing of eyes,swelled lymph nodes,malaise,phlegm,chest pain,blood in sputum,,
Tuberculosis,chills,vomiting,fatigue,weight loss,cough,high fever,sweating,loss of appetite,mild fever,yellowing of eyes,swelled lymph nodes,malaise,phlegm,chest pain,blood in sputum,,
Tuberculosis,chills,vomiting,fatigue,weight loss,cough,high fever,breathlessness,loss of appetite,mild fever,yellowing of eyes,swelled lymph nodes,malaise,phlegm,chest pain,blood in sputum,,
Common Cold,continuous sneezing,chills,fatigue,cough,high fever,headache,swelled lymph nodes,malaise,phlegm,throat irritation,redness of eyes,sinus pain,runny nose,congestion,chest pain,loss of smell,muscle pain
Common Cold,continuous sneezing,chills,fatigue,cough,high fever,headache,swelled lymph nodes,malaise,phlegm,throat irritation,redness of eyes,sinus pain,runny nose,congestion,chest pain,loss of smell,muscle pain
Common Cold,chills,fatigue,cough,high fever,headache,swelled lymph nodes,malaise,phlegm,throat irritation,redness of eyes,sinus pain,runny nose,congestion,chest pain,loss of smell,muscle pain,
Common Cold,continuous sneezing,fatigue,cough,high fever,headache,swelled lymph nodes,malaise,phlegm,throat irritation,redness of eyes,sinus pain,runny nose,congestion,chest pain,loss of smell,muscle pain,
Common Cold,continuous sneezing,chills,cough,high fever,headache,swelled lymph nodes,malaise,phlegm,throat irritation,redness of eyes,sinus pain,runny nose,congestion,chest pain,loss of smell,muscle pain,
Common Cold,continuous sneezing,chills,fatigue,high fever,headache,swelled lymph nodes,malaise,phlegm,throat irritation,redness of eyes,sinus pain,runny nose,congestion,chest pain,loss of smell,muscle pain,
Common Cold,continuous sneezing,chills,fatigue,cough,headache,swelled lymph nodes,malaise,phlegm,throat irritation,redness of eyes,sinus pain,runny nose,congestion,chest pain,loss of smell,muscle pain,
Common Cold,continuous sneezing,chills,fatigue,cough,high fever,swelled lymph nodes,malaise,phlegm,throat irritation,redness of eyes,sinus pain,runny nose,congestion,chest pain,loss of smell,muscle pain,
Common Cold,continuous sneezing,chills,fatigue,cough,high fever,headache,malaise,phlegm,throat irritation,redness of eyes,sinus pain,runny nose,congestion,chest pain,loss of smell,muscle pain,
Common Cold,continuous sneezing,chills,fatigue,cough,high fever,headache,swelled lymph nodes,phlegm,throat irritation,redness of eyes,sinus pain,runny nose,congestion,chest pain,loss of smell,muscle pain,
Pneumonia,chills,fatigue,cough,high fever,breathlessness,sweating,malaise,chest pain,fast heart rate,bloody mucus,,,,,,,
Pneumonia,chills,fatigue,cough,high fever,breathlessness,sweating,malaise,phlegm,chest pain,fast heart rate,bloody mucus,,,,,,
Pneumonia,chills,fatigue,cough,high fever,breathlessness,sweating,malaise,phlegm,chest pain,fast heart rate,bloody mucus,,,,,,
Pneumonia,fatigue,cough,high fever,breathlessness,sweating,malaise,phlegm,chest pain,fast heart rate,bloody mucus,,,,,,,
Pneumonia,chills,cough,high fever,breathlessness,sweating,malaise,phlegm,chest pain,fast heart rate,bloody mucus,,,,,,,
Pneumonia,chills,fatigue,high fever,breathlessness,sweating,malaise,phlegm,chest pain,fast heart rate,bloody mucus,,,,,,,
Pneumonia,chills,fatigue,cough,breathlessness,sweating,malaise,phlegm,chest pain,fast heart rate,bloody mucus,,,,,,,
Pneumonia,chills,fatigue,cough,high fever,sweating,malaise,phlegm,chest pain,fast heart rate,bloody mucus,,,,,,,
Pneumonia,chills,fatigue,cough,high fever,breathlessness,malaise,phlegm,chest pain,fast heart rate,bloody mucus,,,,,,,
Pneumonia,chills,fatigue,cough,high fever,breathlessness,sweating,phlegm,chest pain,fast heart rate,bloody mucus,,,,,,,
Dimorphic hemmorhoids(piles),constipation,pain during bowel movements,pain in anal region,bloody stool,irritation in anus,,,,,,,,,,,,
Dimorphic hemmorhoids(piles),constipation,pain during bowel movements,pain in anal region,bloody stool,irritation in anus,,,,,,,,,,,,
Dimorphic hemmorhoids(piles),constipation,pain during bowel movements,pain in anal region,bloody stool,irritation in anus,,,,,,,,,,,,
Dimorphic hemmorhoids(piles),pain during bowel movements,pain in anal region,bloody stool,irritation in anus,,,,,,,,,,,,,
Dimorphic hemmorhoids(piles),constipation,pain in anal region,bloody stool,irritation in anus,,,,,,,,,,,,,
Dimorphic hemmorhoids(piles),constipation,pain during bowel movements,bloody stool,irritation in anus,,,,,,,,,,,,,
Dimorphic hemmorhoids(piles),constipation,pain during bowel movements,pain in anal region,irritation in anus,,,,,,,,,,,,,
Dimorphic hemmorhoids(piles),constipation,pain during bowel movements,pain in anal region,bloody stool,,,,,,,,,,,,,
Dimorphic hemmorhoids(piles),constipation,pain during bowel movements,pain in anal region,bloody stool,irritation in anus,,,,,,,,,,,,
Dimorphic hemmorhoids(piles),constipation,pain during bowel movements,pain in anal region,bloody stool,irritation in anus,,,,,,,,,,,,
Heart attack,vomiting,breathlessness,sweating,chest pain,,,,,,,,,,,,,
Heart attack,vomiting,breathlessness,sweating,chest pain,,,,,,,,,,,,,
Heart attack,breathlessness,sweating,chest pain,,,,,,,,,,,,,,
Heart attack,vomiting,sweating,chest pain,,,,,,,,,,,,,,
Heart attack,vomiting,breathlessness,chest pain,,,,,,,,,,,,,,
Heart attack,vomiting,breathlessness,sweating,,,,,,,,,,,,,,
Heart attack,vomiting,breathlessness,sweating,chest pain,,,,,,,,,,,,,
Heart attack,breathlessness,sweating,chest pain,,,,,,,,,,,,,,
Heart attack,vomiting,sweating,chest pain,,,,,,,,,,,,,,
Heart attack,vomiting,breathlessness,chest pain,,,,,,,,,,,,,,
Varicose veins,fatigue,cramps,bruising,obesity,swollen legs,swollen blood vessels,veins on legs,,,,,,,,,,
Varicose veins,fatigue,cramps,bruising,obesity,swollen legs,swollen blood vessels,veins on legs,,,,,,,,,,
Varicose veins,cramps,bruising,obesity,swollen legs,swollen blood vessels,veins on legs,,,,,,,,,,,
Varicose veins,fatigue,bruising,obesity,swollen legs,swollen blood vessels,veins on legs,,,,,,,,,,,
Varicose veins,fatigue,cramps,obesity,swollen legs,swollen blood vessels,veins on legs,,,,,,,,,,,
Varicose veins,fatigue,cramps,bruising,swollen legs,swollen blood vessels,veins on legs,,,,,,,,,,,
Varicose veins,fatigue,cramps,bruising,obesity,swollen blood vessels,veins on legs,,,,,,,,,,,
Varicose veins,fatigue,cramps,bruising,obesity,swollen legs,veins on legs,,,,,,,,,,,
Varicose veins,fatigue,cramps,bruising,obesity,swollen legs,swollen blood vessels,,,,,,,,,,,
Varicose veins,fatigue,cramps,bruising,obesity,swollen legs,veins on legs,,,,,,,,,,,
Hypothyroidism,fatigue,weight gain,cold hands and feets,mood swings,lethargy,dizziness,puffy face,swollen neck,weak nails,swollen limbs,depression,irritability,irregular periods,,,,
Hypothyroidism,fatigue,weight gain,cold hands and feets,mood swings,lethargy,dizziness,puffy face,swollen neck,weak nails,swollen limbs,depression,irritability,irregular periods,,,,
Hypothyroidism,weight gain,cold hands and feets,mood swings,lethargy,dizziness,puffy face,swollen neck,weak nails,swollen limbs,depression,irritability,irregular periods,,,,,
Hypothyroidism,weight gain,cold hands and feets,mood swings,lethargy,dizziness,puffy face,swollen neck,weak nails,swollen limbs,depression,irritability,irregular periods,,,,,
Hypothyroidism,fatigue,cold hands and feets,mood swings,lethargy,dizziness,puffy face,swollen neck,weak nails,swollen limbs,depression,irritability,irregular periods,,,,,
Hypothyroidism,fatigue,weight gain,mood swings,lethargy,dizziness,puffy face,swollen neck,weak nails,swollen limbs,depression,irritability,irregular periods,,,,,
Hypothyroidism,fatigue,weight gain,cold hands and feets,lethargy,dizziness,puffy face,swollen neck,weak nails,swollen limbs,depression,irritability,irregular periods,,,,,
Hypothyroidism,fatigue,weight gain,cold hands and feets,mood swings,dizziness,puffy face,swollen neck,weak nails,swollen limbs,depression,irritability,irregular periods,,,,,
Hypothyroidism,fatigue,weight gain,cold hands and feets,mood swings,lethargy,puffy face,swollen neck,weak nails,swollen limbs,depression,irritability,irregular periods,,,,,
Hypothyroidism,fatigue,weight gain,cold hands and feets,mood swings,lethargy,dizziness,swollen neck,weak nails,swollen limbs,depression,irritability,irregular periods,,,,,
Hyperthyroidism,fatigue,mood swings,weight loss,restlessness,sweating,diarrhoea,fast heart rate,excessive hunger,muscle weakness,irritability,irregular periods,,,,,,
Hyperthyroidism,fatigue,mood swings,weight loss,restlessness,sweating,diarrhoea,fast heart rate,excessive hunger,muscle weakness,irritability,irregular periods,,,,,,
Hyperthyroidism,mood swings,weight loss,restlessness,sweating,diarrhoea,fast heart rate,excessive hunger,muscle weakness,irritability,irregular periods,,,,,,,
Hyperthyroidism,fatigue,weight loss,restlessness,sweating,diarrhoea,fast heart rate,excessive hunger,muscle weakness,irritability,irregular periods,,,,,,,
Hyperthyroidism,fatigue,mood swings,restlessness,sweating,diarrhoea,fast heart rate,excessive hunger,muscle weakness,irritability,irregular periods,,,,,,,
Hyperthyroidism,fatigue,mood swings,weight loss,sweating,diarrhoea,fast heart rate,excessive hunger,muscle weakness,irritability,irregular periods,,,,,,,
Hyperthyroidism,fatigue,mood swings,weight loss,restlessness,diarrhoea,fast heart rate,excessive hunger,muscle weakness,irritability,irregular periods,,,,,,,
Hyperthyroidism,fatigue,mood swings,weight loss,restlessness,sweating,fast heart rate,excessive hunger,muscle weakness,irritability,irregular periods,,,,,,,
Hyperthyroidism,fatigue,mood swings,weight loss,restlessness,sweating,diarrhoea,excessive hunger,muscle weakness,irritability,irregular periods,,,,,,,
Hyperthyroidism,fatigue,mood swings,weight loss,restlessness,sweating,diarrhoea,fast heart rate,muscle weakness,irritability,irregular periods,,,,,,,
Hypoglycemia,vomiting,fatigue,anxiety,sweating,headache,nausea,blurry vision,excessive hunger,slurring,irritability,fast heart beat,,,,,,
Hypoglycemia,vomiting,fatigue,anxiety,sweating,headache,nausea,blurry vision,excessive hunger,tingling lips,slurring,irritability,fast heart beat,,,,,
Hypoglycemia,vomiting,fatigue,anxiety,sweating,headache,nausea,blurry vision,excessive hunger,tingling lips,slurring,irritability,fast heart beat,,,,,
Hypoglycemia,fatigue,anxiety,sweating,headache,nausea,blurry vision,excessive hunger,tingling lips,slurring,irritability,fast heart beat,,,,,,
Hypoglycemia,vomiting,anxiety,sweating,headache,nausea,blurry vision,excessive hunger,tingling lips,slurring,irritability,fast heart beat,,,,,,
Hypoglycemia,vomiting,fatigue,sweating,headache,nausea,blurry vision,excessive hunger,tingling lips,slurring,irritability,fast heart beat,,,,,,
Hypoglycemia,vomiting,fatigue,anxiety,headache,nausea,blurry vision,excessive hunger,tingling lips,slurring,irritability,fast heart beat,,,,,,
Hypoglycemia,vomiting,fatigue,anxiety,sweating,nausea,blurry vision,excessive hunger,tingling lips,slurring,irritability,fast heart beat,,,,,,
Hypoglycemia,vomiting,fatigue,anxiety,sweating,headache,blurry vision,excessive hunger,tingling lips,slurring,irritability,fast heart beat,,,,,,
Hypoglycemia,vomiting,fatigue,anxiety,sweating,headache,nausea,excessive hunger,tingling lips,slurring,irritability,fast heart beat,,,,,,
Osteoarthristis,joint pain,neck pain,knee pain,hip joint pain,swelling joints,painful walking,,,,,,,,,,,
Osteoarthristis,joint pain,neck pain,knee pain,hip joint pain,swelling joints,painful walking,,,,,,,,,,,
Osteoarthristis,neck pain,knee pain,hip joint pain,swelling joints,painful walking,,,,,,,,,,,,
Osteoarthristis,joint pain,knee pain,hip joint pain,swelling joints,painful walking,,,,,,,,,,,,
Osteoarthristis,joint pain,neck pain,hip joint pain,swelling joints,painful walking,,,,,,,,,,,,
Osteoarthristis,joint pain,neck pain,knee pain,swelling joints,painful walking,,,,,,,,,,,,
Osteoarthristis,joint pain,neck pain,knee pain,hip joint pain,painful walking,,,,,,,,,,,,
Osteoarthristis,joint pain,neck pain,knee pain,hip joint pain,swelling joints,,,,,,,,,,,,
Osteoarthristis,joint pain,neck pain,knee pain,hip joint pain,swelling joints,painful walking,,,,,,,,,,,
Osteoarthristis,joint pain,neck pain,knee pain,hip joint pain,swelling joints,painful walking,,,,,,,,,,,
Arthritis,muscle weakness,stiff neck,swelling joints,movement stiffness,painful walking,,,,,,,,,,,,
Arthritis,muscle weakness,stiff neck,swelling joints,movement stiffness,painful walking,,,,,,,,,,,,
Arthritis,stiff neck,swelling joints,movement stiffness,painful walking,,,,,,,,,,,,,
Arthritis,muscle weakness,swelling joints,movement stiffness,painful walking,,,,,,,,,,,,,
Arthritis,muscle weakness,stiff neck,movement stiffness,painful walking,,,,,,,,,,,,,
Arthritis,muscle weakness,stiff neck,swelling joints,painful walking,,,,,,,,,,,,,
Arthritis,muscle weakness,stiff neck,swelling joints,movement stiffness,painful walking,,,,,,,,,,,,
Arthritis,muscle weakness,stiff neck,swelling joints,movement stiffness,,,,,,,,,,,,,
Arthritis,muscle weakness,stiff neck,swelling joints,movement stiffness,painful walking,,,,,,,,,,,,
Arthritis,muscle weakness,stiff neck,swelling joints,movement stiffness,painful walking,,,,,,,,,,,,
(vertigo) Paroymsal  Positional Vertigo,vomiting,headache,nausea,spinning movements,loss of balance,unsteadiness,,,,,,,,,,,
(vertigo) Paroymsal  Positional Vertigo,vomiting,headache,nausea,spinning movements,loss of balance,unsteadiness,,,,,,,,,,,
(vertigo) Paroymsal  Positional Vertigo,headache,nausea,spinning movements,loss of balance,unsteadiness,,,,,,,,,,,,
(vertigo) Paroymsal  Positional Vertigo,vomiting,nausea,spinning movements,loss of balance,unsteadiness,,,,,,,,,,,,
(vertigo) Paroymsal  Positional Vertigo,vomiting,headache,spinning movements,loss of balance,unsteadiness,,,,,,,,,,,,
(vertigo) Paroymsal  Positional Vertigo,vomiting,headache,nausea,loss of balance,unsteadiness,,,,,,,,,,,,
(vertigo) Paroymsal  Positional Vertigo,vomiting,headache,nausea,spinning movements,unsteadiness,,,,,,,,,,,,
(vertigo) Paroymsal  Positional Vertigo,vomiting,headache,nausea,spinning movements,loss of balance,,,,,,,,,,,,
(vertigo) Paroymsal  Positional Vertigo,vomiting,headache,nausea,spinning movements,loss of balance,unsteadiness,,,,,,,,,,,
(vertigo) Paroymsal  Positional Vertigo,vomiting,headache,nausea,loss of balance,unsteadiness,,,,,,,,,,,,
Acne,skin rash,pus filled pimples,blackheads,scurring,,,,,,,,,,,,,
Acne,skin rash,pus filled pimples,blackheads,scurring,,,,,,,,,,,,,
Acne,pus filled pimples,blackheads,scurring,,,,,,,,,,,,,,
Acne,skin rash,blackheads,scurring,,,,,,,,,,,,,,
Acne,skin rash,pus filled pimples,scurring,,,,,,,,,,,,,,
Acne,skin rash,pus filled pimples,blackheads,,,,,,,,,,,,,,
Acne,skin rash,pus filled pimples,blackheads,scurring,,,,,,,,,,,,,
Acne,skin rash,pus filled pimples,blackheads,,,,,,,,,,,,,,
Acne,skin rash,pus filled pimples,scurring,,,,,,,,,,,,,,
Acne,skin rash,blackheads,scurring,,,,,,,,,,,,,,
Urinary tract infection,burning pee,bladder discomfort,foul smell of urine,need to pee,,,,,,,,,,,,,
Urinary tract infection,burning pee,bladder discomfort,foul smell of urine,need to pee,,,,,,,,,,,,,
Urinary tract infection,bladder discomfort,foul smell of urine,need to pee,,,,,,,,,,,,,,
Urinary tract infection,burning pee,foul smell of urine,need to pee,,,,,,,,,,,,,,
Urinary tract infection,burning pee,bladder discomfort,need to pee,,,,,,,,,,,,,,
Urinary tract infection,burning pee,bladder discomfort,foul smell of urine,,,,,,,,,,,,,,
Urinary tract infection,burning pee,bladder discomfort,foul smell of urine,need to pee,,,,,,,,,,,,,
Urinary tract infection,burning pee,bladder discomfort,need to pee,,,,,,,,,,,,,,
Urinary tract infection,bladder discomfort,foul smell of urine,need to pee,,,,,,,,,,,,,,
Urinary tract infection,burning pee,bladder discomfort,need to pee,,,,,,,,,,,,,,
Psoriasis,skin rash,joint pain,skin peeling,silver like dusting,small dents in nails,inflammatory nails,,,,,,,,,,,
Psoriasis,skin rash,joint pain,skin peeling,silver like dusting,small dents in nails,inflammatory nails,,,,,,,,,,,
Psoriasis,joint pain,skin peeling,silver like dusting,small dents in nails,inflammatory nails,,,,,,,,,,,,
Psoriasis,skin rash,skin peeling,silver like dusting,small dents in nails,inflammatory nails,,,,,,,,,,,,
Psoriasis,skin rash,joint pain,silver like dusting,small dents in nails,inflammatory nails,,,,,,,,,,,,
Psoriasis,skin rash,joint pain,skin peeling,small dents in nails,inflammatory nails,,,,,,,,,,,,
Psoriasis,skin rash,joint pain,skin peeling,silver like dusting,inflammatory nails,,,,,,,,,,,,
Psoriasis,skin rash,joint pain,skin peeling,silver like dusting,small dents in nails,,,,,,,,,,,,
Psoriasis,skin rash,joint pain,skin peeling,silver like dusting,small dents in nails,inflammatory nails,,,,,,,,,,,
Psoriasis,skin rash,joint pain,skin peeling,silver like dusting,small dents in nails,inflammatory nails,,,,,,,,,,,
Impetigo,skin rash,high fever,blister,red sore around nose,yellow crust ooze,,,,,,,,,,,,
Impetigo,skin rash,high fever,blister,red sore around nose,yellow crust ooze,,,,,,,,,,,,
Impetigo,high fever,blister,red sore around nose,yellow crust ooze,,,,,,,,,,,,,
Impetigo,skin rash,blister,red sore around nose,yellow crust ooze,,,,,,,,,,,,,
Impetigo,skin rash,blister,red sore around nose,yellow crust ooze,,,,,,,,,,,,,
Impetigo,skin rash,high fever,red sore around nose,yellow crust ooze,,,,,,,,,,,,,
Impetigo,skin rash,high fever,blister,yellow crust ooze,,,,,,,,,,,,,
Impetigo,skin rash,high fever,blister,red sore around nose,,,,,,,,,,,,,
Impetigo,skin rash,high fever,blister,red sore around nose,yellow crust ooze,,,,,,,,,,,,
Impetigo,skin rash,blister,red sore around nose,yellow crust ooze,,,,,,,,,,,,,
Fungal infection,itching,skin rash,skin bumps,discolored skin patches,,,,,,,,,,,,,
Fungal infection,skin rash,skin bumps,discolored skin patches,,,,,,,,,,,,,,
Fungal infection,itching,skin bumps,discolored skin patches,,,,,,,,,,,,,,
Fungal infection,itching,skin rash,discolored skin patches,,,,,,,,,,,,,,
Fungal infection,itching,skin rash,skin bumps,,,,,,,,,,,,,,
Fungal infection,skin rash,skin bumps,discolored skin patches,,,,,,,,,,,,,,
Fungal infection,itching,skin bumps,discolored skin patches,,,,,,,,,,,,,,
Fungal infection,itching,skin rash,discolored skin patches,,,,,,,,,,,,,,
Fungal infection,itching,skin rash,skin bumps,,,,,,,,,,,,,,
Fungal infection,itching,skin rash,skin bumps,discolored skin patches,,,,,,,,,,,,,
Allergy,continuous sneezing,shivering,chills,watery eyes,,,,,,,,,,,,,
Allergy,shivering,chills,watery eyes,,,,,,,,,,,,,,
Allergy,continuous sneezing,chills,watery eyes,,,,,,,,,,,,,,
Allergy,continuous sneezing,shivering,watery eyes,,,,,,,,,,,,,,
Allergy,continuous sneezing,shivering,chills,,,,,,,,,,,,,,
Allergy,shivering,chills,watery eyes,,,,,,,,,,,,,,
Allergy,continuous sneezing,chills,watery eyes,,,,,,,,,,,,,,
Allergy,continuous sneezing,shivering,watery eyes,,,,,,,,,,,,,,
Allergy,continuous sneezing,shivering,chills,,,,,,,,,,,,,,
Allergy,continuous sneezing,shivering,chills,watery eyes,,,,,,,,,,,,,
GERD,stomach pain,acidity,ulcers on tongue,vomiting,cough,chest pain,,,,,,,,,,,
GERD,stomach pain,ulcers on tongue,vomiting,cough,chest pain,,,,,,,,,,,,
GERD,stomach pain,acidity,vomiting,cough,chest pain,,,,,,,,,,,,
GERD,stomach pain,acidity,ulcers on tongue,cough,chest pain,,,,,,,,,,,,
GERD,stomach pain,acidity,ulcers on tongue,vomiting,chest pain,,,,,,,,,,,,
GERD,stomach pain,acidity,ulcers on tongue,vomiting,cough,,,,,,,,,,,,
GERD,acidity,ulcers on tongue,vomiting,cough,chest pain,,,,,,,,,,,,
GERD,stomach pain,ulcers on tongue,vomiting,cough,chest pain,,,,,,,,,,,,
GERD,stomach pain,acidity,vomiting,cough,chest pain,,,,,,,,,,,,
GERD,stomach pain,acidity,ulcers on tongue,cough,chest pain,,,,,,,,,,,,
Chronic cholestasis,itching,vomiting,yellowish skin,nausea,loss of appetite,abdominal pain,yellowing of eyes,,,,,,,,,,
Chronic cholestasis,vomiting,yellowish skin,nausea,loss of appetite,abdominal pain,yellowing of eyes,,,,,,,,,,,
Chronic cholestasis,itching,yellowish skin,nausea,loss of appetite,abdominal pain,yellowing of eyes,,,,,,,,,,,
Chronic cholestasis,itching,vomiting,nausea,loss of appetite,abdominal pain,yellowing of eyes,,,,,,,,,,,
Chronic cholestasis,itching,vomiting,yellowish skin,loss of appetite,abdominal pain,yellowing of eyes,,,,,,,,,,,
Chronic cholestasis,itching,vomiting,yellowish skin,nausea,abdominal pain,yellowing of eyes,,,,,,,,,,,
Chronic cholestasis,itching,vomiting,yellowish skin,nausea,loss of appetite,yellowing of eyes,,,,,,,,,,,
Chronic cholestasis,itching,vomiting,yellowish skin,nausea,loss of appetite,abdominal pain,,,,,,,,,,,
Chronic cholestasis,itching,vomiting,yellowish skin,nausea,loss of appetite,abdominal pain,yellowing of eyes,,,,,,,,,,
Chronic cholestasis,itching,vomiting,yellowish skin,nausea,loss of appetite,abdominal pain,yellowing of eyes,,,,,,,,,,
Drug Reaction,itching,skin rash,stomach pain,burning pee,spotting urine,,,,,,,,,,,,
Drug Reaction,itching,stomach pain,burning pee,spotting urine,,,,,,,,,,,,,
Drug Reaction,itching,skin rash,burning pee,spotting urine,,,,,,,,,,,,,
Drug Reaction,itching,skin rash,stomach pain,spotting urine,,,,,,,,,,,,,
Drug Reaction,itching,skin rash,stomach pain,burning pee,,,,,,,,,,,,,
Drug Reaction,skin rash,stomach pain,burning pee,spotting urine,,,,,,,,,,,,,
Drug Reaction,itching,stomach pain,burning pee,spotting urine,,,,,,,,,,,,,
Drug Reaction,itching,skin rash,burning pee,spotting urine,,,,,,,,,,,,,
Drug Reaction,itching,skin rash,stomach pain,spotting urine,,,,,,,,,,,,,
Drug Reaction,itching,skin rash,stomach pain,burning pee,,,,,,,,,,,,,
Peptic ulcer diseae,vomiting,loss of appetite,abdominal pain,farting,itching inside,,,,,,,,,,,,
Peptic ulcer diseae,vomiting,indigestion,abdominal pain,farting,itching inside,,,,,,,,,,,,
Peptic ulcer diseae,indigestion,loss of appetite,abdominal pain,farting,itching inside,,,,,,,,,,,,
Peptic ulcer diseae,vomiting,loss of appetite,abdominal pain,farting,itching inside,,,,,,,,,,,,
Peptic ulcer diseae,vomiting,indigestion,abdominal pain,farting,itching inside,,,,,,,,,,,,
Peptic ulcer diseae,vomiting,indigestion,loss of appetite,farting,itching inside,,,,,,,,,,,,
Peptic ulcer diseae,vomiting,indigestion,loss of appetite,abdominal pain,itching inside,,,,,,,,,,,,
Peptic ulcer diseae,vomiting,indigestion,loss of appetite,abdominal pain,farting,,,,,,,,,,,,
Peptic ulcer diseae,vomiting,indigestion,loss of appetite,abdominal pain,farting,itching inside,,,,,,,,,,,
Peptic ulcer diseae,vomiting,indigestion,loss of appetite,abdominal pain,farting,itching inside,,,,,,,,,,,
AIDS,muscle wasting,patches in throat,high fever,extra marital contacts,,,,,,,,,,,,,
AIDS,patches in throat,high fever,extra marital contacts,,,,,,,,,,,,,,
AIDS,muscle wasting,high fever,extra marital contacts,,,,,,,,,,,,,,
AIDS,muscle wasting,patches in throat,extra marital contacts,,,,,,,,,,,,,,
AIDS,muscle wasting,patches in throat,high fever,,,,,,,,,,,,,,
AIDS,muscle wasting,patches in throat,high fever,extra marital contacts,,,,,,,,,,,,,
AIDS,muscle wasting,patches in throat,high fever,extra marital contacts,,,,,,,,,,,,,
AIDS,patches in throat,high fever,extra marital contacts,,,,,,,,,,,,,,
AIDS,muscle wasting,high fever,extra marital contacts,,,,,,,,,,,,,,
AIDS,muscle wasting,patches in throat,high fever,,,,,,,,,,,,,,
Diabetes ,fatigue,weight loss,restlessness,lethargy,irregular sugar level,blurry vision,obesity,excessive hunger,increased appetite,peeing a lot,,,,,,,
Diabetes ,fatigue,weight loss,restlessness,lethargy,irregular sugar level,blurry vision,obesity,excessive hunger,increased appetite,peeing a lot,,,,,,,
Diabetes ,weight loss,restlessness,lethargy,irregular sugar level,blurry vision,obesity,excessive hunger,increased appetite,peeing a lot,,,,,,,,
Diabetes ,fatigue,restlessness,lethargy,irregular sugar level,blurry vision,obesity,excessive hunger,increased appetite,peeing a lot,,,,,,,,
Diabetes ,fatigue,weight loss,lethargy,irregular sugar level,blurry vision,obesity,excessive hunger,increased appetite,peeing a lot,,,,,,,,
Diabetes ,fatigue,weight loss,restlessness,irregular sugar level,blurry vision,obesity,excessive hunger,increased appetite,peeing a lot,,,,,,,,
Diabetes ,fatigue,weight loss,restlessness,lethargy,blurry vision,obesity,excessive hunger,increased appetite,peeing a lot,,,,,,,,
Diabetes ,fatigue,weight loss,restlessness,lethargy,irregular sugar level,obesity,excessive hunger,increased appetite,peeing a lot,,,,,,,,
Diabetes ,fatigue,weight loss,restlessness,lethargy,irregular sugar level,blurry vision,excessive hunger,increased appetite,peeing a lot,,,,,,,,
Diabetes ,fatigue,weight loss,restlessness,lethargy,irregular sugar level,blurry vision,obesity,increased appetite,peeing a lot,,,,,,,,
Gastroenteritis,vomiting,sunken eyes,dehydration,diarrhoea,,,,,,,,,,,,,
Gastroenteritis,vomiting,sunken eyes,dehydration,diarrhoea,,,,,,,,,,,,,
Gastroenteritis,sunken eyes,dehydration,diarrhoea,,,,,,,,,,,,,,
Gastroenteritis,vomiting,dehydration,diarrhoea,,,,,,,,,,,,,,
Gastroenteritis,vomiting,sunken eyes,diarrhoea,,,,,,,,,,,,,,
Gastroenteritis,vomiting,sunken eyes,dehydration,,,,,,,,,,,,,,
Gastroenteritis,vomiting,sunken eyes,dehydration,diarrhoea,,,,,,,,,,,,,
Gastroenteritis,sunken eyes,dehydration,diarrhoea,,,,,,,,,,,,,,
Gastroenteritis,vomiting,dehydration,diarrhoea,,,,,,,,,,,,,,
Gastroenteritis,vomiting,sunken eyes,diarrhoea,,,,,,,,,,,,,,
Bronchial Asthma,fatigue,cough,high fever,breathlessness,family history,mucus,,,,,,,,,,,
Bronchial Asthma,cough,high fever,breathlessness,family history,mucus,,,,,,,,,,,,
Bronchial Asthma,fatigue,high fever,breathlessness,family history,mucus,,,,,,,,,,,,
Bronchial Asthma,fatigue,cough,breathlessness,family history,mucus,,,,,,,,,,,,
Bronchial Asthma,fatigue,cough,high fever,family history,mucus,,,,,,,,,,,,
Bronchial Asthma,fatigue,cough,high fever,breathlessness,mucus,,,,,,,,,,,,
Bronchial Asthma,fatigue,cough,high fever,breathlessness,family history,,,,,,,,,,,,
Bronchial Asthma,fatigue,cough,high fever,breathlessness,family history,mucus,,,,,,,,,,,
Bronchial Asthma,cough,high fever,breathlessness,family history,mucus,,,,,,,,,,,,
Bronchial Asthma,fatigue,high fever,breathlessness,family history,mucus,,,,,,,,,,,,
Hypertension ,headache,chest pain,dizziness,loss of balance,lack of concentration,,,,,,,,,,,,
Hypertension ,chest pain,dizziness,loss of balance,lack of concentration,,,,,,,,,,,,,
Hypertension ,headache,dizziness,loss of balance,lack of concentration,,,,,,,,,,,,,
Hypertension ,headache,chest pain,loss of balance,lack of concentration,,,,,,,,,,,,,
Hypertension ,headache,chest pain,dizziness,lack of concentration,,,,,,,,,,,,,
Hypertension ,headache,chest pain,dizziness,loss of balance,,,,,,,,,,,,,
Hypertension ,headache,chest pain,dizziness,loss of balance,lack of concentration,,,,,,,,,,,,
Hypertension ,chest pain,dizziness,loss of balance,lack of concentration,,,,,,,,,,,,,
Hypertension ,headache,dizziness,loss of balance,lack of concentration,,,,,,,,,,,,,
Hypertension ,headache,chest pain,loss of balance,lack of concentration,,,,,,,,,,,,,
Migraine,acidity,indigestion,headache,blurry vision,excessive hunger,stiff neck,depression,irritability,visual disturbances,,,,,,,,
Migraine,indigestion,headache,blurry vision,excessive hunger,stiff neck,depression,irritability,visual disturbances,,,,,,,,,
Migraine,acidity,headache,blurry vision,excessive hunger,stiff neck,depression,irritability,visual disturbances,,,,,,,,,
Migraine,acidity,indigestion,blurry vision,excessive hunger,stiff neck,depression,irritability,visual disturbances,,,,,,,,,
Migraine,acidity,indigestion,headache,excessive hunger,stiff neck,depression,irritability,visual disturbances,,,,,,,,,
Migraine,acidity,indigestion,headache,blurry vision,stiff neck,depression,irritability,visual disturbances,,,,,,,,,
Migraine,acidity,indigestion,headache,blurry vision,excessive hunger,depression,irritability,visual disturbances,,,,,,,,,
Migraine,acidity,indigestion,headache,blurry vision,excessive hunger,stiff neck,irritability,visual disturbances,,,,,,,,,
Migraine,acidity,indigestion,headache,blurry vision,excessive hunger,stiff neck,depression,visual disturbances,,,,,,,,,
Migraine,acidity,indigestion,headache,blurry vision,excessive hunger,stiff neck,depression,irritability,,,,,,,,,
Cervical spondylosis,back pain,weakness in limbs,neck pain,dizziness,loss of balance,,,,,,,,,,,,
Cervical spondylosis,back pain,weakness in limbs,neck pain,dizziness,loss of balance,,,,,,,,,,,,
Cervical spondylosis,weakness in limbs,neck pain,dizziness,loss of balance,,,,,,,,,,,,,
Cervical spondylosis,back pain,neck pain,dizziness,loss of balance,,,,,,,,,,,,,
Cervical spondylosis,back pain,weakness in limbs,dizziness,loss of balance,,,,,,,,,,,,,
Cervical spondylosis,back pain,weakness in limbs,neck pain,loss of balance,,,,,,,,,,,,,
Cervical spondylosis,back pain,weakness in limbs,neck pain,dizziness,,,,,,,,,,,,,
Cervical spondylosis,back pain,weakness in limbs,neck pain,dizziness,loss of balance,,,,,,,,,,,,
Cervical spondylosis,weakness in limbs,neck pain,dizziness,loss of balance,,,,,,,,,,,,,
Cervical spondylosis,back pain,neck pain,dizziness,loss of balance,,,,,,,,,,,,,
Paralysis (brain hemorrhage),vomiting,headache,weakness of one body side,confusion,,,,,,,,,,,,,
Paralysis (brain hemorrhage),vomiting,headache,weakness of one body side,confusion,,,,,,,,,,,,,
Paralysis (brain hemorrhage),headache,weakness of one body side,confusion,,,,,,,,,,,,,,
Paralysis (brain hemorrhage),vomiting,weakness of one body side,confusion,,,,,,,,,,,,,,
Paralysis (brain hemorrhage),vomiting,headache,confusion,,,,,,,,,,,,,,
Paralysis (brain hemorrhage),vomiting,headache,weakness of one body side,,,,,,,,,,,,,,
Paralysis (brain hemorrhage),vomiting,headache,weakness of one body side,confusion,,,,,,,,,,,,,
Paralysis (brain hemorrhage),headache,weakness of one body side,confusion,,,,,,,,,,,,,,
Paralysis (brain hemorrhage),vomiting,weakness of one body side,confusion,,,,,,,,,,,,,,
Paralysis (brain hemorrhage),vomiting,headache,confusion,,,,,,,,,,,,,,
Jaundice,itching,vomiting,fatigue,weight loss,high fever,yellowish skin,dark urine,abdominal pain,,,,,,,,,
Jaundice,itching,vomiting,fatigue,weight loss,high fever,yellowish skin,dark urine,abdominal pain,,,,,,,,,
Jaundice,vomiting,fatigue,weight loss,high fever,yellowish skin,dark urine,abdominal pain,,,,,,,,,,
Jaundice,itching,fatigue,weight loss,high fever,yellowish skin,dark urine,abdominal pain,,,,,,,,,,
Jaundice,itching,vomiting,weight loss,high fever,yellowish skin,dark urine,abdominal pain,,,,,,,,,,
Jaundice,itching,vomiting,fatigue,high fever,yellowish skin,dark urine,abdominal pain,,,,,,,,,,
Jaundice,itching,vomiting,fatigue,weight loss,yellowish skin,dark urine,abdominal pain,,,,,,,,,,
Jaundice,itching,vomiting,fatigue,weight loss,high fever,dark urine,abdominal pain,,,,,,,,,,
Jaundice,itching,vomiting,fatigue,weight loss,high fever,yellowish skin,abdominal pain,,,,,,,,,,
Jaundice,itching,vomiting,fatigue,weight loss,high fever,yellowish skin,dark urine,,,,,,,,,,
Malaria,chills,vomiting,high fever,sweating,headache,nausea,muscle pain,,,,,,,,,,
Malaria,chills,vomiting,high fever,sweating,headache,nausea,diarrhoea,muscle pain,,,,,,,,,
Malaria,chills,vomiting,high fever,sweating,headache,nausea,diarrhoea,muscle pain,,,,,,,,,
Malaria,vomiting,high fever,sweating,headache,nausea,diarrhoea,muscle pain,,,,,,,,,,
Malaria,chills,high fever,sweating,headache,nausea,diarrhoea,muscle pain,,,,,,,,,,
Malaria,chills,vomiting,sweating,headache,nausea,diarrhoea,muscle pain,,,,,,,,,,
Malaria,chills,vomiting,high fever,headache,nausea,diarrhoea,muscle pain,,,,,,,,,,
Malaria,chills,vomiting,high fever,sweating,nausea,diarrhoea,muscle pain,,,,,,,,,,
Malaria,chills,vomiting,high fever,sweating,headache,diarrhoea,muscle pain,,,,,,,,,,
Malaria,chills,vomiting,high fever,sweating,headache,nausea,muscle pain,,,,,,,,,,
Chicken pox,itching,skin rash,fatigue,lethargy,high fever,headache,loss of appetite,mild fever,swelled lymph nodes,malaise,red spots over body,,,,,,
Chicken pox,skin rash,fatigue,lethargy,high fever,headache,loss of appetite,mild fever,swelled lymph nodes,malaise,red spots over body,,,,,,,
Chicken pox,itching,fatigue,lethargy,high fever,headache,loss of appetite,mild fever,swelled lymph nodes,malaise,red spots over body,,,,,,,
Chicken pox,itching,skin rash,lethargy,high fever,headache,loss of appetite,mild fever,swelled lymph nodes,malaise,red spots over body,,,,,,,
Chicken pox,itching,skin rash,fatigue,high fever,headache,loss of appetite,mild fever,swelled lymph nodes,malaise,red spots over body,,,,,,,
Chicken pox,itching,skin rash,fatigue,lethargy,headache,loss of appetite,mild fever,swelled lymph nodes,malaise,red spots over body,,,,,,,
Chicken pox,itching,skin rash,fatigue,lethargy,high fever,loss of appetite,mild fever,swelled lymph nodes,malaise,red spots over body,,,,,,,
Chicken pox,itching,skin rash,fatigue,lethargy,high fever,headache,mild fever,swelled lymph nodes,malaise,red spots over body,,,,,,,
Chicken pox,itching,skin rash,fatigue,lethargy,high fever,headache,loss of appetite,swelled lymph nodes,malaise,red spots over body,,,,,,,
Chicken pox,itching,skin rash,fatigue,lethargy,high fever,headache,loss of appetite,mild fever,malaise,red spots over body,,,,,,,
Dengue,skin rash,chills,joint pain,vomiting,fatigue,high fever,headache,nausea,loss of appetite,pain behind the eyes,back pain,muscle pain,red spots over body,,,,
Dengue,skin rash,chills,joint pain,vomiting,fatigue,high fever,headache,nausea,loss of appetite,pain behind the eyes,back pain,malaise,red spots over body,,,,
Dengue,skin rash,chills,joint pain,vomiting,fatigue,high fever,headache,nausea,loss of appetite,pain behind the eyes,back pain,malaise,muscle pain,,,,
Dengue,skin rash,chills,joint pain,vomiting,fatigue,high fever,headache,nausea,loss of appetite,pain behind the eyes,back pain,malaise,muscle pain,red spots over body,,,
Dengue,chills,joint pain,vomiting,fatigue,high fever,headache,nausea,loss of appetite,pain behind the eyes,back pain,malaise,muscle pain,red spots over body,,,,
Dengue,skin rash,joint pain,vomiting,fatigue,high fever,headache,nausea,loss of appetite,pain behind the eyes,back pain,malaise,muscle pain,red spots over body,,,,
Dengue,skin rash,chills,vomiting,fatigue,high fever,headache,nausea,loss of appetite,pain behind the eyes,back pain,malaise,muscle pain,red spots over body,,,,
Dengue,skin rash,chills,joint pain,fatigue,high fever,headache,nausea,loss of appetite,pain behind the eyes,back pain,malaise,muscle pain,red spots over body,,,,
Dengue,skin rash,chills,joint pain,vomiting,high fever,headache,nausea,loss of appetite,pain behind the eyes,back pain,malaise,muscle pain,red spots over body,,,,
Dengue,skin rash,chills,joint pain,vomiting,fatigue,headache,nausea,loss of appetite,pain behind the eyes,back pain,malaise,muscle pain,red spots over body,,,,
Typhoid,chills,vomiting,fatigue,high fever,nausea,constipation,abdominal pain,diarrhoea,sickly look,belly pain,,,,,,,
Typhoid,chills,vomiting,fatigue,high fever,headache,constipation,abdominal pain,diarrhoea,sickly look,belly pain,,,,,,,
Typhoid,chills,vomiting,fatigue,high fever,headache,nausea,abdominal pain,diarrhoea,sickly look,belly pain,,,,,,,
Typhoid,chills,vomiting,fatigue,high fever,headache,nausea,constipation,diarrhoea,sickly look,belly pain,,,,,,,
Typhoid,chills,vomiting,fatigue,high fever,headache,nausea,constipation,abdominal pain,sickly look,belly pain,,,,,,,
Typhoid,chills,vomiting,fatigue,high fever,headache,nausea,constipation,abdominal pain,diarrhoea,belly pain,,,,,,,
Typhoid,chills,vomiting,fatigue,high fever,headache,nausea,constipation,abdominal pain,diarrhoea,sickly look,,,,,,,
Typhoid,chills,vomiting,fatigue,high fever,headache,nausea,constipation,abdominal pain,diarrhoea,sickly look,belly pain,,,,,,
Typhoid,chills,vomiting,fatigue,high fever,headache,nausea,constipation,abdominal pain,diarrhoea,sickly look,belly pain,,,,,,
Typhoid,chills,fatigue,high fever,headache,nausea,constipation,abdominal pain,diarrhoea,sickly look,belly pain,,,,,,,
hepatitis A,joint pain,vomiting,yellowish skin,dark urine,nausea,loss of appetite,abdominal pain,diarrhoea,mild fever,yellowing of eyes,muscle pain,,,,,,
hepatitis A,joint pain,vomiting,yellowish skin,dark urine,nausea,loss of appetite,abdominal pain,diarrhoea,mild fever,yellowing of eyes,muscle pain,,,,,,
hepatitis A,vomiting,yellowish skin,dark urine,nausea,loss of appetite,abdominal pain,diarrhoea,mild fever,yellowing of eyes,muscle pain,,,,,,,
hepatitis A,joint pain,yellowish skin,dark urine,nausea,loss of appetite,abdominal pain,diarrhoea,mild fever,yellowing of eyes,muscle pain,,,,,,,
hepatitis A,joint pain,vomiting,dark urine,nausea,loss of appetite,abdominal pain,diarrhoea,mild fever,yellowing of eyes,muscle pain,,,,,,,
hepatitis A,joint pain,vomiting,yellowish skin,nausea,loss of appetite,abdominal pain,diarrhoea,mild fever,yellowing of eyes,muscle pain,,,,,,,
hepatitis A,joint pain,vomiting,yellowish skin,dark urine,loss of appetite,abdominal pain,diarrhoea,mild fever,yellowing of eyes,muscle pain,,,,,,,
hepatitis A,joint pain,vomiting,yellowish skin,dark urine,nausea,abdominal pain,diarrhoea,mild fever,yellowing of eyes,muscle pain,,,,,,,
hepatitis A,joint pain,vomiting,yellowish skin,dark urine,nausea,loss of appetite,diarrhoea,mild fever,yellowing of eyes,muscle pain,,,,,,,
hepatitis A,joint pain,vomiting,yellowish skin,dark urine,nausea,loss of appetite,abdominal pain,mild fever,yellowing of eyes,muscle pain,,,,,,,
Hepatitis B,itching,fatigue,lethargy,yellowish skin,dark urine,loss of appetite,abdominal pain,yellow urine,yellowing of eyes,malaise,blood transfusion,injections,,,,,
Hepatitis B,itching,fatigue,lethargy,yellowish skin,dark urine,loss of appetite,abdominal pain,yellow urine,yellowing of eyes,malaise,blood transfusion,injections,,,,,
Hepatitis B,fatigue,lethargy,yellowish skin,dark urine,loss of appetite,abdominal pain,yellow urine,yellowing of eyes,malaise,blood transfusion,injections,,,,,,
Hepatitis B,itching,lethargy,yellowish skin,dark urine,loss of appetite,abdominal pain,yellow urine,yellowing of eyes,malaise,blood transfusion,injections,,,,,,
Hepatitis B,itching,fatigue,yellowish skin,dark urine,loss of appetite,abdominal pain,yellow urine,yellowing of eyes,malaise,blood transfusion,injections,,,,,,
Hepatitis B,itching,fatigue,lethargy,dark urine,loss of appetite,abdominal pain,yellow urine,yellowing of eyes,malaise,blood transfusion,injections,,,,,,
Hepatitis B,itching,fatigue,lethargy,yellowish skin,loss of appetite,abdominal pain,yellow urine,yellowing of eyes,malaise,blood transfusion,injections,,,,,,
Hepatitis B,itching,fatigue,lethargy,yellowish skin,dark urine,abdominal pain,yellow urine,yellowing of eyes,malaise,blood transfusion,injections,,,,,,
Hepatitis B,itching,fatigue,lethargy,yellowish skin,dark urine,loss of appetite,yellow urine,yellowing of eyes,malaise,blood transfusion,injections,,,,,,
Hepatitis B,itching,fatigue,lethargy,yellowish skin,dark urine,loss of appetite,abdominal pain,yellowing of eyes,malaise,blood transfusion,injections,,,,,,
Hepatitis C,fatigue,yellowish skin,nausea,loss of appetite,family history,,,,,,,,,,,,
Hepatitis C,fatigue,yellowish skin,nausea,loss of appetite,yellowing of eyes,family history,,,,,,,,,,,
Hepatitis C,yellowish skin,nausea,loss of appetite,yellowing of eyes,family history,,,,,,,,,,,,
Hepatitis C,fatigue,nausea,loss of appetite,yellowing of eyes,family history,,,,,,,,,,,,
Hepatitis C,fatigue,yellowish skin,loss of appetite,yellowing of eyes,family history,,,,,,,,,,,,
Hepatitis C,fatigue,yellowish skin,nausea,yellowing of eyes,family history,,,,,,,,,,,,
Hepatitis C,fatigue,yellowish skin,nausea,loss of appetite,family history,,,,,,,,,,,,
Hepatitis C,fatigue,yellowish skin,nausea,loss of appetite,yellowing of eyes,,,,,,,,,,,,
Hepatitis C,fatigue,yellowish skin,nausea,loss of appetite,yellowing of eyes,family history,,,,,,,,,,,
Hepatitis C,fatigue,yellowish skin,nausea,loss of appetite,yellowing of eyes,family history,,,,,,,,,,,
Hepatitis D,joint pain,vomiting,fatigue,yellowish skin,dark urine,nausea,loss of appetite,abdominal pain,yellowing of eyes,,,,,,,,
Hepatitis D,vomiting,fatigue,yellowish skin,dark urine,nausea,loss of appetite,abdominal pain,yellowing of eyes,,,,,,,,,
Hepatitis D,joint pain,fatigue,yellowish skin,dark urine,nausea,loss of appetite,abdominal pain,yellowing of eyes,,,,,,,,,
Hepatitis D,joint pain,vomiting,yellowish skin,dark urine,nausea,loss of appetite,abdominal pain,yellowing of eyes,,,,,,,,,
Hepatitis D,joint pain,vomiting,fatigue,dark urine,nausea,loss of appetite,abdominal pain,yellowing of eyes,,,,,,,,,
Hepatitis D,joint pain,vomiting,fatigue,yellowish skin,nausea,loss of appetite,abdominal pain,yellowing of eyes,,,,,,,,,
Hepatitis D,joint pain,vomiting,fatigue,yellowish skin,dark urine,loss of appetite,abdominal pain,yellowing of eyes,,,,,,,,,
Hepatitis D,joint pain,vomiting,fatigue,yellowish skin,dark urine,nausea,abdominal pain,yellowing of eyes,,,,,,,,,
Hepatitis D,joint pain,vomiting,fatigue,yellowish skin,dark urine,nausea,loss of appetite,yellowing of eyes,,,,,,,,,
Hepatitis D,joint pain,vomiting,fatigue,yellowish skin,dark urine,nausea,loss of appetite,abdominal pain,,,,,,,,,
Hepatitis E,joint pain,vomiting,fatigue,high fever,yellowish skin,dark urine,nausea,loss of appetite,abdominal pain,yellowing of eyes,unconscious,blood in vomit,,,,,
Hepatitis E,joint pain,vomiting,fatigue,high fever,yellowish skin,dark urine,nausea,loss of appetite,abdominal pain,yellowing of eyes,acute liver failure,unconscious,blood in vomit,,,,
Hepatitis E,joint pain,vomiting,fatigue,high fever,yellowish skin,dark urine,nausea,loss of appetite,abdominal pain,yellowing of eyes,acute liver failure,unconscious,blood in vomit,,,,
Hepatitis E,vomiting,fatigue,high fever,yellowish skin,dark urine,nausea,loss of appetite,abdominal pain,yellowing of eyes,acute liver failure,unconscious,blood in vomit,,,,,
Hepatitis E,joint pain,fatigue,high fever,yellowish skin,dark urine,nausea,loss of appetite,abdominal pain,yellowing of eyes,acute liver failure,unconscious,blood in vomit,,,,,
Hepatitis E,joint pain,vomiting,high fever,yellowish skin,dark urine,nausea,loss of appetite,abdominal pain,yellowing of eyes,acute liver failure,unconscious,blood in vomit,,,,,
Hepatitis E,joint pain,vomiting,fatigue,yellowish skin,dark urine,nausea,loss of appetite,abdominal pain,yellowing of eyes,acute liver failure,unconscious,blood in vomit,,,,,
Hepatitis E,joint pain,vomiting,fatigue,high fever,dark urine,nausea,loss of appetite,abdominal pain,yellowing of eyes,acute liver failure,unconscious,blood in vomit,,,,,
Hepatitis E,joint pain,vomiting,fatigue,high fever,yellowish skin,nausea,loss of appetite,abdominal pain,yellowing of eyes,acute liver failure,unconscious,blood in vomit,,,,,
Hepatitis E,joint pain,vomiting,fatigue,high fever,yellowish skin,dark urine,loss of appetite,abdominal pain,yellowing of eyes,acute liver failure,unconscious,blood in vomit,,,,,
Alcoholic hepatitis,vomiting,yellowish skin,abdominal pain,swelling of stomach,bloated stomach,alcohol use,swelling,,,,,,,,,,
Alcoholic hepatitis,vomiting,yellowish skin,abdominal pain,swelling of stomach,bloated stomach,alcohol use,swelling,,,,,,,,,,
Alcoholic hepatitis,yellowish skin,abdominal pain,swelling of stomach,bloated stomach,alcohol use,swelling,,,,,,,,,,,
Alcoholic hepatitis,vomiting,abdominal pain,swelling of stomach,bloated stomach,alcohol use,swelling,,,,,,,,,,,
Alcoholic hepatitis,vomiting,yellowish skin,swelling of stomach,bloated stomach,alcohol use,swelling,,,,,,,,,,,
Alcoholic hepatitis,vomiting,yellowish skin,abdominal pain,bloated stomach,alcohol use,swelling,,,,,,,,,,,
Alcoholic hepatitis,vomiting,yellowish skin,abdominal pain,swelling of stomach,alcohol use,swelling,,,,,,,,,,,
Alcoholic hepatitis,vomiting,yellowish skin,abdominal pain,swelling of stomach,bloated stomach,swelling,,,,,,,,,,,
Alcoholic hepatitis,vomiting,yellowish skin,abdominal pain,swelling of stomach,bloated stomach,alcohol use,,,,,,,,,,,
Alcoholic hepatitis,vomiting,yellowish skin,abdominal pain,swelling of stomach,bloated stomach,alcohol use,swelling,,,,,,,,,,
Tuberculosis,chills,vomiting,fatigue,weight loss,cough,high fever,breathlessness,sweating,loss of appetite,mild fever,yellowing of eyes,swelled lymph nodes,malaise,phlegm,chest pain,blood in sputum,
Tuberculosis,chills,vomiting,fatigue,weight loss,cough,high fever,breathlessness,sweating,loss of appetite,mild fever,yellowing of eyes,swelled lymph nodes,malaise,phlegm,chest pain,blood in sputum,
Tuberculosis,vomiting,fatigue,weight loss,cough,high fever,breathlessness,sweating,loss of appetite,mild fever,yellowing of eyes,swelled lymph nodes,malaise,phlegm,chest pain,blood in sputum,,
Tuberculosis,chills,fatigue,weight loss,cough,high fever,breathlessness,sweating,loss of appetite,mild fever,yellowing of eyes,swelled lymph nodes,malaise,phlegm,chest pain,blood in sputum,,
Tuberculosis,chills,vomiting,weight loss,cough,high fever,breathlessness,sweating,loss of appetite,mild fever,yellowing of eyes,swelled lymph nodes,malaise,phlegm,chest pain,blood in sputum,,
Tuberculosis,chills,vomiting,fatigue,cough,high fever,breathlessness,sweating,loss of appetite,mild fever,yellowing of eyes,swelled lymph nodes,malaise,phlegm,chest pain,blood in sputum,,
Tuberculosis,chills,vomiting,fatigue,weight loss,high fever,breathlessness,sweating,loss of appetite,mild fever,yellowing of eyes,swelled lymph nodes,malaise,phlegm,chest pain,blood in sputum,,
Tuberculosis,chills,vomiting,fatigue,weight loss,cough,breathlessness,sweating,loss of appetite,mild fever,yellowing of eyes,swelled lymph nodes,malaise,phlegm,chest pain,blood in sputum,,
Tuberculosis,chills,vomiting,fatigue,weight loss,cough,high fever,sweating,loss of appetite,mild fever,yellowing of eyes,swelled lymph nodes,malaise,phlegm,chest pain,blood in sputum,,
Tuberculosis,chills,vomiting,fatigue,weight loss,cough,high fever,breathlessness,loss of appetite,mild fever,yellowing of eyes,swelled lymph nodes,malaise,phlegm,chest pain,blood in sputum,,
Common Cold,continuous sneezing,chills,fatigue,cough,high fever,headache,swelled lymph nodes,malaise,phlegm,throat irritation,redness of eyes,sinus pain,runny nose,congestion,chest pain,loss of smell,muscle pain
Common Cold,continuous sneezing,chills,fatigue,cough,high fever,headache,swelled lymph nodes,malaise,phlegm,throat irritation,redness of eyes,sinus pain,runny nose,congestion,chest pain,loss of smell,muscle pain
Common Cold,chills,fatigue,cough,high fever,headache,swelled lymph nodes,malaise,phlegm,throat irritation,redness of eyes,sinus pain,runny nose,congestion,chest pain,loss of smell,muscle pain,
Common Cold,continuous sneezing,fatigue,cough,high fever,headache,swelled lymph nodes,malaise,phlegm,throat irritation,redness of eyes,sinus pain,runny nose,congestion,chest pain,loss of smell,muscle pain,
Common Cold,continuous sneezing,chills,cough,high fever,headache,swelled lymph nodes,malaise,phlegm,throat irritation,redness of eyes,sinus pain,runny nose,congestion,chest pain,loss of smell,muscle pain,
Common Cold,continuous sneezing,chills,fatigue,high fever,headache,swelled lymph nodes,malaise,phlegm,throat irritation,redness of eyes,sinus pain,runny nose,congestion,chest pain,loss of smell,muscle pain,
Common Cold,continuous sneezing,chills,fatigue,cough,headache,swelled lymph nodes,malaise,phlegm,throat irritation,redness of eyes,sinus pain,runny nose,congestion,chest pain,loss of smell,muscle pain,
Common Cold,continuous sneezing,chills,fatigue,cough,high fever,swelled lymph nodes,malaise,phlegm,throat irritation,redness of eyes,sinus pain,runny nose,congestion,chest pain,loss of smell,muscle pain,
Common Cold,continuous sneezing,chills,fatigue,cough,high fever,headache,malaise,phlegm,throat irritation,redness of eyes,sinus pain,runny nose,congestion,chest pain,loss of smell,muscle pain,
Common Cold,continuous sneezing,chills,fatigue,cough,high fever,headache,swelled lymph nodes,phlegm,throat irritation,redness of eyes,sinus pain,runny nose,congestion,chest pain,loss of smell,muscle pain,
Pneumonia,chills,fatigue,cough,high fever,breathlessness,sweating,malaise,chest pain,fast heart rate,bloody mucus,,,,,,,
Pneumonia,chills,fatigue,cough,high fever,breathlessness,sweating,malaise,phlegm,chest pain,fast heart rate,bloody mucus,,,,,,
Pneumonia,chills,fatigue,cough,high fever,breathlessness,sweating,malaise,phlegm,chest pain,fast heart rate,bloody mucus,,,,,,
Pneumonia,fatigue,cough,high fever,breathlessness,sweating,malaise,phlegm,chest pain,fast heart rate,bloody mucus,,,,,,,
Pneumonia,chills,cough,high fever,breathlessness,sweating,malaise,phlegm,chest pain,fast heart rate,bloody mucus,,,,,,,
Pneumonia,chills,fatigue,high fever,breathlessness,sweating,malaise,phlegm,chest pain,fast heart rate,bloody mucus,,,,,,,
Pneumonia,chills,fatigue,cough,breathlessness,sweating,malaise,phlegm,chest pain,fast heart rate,bloody mucus,,,,,,,
Pneumonia,chills,fatigue,cough,high fever,sweating,malaise,phlegm,chest pain,fast heart rate,bloody mucus,,,,,,,
Pneumonia,chills,fatigue,cough,high fever,breathlessness,malaise,phlegm,chest pain,fast heart rate,bloody mucus,,,,,,,
Pneumonia,chills,fatigue,cough,high fever,breathlessness,sweating,phlegm,chest pain,fast heart rate,bloody mucus,,,,,,,
Dimorphic hemmorhoids(piles),constipation,pain during bowel movements,pain in anal region,bloody stool,irritation in anus,,,,,,,,,,,,
Dimorphic hemmorhoids(piles),constipation,pain during bowel movements,pain in anal region,bloody stool,irritation in anus,,,,,,,,,,,,
Dimorphic hemmorhoids(piles),constipation,pain during bowel movements,pain in anal region,bloody stool,irritation in anus,,,,,,,,,,,,
Dimorphic hemmorhoids(piles),pain during bowel movements,pain in anal region,bloody stool,irritation in anus,,,,,,,,,,,,,
Dimorphic hemmorhoids(piles),constipation,pain in anal region,bloody stool,irritation in anus,,,,,,,,,,,,,
Dimorphic hemmorhoids(piles),constipation,pain during bowel movements,bloody stool,irritation in anus,,,,,,,,,,,,,
Dimorphic hemmorhoids(piles),constipation,pain during bowel movements,pain in anal region,irritation in anus,,,,,,,,,,,,,
Dimorphic hemmorhoids(piles),constipation,pain during bowel movements,pain in anal region,bloody stool,,,,,,,,,,,,,
Dimorphic hemmorhoids(piles),constipation,pain during bowel movements,pain in anal region,bloody stool,irritation in anus,,,,,,,,,,,,
Dimorphic hemmorhoids(piles),constipation,pain during bowel movements,pain in anal region,bloody stool,irritation in anus,,,,,,,,,,,,
Heart attack,vomiting,breathlessness,sweating,chest pain,,,,,,,,,,,,,
Heart attack,vomiting,breathlessness,sweating,chest pain,,,,,,,,,,,,,
Heart attack,breathlessness,sweating,chest pain,,,,,,,,,,,,,,
Heart attack,vomiting,sweating,chest pain,,,,,,,,,,,,,,
Heart attack,vomiting,breathlessness,chest pain,,,,,,,,,,,,,,
Heart attack,vomiting,breathlessness,sweating,,,,,,,,,,,,,,
Heart attack,vomiting,breathlessness,sweating,chest pain,,,,,,,,,,,,,
Heart attack,breathlessness,sweating,chest pain,,,,,,,,,,,,,,
Heart attack,vomiting,sweating,chest pain,,,,,,,,,,,,,,
Heart attack,vomiting,breathlessness,chest pain,,,,,,,,,,,,,,
Varicose veins,fatigue,cramps,bruising,obesity,swollen legs,swollen blood vessels,veins on legs,,,,,,,,,,
Varicose veins,fatigue,cramps,bruising,obesity,swollen legs,swollen blood vessels,veins on legs,,,,,,,,,,
Varicose veins,cramps,bruising,obesity,swollen legs,swollen blood vessels,veins on legs,,,,,,,,,,,
Varicose veins,fatigue,bruising,obesity,swollen legs,swollen blood vessels,veins on legs,,,,,,,,,,,
Varicose veins,fatigue,cramps,obesity,swollen legs,swollen blood vessels,veins on legs,,,,,,,,,,,
Varicose veins,fatigue,cramps,bruising,swollen legs,swollen blood vessels,veins on legs,,,,,,,,,,,
Varicose veins,fatigue,cramps,bruising,obesity,swollen blood vessels,veins on legs,,,,,,,,,,,
Varicose veins,fatigue,cramps,bruising,obesity,swollen legs,veins on legs,,,,,,,,,,,
Varicose veins,fatigue,cramps,bruising,obesity,swollen legs,swollen blood vessels,,,,,,,,,,,
Varicose veins,fatigue,cramps,bruising,obesity,swollen legs,veins on legs,,,,,,,,,,,
Hypothyroidism,fatigue,weight gain,cold hands and feets,mood swings,lethargy,dizziness,puffy face,swollen neck,weak nails,swollen limbs,depression,irritability,irregular periods,,,,
Hypothyroidism,fatigue,weight gain,cold hands and feets,mood swings,lethargy,dizziness,puffy face,swollen neck,weak nails,swollen limbs,depression,irritability,irregular periods,,,,
Hypothyroidism,weight gain,cold hands and feets,mood swings,lethargy,dizziness,puffy face,swollen neck,weak nails,swollen limbs,depression,irritability,irregular periods,,,,,
Hypothyroidism,weight gain,cold hands and feets,mood swings,lethargy,dizziness,puffy face,swollen neck,weak nails,swollen limbs,depression,irritability,irregular periods,,,,,
Hypothyroidism,fatigue,cold hands and feets,mood swings,lethargy,dizziness,puffy face,swollen neck,weak nails,swollen limbs,depression,irritability,irregular periods,,,,,
Hypothyroidism,fatigue,weight gain,mood swings,lethargy,dizziness,puffy face,swollen neck,weak nails,swollen limbs,depression,irritability,irregular periods,,,,,
Hypothyroidism,fatigue,weight gain,cold hands and feets,lethargy,dizziness,puffy face,swollen neck,weak nails,swollen limbs,depression,irritability,irregular periods,,,,,
Hypothyroidism,fatigue,weight gain,cold hands and feets,mood swings,dizziness,puffy face,swollen neck,weak nails,swollen limbs,depression,irritability,irregular periods,,,,,
Hypothyroidism,fatigue,weight gain,cold hands and feets,mood swings,lethargy,puffy face,swollen neck,weak nails,swollen limbs,depression,irritability,irregular periods,,,,,
Hypothyroidism,fatigue,weight gain,cold hands and feets,mood swings,lethargy,dizziness,swollen neck,weak nails,swollen limbs,depression,irritability,irregular periods,,,,,
Hyperthyroidism,fatigue,mood swings,weight loss,restlessness,sweating,diarrhoea,fast heart rate,excessive hunger,muscle weakness,irritability,irregular periods,,,,,,
Hyperthyroidism,fatigue,mood swings,weight loss,restlessness,sweating,diarrhoea,fast heart rate,excessive hunger,muscle weakness,irritability,irregular periods,,,,,,
Hyperthyroidism,mood swings,weight loss,restlessness,sweating,diarrhoea,fast heart rate,excessive hunger,muscle weakness,irritability,irregular periods,,,,,,,
Hyperthyroidism,fatigue,weight loss,restlessness,sweating,diarrhoea,fast heart rate,excessive hunger,muscle weakness,irritability,irregular periods,,,,,,,
Hyperthyroidism,fatigue,mood swings,restlessness,sweating,diarrhoea,fast heart rate,excessive hunger,muscle weakness,irritability,irregular periods,,,,,,,
Hyperthyroidism,fatigue,mood swings,weight loss,sweating,diarrhoea,fast heart rate,excessive hunger,muscle weakness,irritability,irregular periods,,,,,,,
Hyperthyroidism,fatigue,mood swings,weight loss,restlessness,diarrhoea,fast heart rate,excessive hunger,muscle weakness,irritability,irregular periods,,,,,,,
Hyperthyroidism,fatigue,mood swings,weight loss,restlessness,sweating,fast heart rate,excessive hunger,muscle weakness,irritability,irregular periods,,,,,,,
Hyperthyroidism,fatigue,mood swings,weight loss,restlessness,sweating,diarrhoea,excessive hunger,muscle weakness,irritability,irregular periods,,,,,,,
Hyperthyroidism,fatigue,mood swings,weight loss,restlessness,sweating,diarrhoea,fast heart rate,muscle weakness,irritability,irregular periods,,,,,,,
Hypoglycemia,vomiting,fatigue,anxiety,sweating,headache,nausea,blurry vision,excessive hunger,slurring,irritability,fast heart beat,,,,,,
Hypoglycemia,vomiting,fatigue,anxiety,sweating,headache,nausea,blurry vision,excessive hunger,tingling lips,slurring,irritability,fast heart beat,,,,,
Hypoglycemia,vomiting,fatigue,anxiety,sweating,headache,nausea,blurry vision,excessive hunger,tingling lips,slurring,irritability,fast heart beat,,,,,
Hypoglycemia,fatigue,anxiety,sweating,headache,nausea,blurry vision,excessive hunger,tingling lips,slurring,irritability,fast heart beat,,,,,,
Hypoglycemia,vomiting,anxiety,sweating,headache,nausea,blurry vision,excessive hunger,tingling lips,slurring,irritability,fast heart beat,,,,,,
Hypoglycemia,vomiting,fatigue,sweating,headache,nausea,blurry vision,excessive hunger,tingling lips,slurring,irritability,fast heart beat,,,,,,
Hypoglycemia,vomiting,fatigue,anxiety,headache,nausea,blurry vision,excessive hunger,tingling lips,slurring,irritability,fast heart beat,,,,,,
Hypoglycemia,vomiting,fatigue,anxiety,sweating,nausea,blurry vision,excessive hunger,tingling lips,slurring,irritability,fast heart beat,,,,,,
Hypoglycemia,vomiting,fatigue,anxiety,sweating,headache,blurry vision,excessive hunger,tingling lips,slurring,irritability,fast heart beat,,,,,,
Hypoglycemia,vomiting,fatigue,anxiety,sweating,headache,nausea,excessive hunger,tingling lips,slurring,irritability,fast heart beat,,,,,,
Osteoarthristis,joint pain,neck pain,knee pain,hip joint pain,swelling joints,painful walking,,,,,,,,,,,
Osteoarthristis,joint pain,neck pain,knee pain,hip joint pain,swelling joints,painful walking,,,,,,,,,,,
Osteoarthristis,neck pain,knee pain,hip joint pain,swelling joints,painful walking,,,,,,,,,,,,
Osteoarthristis,joint pain,knee pain,hip joint pain,swelling joints,painful walking,,,,,,,,,,,,
Osteoarthristis,joint pain,neck pain,hip joint pain,swelling joints,painful walking,,,,,,,,,,,,
Osteoarthristis,joint pain,neck pain,knee pain,swelling joints,painful walking,,,,,,,,,,,,
Osteoarthristis,joint pain,neck pain,knee pain,hip joint pain,painful walking,,,,,,,,,,,,
Osteoarthristis,joint pain,neck pain,knee pain,hip joint pain,swelling joints,,,,,,,,,,,,
Osteoarthristis,joint pain,neck pain,knee pain,hip joint pain,swelling joints,painful walking,,,,,,,,,,,
Osteoarthristis,joint pain,neck pain,knee pain,hip joint pain,swelling joints,painful walking,,,,,,,,,,,
Arthritis,muscle weakness,stiff neck,swelling joints,movement stiffness,painful walking,,,,,,,,,,,,
Arthritis,muscle weakness,stiff neck,swelling joints,movement stiffness,painful walking,,,,,,,,,,,,
Arthritis,stiff neck,swelling joints,movement stiffness,painful walking,,,,,,,,,,,,,
Arthritis,muscle weakness,swelling joints,movement stiffness,painful walking,,,,,,,,,,,,,
Arthritis,muscle weakness,stiff neck,movement stiffness,painful walking,,,,,,,,,,,,,
Arthritis,muscle weakness,stiff neck,swelling joints,painful walking,,,,,,,,,,,,,
Arthritis,muscle weakness,stiff neck,swelling joints,movement stiffness,painful walking,,,,,,,,,,,,
Arthritis,muscle weakness,stiff neck,swelling joints,movement stiffness,,,,,,,,,,,,,
Arthritis,muscle weakness,stiff neck,swelling joints,movement stiffness,painful walking,,,,,,,,,,,,
Arthritis,muscle weakness,stiff neck,swelling joints,movement stiffness,painful walking,,,,,,,,,,,,
(vertigo) Paroymsal  Positional Vertigo,vomiting,headache,nausea,spinning movements,loss of balance,unsteadiness,,,,,,,,,,,
(vertigo) Paroymsal  Positional Vertigo,vomiting,headache,nausea,spinning movements,loss of balance,unsteadiness,,,,,,,,,,,
(vertigo) Paroymsal  Positional Vertigo,headache,nausea,spinning movements,loss of balance,unsteadiness,,,,,,,,,,,,
(vertigo) Paroymsal  Positional Vertigo,vomiting,nausea,spinning movements,loss of balance,unsteadiness,,,,,,,,,,,,
(vertigo) Paroymsal  Positional Vertigo,vomiting,headache,spinning movements,loss of balance,unsteadiness,,,,,,,,,,,,
(vertigo) Paroymsal  Positional Vertigo,vomiting,headache,nausea,loss of balance,unsteadiness,,,,,,,,,,,,
(vertigo) Paroymsal  Positional Vertigo,vomiting,headache,nausea,spinning movements,unsteadiness,,,,,,,,,,,,
(vertigo) Paroymsal  Positional Vertigo,vomiting,headache,nausea,spinning movements,loss of balance,,,,,,,,,,,,
(vertigo) Paroymsal  Positional Vertigo,vomiting,headache,nausea,spinning movements,loss of balance,unsteadiness,,,,,,,,,,,
(vertigo) Paroymsal  Positional Vertigo,vomiting,headache,nausea,loss of balance,unsteadiness,,,,,,,,,,,,
Acne,skin rash,pus filled pimples,blackheads,scurring,,,,,,,,,,,,,
Acne,skin rash,pus filled pimples,blackheads,scurring,,,,,,,,,,,,,
Acne,pus filled pimples,blackheads,scurring,,,,,,,,,,,,,,
Acne,skin rash,blackheads,scurring,,,,,,,,,,,,,,
Acne,skin rash,pus filled pimples,scurring,,,,,,,,,,,,,,
Acne,skin rash,pus filled pimples,blackheads,,,,,,,,,,,,,,
Acne,skin rash,pus filled pimples,blackheads,scurring,,,,,,,,,,,,,
Acne,skin rash,pus filled pimples,blackheads,,,,,,,,,,,,,,
Acne,skin rash,pus filled pimples,scurring,,,,,,,,,,,,,,
Acne,skin rash,blackheads,scurring,,,,,,,,,,,,,,
Urinary tract infection,burning pee,bladder discomfort,foul smell of urine,need to pee,,,,,,,,,,,,,
Urinary tract infection,burning pee,bladder discomfort,foul smell of urine,need to pee,,,,,,,,,,,,,
Urinary tract infection,bladder discomfort,foul smell of urine,need to pee,,,,,,,,,,,,,,
Urinary tract infection,burning pee,foul smell of urine,need to pee,,,,,,,,,,,,,,
Urinary tract infection,burning pee,bladder discomfort,need to pee,,,,,,,,,,,,,,
Urinary tract infection,burning pee,bladder discomfort,foul smell of urine,,,,,,,,,,,,,,
Urinary tract infection,burning pee,bladder discomfort,foul smell of urine,need to pee,,,,,,,,,,,,,
Urinary tract infection,burning pee,bladder discomfort,need to pee,,,,,,,,,,,,,,
Urinary tract infection,bladder discomfort,foul smell of urine,need to pee,,,,,,,,,,,,,,
Urinary tract infection,burning pee,bladder discomfort,need to pee,,,,,,,,,,,,,,
Psoriasis,skin rash,joint pain,skin peeling,silver like dusting,small dents in nails,inflammatory nails,,,,,,,,,,,
Psoriasis,skin rash,joint pain,skin peeling,silver like dusting,small dents in nails,inflammatory nails,,,,,,,,,,,
Psoriasis,joint pain,skin peeling,silver like dusting,small dents in nails,inflammatory nails,,,,,,,,,,,,
Psoriasis,skin rash,skin peeling,silver like dusting,small dents in nails,inflammatory nails,,,,,,,,,,,,
Psoriasis,skin rash,joint pain,silver like dusting,small dents in nails,inflammatory nails,,,,,,,,,,,,
Psoriasis,skin rash,joint pain,skin peeling,small dents in nails,inflammatory nails,,,,,,,,,,,,
Psoriasis,skin rash,joint pain,skin peeling,silver like dusting,inflammatory nails,,,,,,,,,,,,
Psoriasis,skin rash,joint pain,skin peeling,silver like dusting,small dents in nails,,,,,,,,,,,,
Psoriasis,skin rash,joint pain,skin peeling,silver like dusting,small dents in nails,inflammatory nails,,,,,,,,,,,
Psoriasis,skin rash,joint pain,skin peeling,silver like dusting,small dents in nails,inflammatory nails,,,,,,,,,,,
Impetigo,skin rash,high fever,blister,red sore around nose,yellow crust ooze,,,,,,,,,,,,
Impetigo,skin rash,high fever,blister,red sore around nose,yellow crust ooze,,,,,,,,,,,,
Impetigo,high fever,blister,red sore around nose,yellow crust ooze,,,,,,,,,,,,,
Impetigo,skin rash,blister,red sore around nose,yellow crust ooze,,,,,,,,,,,,,
Impetigo,skin rash,blister,red sore around nose,yellow crust ooze,,,,,,,,,,,,,
Impetigo,skin rash,high fever,red sore around nose,yellow crust ooze,,,,,,,,,,,,,
Impetigo,skin rash,high fever,blister,yellow crust ooze,,,,,,,,,,,,,
Impetigo,skin rash,high fever,blister,red sore around nose,,,,,,,,,,,,,
Impetigo,skin rash,high fever,blister,red sore around nose,yellow crust ooze,,,,,,,,,,,,
Impetigo,skin rash,blister,red sore around nose,yellow crust ooze,,,,,,,,,,,,,
Fungal infection,itching,skin rash,skin bumps,discolored skin patches,,,,,,,,,,,,,
Allergy,continuous sneezing,shivering,chills,watery eyes,,,,,,,,,,,,,
GERD,stomach pain,acidity,ulcers on tongue,vomiting,cough,chest pain,,,,,,,,,,,
Chronic cholestasis,itching,vomiting,yellowish skin,nausea,loss of appetite,abdominal pain,yellowing of eyes,,,,,,,,,,
Drug Reaction,itching,skin rash,stomach pain,burning pee,spotting urine,,,,,,,,,,,,
Peptic ulcer diseae,vomiting,indigestion,loss of appetite,abdominal pain,farting,itching inside,,,,,,,,,,,
AIDS,muscle wasting,patches in throat,high fever,extra marital contacts,,,,,,,,,,,,,
Diabetes ,fatigue,weight loss,restlessness,lethargy,irregular sugar level,blurry vision,obesity,excessive hunger,increased appetite,peeing a lot,,,,,,,
Gastroenteritis,vomiting,sunken eyes,dehydration,diarrhoea,,,,,,,,,,,,,
Bronchial Asthma,fatigue,cough,high fever,breathlessness,family history,mucus,,,,,,,,,,,
Hypertension ,headache,chest pain,dizziness,loss of balance,lack of concentration,,,,,,,,,,,,
Migraine,acidity,indigestion,headache,blurry vision,excessive hunger,stiff neck,depression,irritability,visual disturbances,,,,,,,,
Cervical spondylosis,back pain,weakness in limbs,neck pain,dizziness,loss of balance,,,,,,,,,,,,
Paralysis (brain hemorrhage),vomiting,headache,weakness of one body side,confusion,,,,,,,,,,,,,
Jaundice,itching,vomiting,fatigue,weight loss,high fever,yellowish skin,dark urine,abdominal pain,,,,,,,,,
Malaria,chills,vomiting,high fever,sweating,headache,nausea,diarrhoea,muscle pain,,,,,,,,,
Chicken pox,itching,skin rash,fatigue,lethargy,high fever,headache,loss of appetite,mild fever,swelled lymph nodes,malaise,red spots over body,,,,,,
Dengue,skin rash,chills,joint pain,vomiting,fatigue,high fever,headache,nausea,loss of appetite,pain behind the eyes,back pain,malaise,muscle pain,red spots over body,,,
Typhoid,chills,vomiting,fatigue,high fever,headache,nausea,constipation,abdominal pain,diarrhoea,sickly look,belly pain,,,,,,
hepatitis A,joint pain,vomiting,yellowish skin,dark urine,nausea,loss of appetite,abdominal pain,diarrhoea,mild fever,yellowing of eyes,muscle pain,,,,,,
Hepatitis B,itching,fatigue,lethargy,yellowish skin,dark urine,loss of appetite,abdominal pain,yellow urine,yellowing of eyes,malaise,blood transfusion,injections,,,,,
Hepatitis C,fatigue,yellowish skin,nausea,loss of appetite,yellowing of eyes,family history,,,,,,,,,,,
Hepatitis D,joint pain,vomiting,fatigue,yellowish skin,dark urine,nausea,loss of appetite,abdominal pain,yellowing of eyes,,,,,,,,
Hepatitis E,joint pain,vomiting,fatigue,high fever,yellowish skin,dark urine,nausea,loss of appetite,abdominal pain,yellowing of eyes,acute liver failure,unconscious,blood in vomit,,,,
Alcoholic hepatitis,vomiting,yellowish skin,abdominal pain,swelling of stomach,bloated stomach,alcohol use,swelling,,,,,,,,,,
Tuberculosis,chills,vomiting,fatigue,weight loss,cough,high fever,breathlessness,sweating,loss of appetite,mild fever,yellowing of eyes,swelled lymph nodes,malaise,phlegm,chest pain,blood in sputum,
Common Cold,continuous sneezing,chills,fatigue,cough,high fever,headache,swelled lymph nodes,malaise,phlegm,throat irritation,redness of eyes,sinus pain,runny nose,congestion,chest pain,loss of smell,muscle pain
Pneumonia,chills,fatigue,cough,high fever,breathlessness,sweating,malaise,phlegm,chest pain,fast heart rate,bloody mucus,,,,,,
Dimorphic hemmorhoids(piles),constipation,pain during bowel movements,pain in anal region,bloody stool,irritation in anus,,,,,,,,,,,,
Heart attack,vomiting,breathlessness,sweating,chest pain,,,,,,,,,,,,,
Varicose veins,fatigue,cramps,bruising,obesity,swollen legs,swollen blood vessels,veins on legs,,,,,,,,,,
Hypothyroidism,fatigue,weight gain,cold hands and feets,mood swings,lethargy,dizziness,puffy face,swollen neck,weak nails,swollen limbs,depression,irritability,irregular periods,,,,
Hyperthyroidism,fatigue,mood swings,weight loss,restlessness,sweating,diarrhoea,fast heart rate,excessive hunger,muscle weakness,irritability,irregular periods,,,,,,
Hypoglycemia,vomiting,fatigue,anxiety,sweating,headache,nausea,blurry vision,excessive hunger,tingling lips,slurring,irritability,fast heart beat,,,,,
Osteoarthristis,joint pain,neck pain,knee pain,hip joint pain,swelling joints,painful walking,,,,,,,,,,,
Arthritis,muscle weakness,stiff neck,swelling joints,movement stiffness,painful walking,,,,,,,,,,,,
(vertigo) Paroymsal  Positional Vertigo,vomiting,headache,nausea,spinning movements,loss of balance,unsteadiness,,,,,,,,,,,
Acne,skin rash,pus filled pimples,blackheads,scurring,,,,,,,,,,,,,
Urinary tract infection,burning pee,bladder discomfort,foul smell of urine,need to pee,,,,,,,,,,,,,
Psoriasis,skin rash,joint pain,skin peeling,silver like dusting,small dents in nails,inflammatory nails,,,,,,,,,,,
Impetigo,skin rash,high fever,blister,red sore around nose,yellow crust ooze,,,,,,,,,,,,
Fungal infection,itching,skin rash,skin bumps,discolored skin patches,,,,,,,,,,,,,
Allergy,continuous sneezing,shivering,chills,watery eyes,,,,,,,,,,,,,
GERD,stomach pain,acidity,ulcers on tongue,vomiting,cough,chest pain,,,,,,,,,,,
Chronic cholestasis,itching,vomiting,yellowish skin,nausea,loss of appetite,abdominal pain,yellowing of eyes,,,,,,,,,,
Drug Reaction,itching,skin rash,stomach pain,burning pee,spotting urine,,,,,,,,,,,,
Peptic ulcer diseae,vomiting,indigestion,loss of appetite,abdominal pain,farting,itching inside,,,,,,,,,,,
AIDS,muscle wasting,patches in throat,high fever,extra marital contacts,,,,,,,,,,,,,
Diabetes ,fatigue,weight loss,restlessness,lethargy,irregular sugar level,blurry vision,obesity,excessive hunger,increased appetite,peeing a lot,,,,,,,
Gastroenteritis,vomiting,sunken eyes,dehydration,diarrhoea,,,,,,,,,,,,,
Bronchial Asthma,fatigue,cough,high fever,breathlessness,family history,mucus,,,,,,,,,,,
Hypertension ,headache,chest pain,dizziness,loss of balance,lack of concentration,,,,,,,,,,,,
Migraine,acidity,indigestion,headache,blurry vision,excessive hunger,stiff neck,depression,irritability,visual disturbances,,,,,,,,
Cervical spondylosis,back pain,weakness in limbs,neck pain,dizziness,loss of balance,,,,,,,,,,,,
Paralysis (brain hemorrhage),vomiting,headache,weakness of one body side,confusion,,,,,,,,,,,,,
Jaundice,itching,vomiting,fatigue,weight loss,high fever,yellowish skin,dark urine,abdominal pain,,,,,,,,,
Malaria,chills,vomiting,high fever,sweating,headache,nausea,diarrhoea,muscle pain,,,,,,,,,
Chicken pox,itching,skin rash,fatigue,lethargy,high fever,headache,loss of appetite,mild fever,swelled lymph nodes,malaise,red spots over body,,,,,,
Dengue,skin rash,chills,joint pain,vomiting,fatigue,high fever,headache,nausea,loss of appetite,pain behind the eyes,back pain,malaise,muscle pain,red spots over body,,,
Typhoid,chills,vomiting,fatigue,high fever,headache,nausea,constipation,abdominal pain,diarrhoea,sickly look,belly pain,,,,,,
hepatitis A,joint pain,vomiting,yellowish skin,dark urine,nausea,loss of appetite,abdominal pain,diarrhoea,mild fever,yellowing of eyes,muscle pain,,,,,,
Hepatitis B,itching,fatigue,lethargy,yellowish skin,dark urine,loss of appetite,abdominal pain,yellow urine,yellowing of eyes,malaise,blood transfusion,injections,,,,,
Hepatitis C,fatigue,yellowish skin,nausea,loss of appetite,yellowing of eyes,family history,,,,,,,,,,,
Hepatitis D,joint pain,vomiting,fatigue,yellowish skin,dark urine,nausea,loss of appetite,abdominal pain,yellowing of eyes,,,,,,,,
Hepatitis E,joint pain,vomiting,fatigue,high fever,yellowish skin,dark urine,nausea,loss of appetite,abdominal pain,yellowing of eyes,acute liver failure,unconscious,blood in vomit,,,,
Alcoholic hepatitis,vomiting,yellowish skin,abdominal pain,swelling of stomach,bloated stomach,alcohol use,swelling,,,,,,,,,,
Tuberculosis,chills,vomiting,fatigue,weight loss,cough,high fever,breathlessness,sweating,loss of appetite,mild fever,yellowing of eyes,swelled lymph nodes,malaise,phlegm,chest pain,blood in sputum,
Common Cold,continuous sneezing,chills,fatigue,cough,high fever,headache,swelled lymph nodes,malaise,phlegm,throat irritation,redness of eyes,sinus pain,runny nose,congestion,chest pain,loss of smell,muscle pain
Pneumonia,chills,fatigue,cough,high fever,breathlessness,sweating,malaise,phlegm,chest pain,fast heart rate,bloody mucus,,,,,,
Dimorphic hemmorhoids(piles),constipation,pain during bowel movements,pain in anal region,bloody stool,irritation in anus,,,,,,,,,,,,
Heart attack,vomiting,breathlessness,sweating,chest pain,,,,,,,,,,,,,
Varicose veins,fatigue,cramps,bruising,obesity,swollen legs,swollen blood vessels,veins on legs,,,,,,,,,,
Hypothyroidism,fatigue,weight gain,cold hands and feets,mood swings,lethargy,dizziness,puffy face,swollen neck,weak nails,swollen limbs,depression,irritability,irregular periods,,,,
Hyperthyroidism,fatigue,mood swings,weight loss,restlessness,sweating,diarrhoea,fast heart rate,excessive hunger,muscle weakness,irritability,irregular periods,,,,,,
Hypoglycemia,vomiting,fatigue,anxiety,sweating,headache,nausea,blurry vision,excessive hunger,tingling lips,slurring,irritability,fast heart beat,,,,,
Osteoarthristis,joint pain,neck pain,knee pain,hip joint pain,swelling joints,painful walking,,,,,,,,,,,
Arthritis,muscle weakness,stiff neck,swelling joints,movement stiffness,painful walking,,,,,,,,,,,,
(vertigo) Paroymsal  Positional Vertigo,vomiting,headache,nausea,spinning movements,loss of balance,unsteadiness,,,,,,,,,,,
Acne,skin rash,pus filled pimples,blackheads,scurring,,,,,,,,,,,,,
Urinary tract infection,burning pee,bladder discomfort,foul smell of urine,need to pee,,,,,,,,,,,,,
Psoriasis,skin rash,joint pain,skin peeling,silver like dusting,small dents in nails,inflammatory nails,,,,,,,,,,,
Impetigo,skin rash,high fever,blister,red sore around nose,yellow crust ooze,,,,,,,,,,,,
Fungal infection,itching,skin rash,skin bumps,discolored skin patches,,,,,,,,,,,,,
Allergy,continuous sneezing,shivering,chills,watery eyes,,,,,,,,,,,,,
GERD,stomach pain,acidity,ulcers on tongue,vomiting,cough,chest pain,,,,,,,,,,,
Chronic cholestasis,itching,vomiting,yellowish skin,nausea,loss of appetite,abdominal pain,yellowing of eyes,,,,,,,,,,
Drug Reaction,itching,skin rash,stomach pain,burning pee,spotting urine,,,,,,,,,,,,
Peptic ulcer diseae,vomiting,indigestion,loss of appetite,abdominal pain,farting,itching inside,,,,,,,,,,,
AIDS,muscle wasting,patches in throat,high fever,extra marital contacts,,,,,,,,,,,,,
Diabetes ,fatigue,weight loss,restlessness,lethargy,irregular sugar level,blurry vision,obesity,excessive hunger,increased appetite,peeing a lot,,,,,,,
Gastroenteritis,vomiting,sunken eyes,dehydration,diarrhoea,,,,,,,,,,,,,
Bronchial Asthma,fatigue,cough,high fever,breathlessness,family history,mucus,,,,,,,,,,,
Hypertension ,headache,chest pain,dizziness,loss of balance,lack of concentration,,,,,,,,,,,,
Migraine,acidity,indigestion,headache,blurry vision,excessive hunger,stiff neck,depression,irritability,visual disturbances,,,,,,,,
Cervical spondylosis,back pain,weakness in limbs,neck pain,dizziness,loss of balance,,,,,,,,,,,,
Paralysis (brain hemorrhage),vomiting,headache,weakness of one body side,confusion,,,,,,,,,,,,,
Jaundice,itching,vomiting,fatigue,weight loss,high fever,yellowish skin,dark urine,abdominal pain,,,,,,,,,
Malaria,chills,vomiting,high fever,sweating,headache,nausea,diarrhoea,muscle pain,,,,,,,,,
Chicken pox,itching,skin rash,fatigue,lethargy,high fever,headache,loss of appetite,mild fever,swelled lymph nodes,malaise,red spots over body,,,,,,
Dengue,skin rash,chills,joint pain,vomiting,fatigue,high fever,headache,nausea,loss of appetite,pain behind the eyes,back pain,malaise,muscle pain,red spots over body,,,
Typhoid,chills,vomiting,fatigue,high fever,headache,nausea,constipation,abdominal pain,diarrhoea,sickly look,belly pain,,,,,,
hepatitis A,joint pain,vomiting,yellowish skin,dark urine,nausea,loss of appetite,abdominal pain,diarrhoea,mild fever,yellowing of eyes,muscle pain,,,,,,
Hepatitis B,itching,fatigue,lethargy,yellowish skin,dark urine,loss of appetite,abdominal pain,yellow urine,yellowing of eyes,malaise,blood transfusion,injections,,,,,
Hepatitis C,fatigue,yellowish skin,nausea,loss of appetite,yellowing of eyes,family history,,,,,,,,,,,
Hepatitis D,joint pain,vomiting,fatigue,yellowish skin,dark urine,nausea,loss of appetite,abdominal pain,yellowing of eyes,,,,,,,,
Hepatitis E,joint pain,vomiting,fatigue,high fever,yellowish skin,dark urine,nausea,loss of appetite,abdominal pain,yellowing of eyes,acute liver failure,unconscious,blood in vomit,,,,
Alcoholic hepatitis,vomiting,yellowish skin,abdominal pain,swelling of stomach,bloated stomach,alcohol use,swelling,,,,,,,,,,
Tuberculosis,chills,vomiting,fatigue,weight loss,cough,high fever,breathlessness,sweating,loss of appetite,mild fever,yellowing of eyes,swelled lymph nodes,malaise,phlegm,chest pain,blood in sputum,
Common Cold,continuous sneezing,chills,fatigue,cough,high fever,headache,swelled lymph nodes,malaise,phlegm,throat irritation,redness of eyes,sinus pain,runny nose,congestion,chest pain,loss of smell,muscle pain
Pneumonia,chills,fatigue,cough,high fever,breathlessness,sweating,malaise,phlegm,chest pain,fast heart rate,bloody mucus,,,,,,
Dimorphic hemmorhoids(piles),constipation,pain during bowel movements,pain in anal region,bloody stool,irritation in anus,,,,,,,,,,,,
Heart attack,vomiting,breathlessness,sweating,chest pain,,,,,,,,,,,,,
Varicose veins,fatigue,cramps,bruising,obesity,swollen legs,swollen blood vessels,veins on legs,,,,,,,,,,
Hypothyroidism,fatigue,weight gain,cold hands and feets,mood swings,lethargy,dizziness,puffy face,swollen neck,weak nails,swollen limbs,depression,irritability,irregular periods,,,,
Hyperthyroidism,fatigue,mood swings,weight loss,restlessness,sweating,diarrhoea,fast heart rate,excessive hunger,muscle weakness,irritability,irregular periods,,,,,,
Hypoglycemia,vomiting,fatigue,anxiety,sweating,headache,nausea,blurry vision,excessive hunger,tingling lips,slurring,irritability,fast heart beat,,,,,
Osteoarthristis,joint pain,neck pain,knee pain,hip joint pain,swelling joints,painful walking,,,,,,,,,,,
Arthritis,muscle weakness,stiff neck,swelling joints,movement stiffness,painful walking,,,,,,,,,,,,
(vertigo) Paroymsal  Positional Vertigo,vomiting,headache,nausea,spinning movements,loss of balance,unsteadiness,,,,,,,,,,,
Acne,skin rash,pus filled pimples,blackheads,scurring,,,,,,,,,,,,,
Urinary tract infection,burning pee,bladder discomfort,foul smell of urine,need to pee,,,,,,,,,,,,,
Psoriasis,skin rash,joint pain,skin peeling,silver like dusting,small dents in nails,inflammatory nails,,,,,,,,,,,
Impetigo,skin rash,high fever,blister,red sore around nose,yellow crust ooze,,,,,,,,,,,,
Fungal infection,itching,skin rash,skin bumps,discolored skin patches,,,,,,,,,,,,,
Allergy,continuous sneezing,shivering,chills,watery eyes,,,,,,,,,,,,,
GERD,stomach pain,acidity,ulcers on tongue,vomiting,cough,chest pain,,,,,,,,,,,
Chronic cholestasis,itching,vomiting,yellowish skin,nausea,loss of appetite,abdominal pain,yellowing of eyes,,,,,,,,,,
Drug Reaction,itching,skin rash,stomach pain,burning pee,spotting urine,,,,,,,,,,,,
Peptic ulcer diseae,vomiting,indigestion,loss of appetite,abdominal pain,farting,itching inside,,,,,,,,,,,
AIDS,muscle wasting,patches in throat,high fever,extra marital contacts,,,,,,,,,,,,,
Diabetes ,fatigue,weight loss,restlessness,lethargy,irregular sugar level,blurry vision,obesity,excessive hunger,increased appetite,peeing a lot,,,,,,,
Gastroenteritis,vomiting,sunken eyes,dehydration,diarrhoea,,,,,,,,,,,,,
Bronchial Asthma,fatigue,cough,high fever,breathlessness,family history,mucus,,,,,,,,,,,
Hypertension ,headache,chest pain,dizziness,loss of balance,lack of concentration,,,,,,,,,,,,
Migraine,acidity,indigestion,headache,blurry vision,excessive hunger,stiff neck,depression,irritability,visual disturbances,,,,,,,,
Cervical spondylosis,back pain,weakness in limbs,neck pain,dizziness,loss of balance,,,,,,,,,,,,
Paralysis (brain hemorrhage),vomiting,headache,weakness of one body side,confusion,,,,,,,,,,,,,
Jaundice,itching,vomiting,fatigue,weight loss,high fever,yellowish skin,dark urine,abdominal pain,,,,,,,,,
Malaria,chills,vomiting,high fever,sweating,headache,nausea,diarrhoea,muscle pain,,,,,,,,,
Chicken pox,itching,skin rash,fatigue,lethargy,high fever,headache,loss of appetite,mild fever,swelled lymph nodes,malaise,red spots over body,,,,,,
Dengue,skin rash,chills,joint pain,vomiting,fatigue,high fever,headache,nausea,loss of appetite,pain behind the eyes,back pain,malaise,muscle pain,red spots over body,,,
Typhoid,chills,vomiting,fatigue,high fever,headache,nausea,constipation,abdominal pain,diarrhoea,sickly look,belly pain,,,,,,
hepatitis A,joint pain,vomiting,yellowish skin,dark urine,nausea,loss of appetite,abdominal pain,diarrhoea,mild fever,yellowing of eyes,muscle pain,,,,,,
Hepatitis B,itching,fatigue,lethargy,yellowish skin,dark urine,loss of appetite,abdominal pain,yellow urine,yellowing of eyes,malaise,blood transfusion,injections,,,,,
Hepatitis C,fatigue,yellowish skin,nausea,loss of appetite,yellowing of eyes,family history,,,,,,,,,,,
Hepatitis D,joint pain,vomiting,fatigue,yellowish skin,dark urine,nausea,loss of appetite,abdominal pain,yellowing of eyes,,,,,,,,
Hepatitis E,joint pain,vomiting,fatigue,high fever,yellowish skin,dark urine,nausea,loss of appetite,abdominal pain,yellowing of eyes,acute liver failure,unconscious,blood in vomit,,,,
Alcoholic hepatitis,vomiting,yellowish skin,abdominal pain,swelling of stomach,bloated stomach,alcohol use,swelling,,,,,,,,,,
Tuberculosis,chills,vomiting,fatigue,weight loss,cough,high fever,breathlessness,sweating,loss of appetite,mild fever,yellowing of eyes,swelled lymph nodes,malaise,phlegm,chest pain,blood in sputum,
Common Cold,continuous sneezing,chills,fatigue,cough,high fever,headache,swelled lymph nodes,malaise,phlegm,throat irritation,redness of eyes,sinus pain,runny nose,congestion,chest pain,loss of smell,muscle pain
Pneumonia,chills,fatigue,cough,high fever,breathlessness,sweating,malaise,phlegm,chest pain,fast heart rate,bloody mucus,,,,,,
Dimorphic hemmorhoids(piles),constipation,pain during bowel movements,pain in anal region,bloody stool,irritation in anus,,,,,,,,,,,,
Heart attack,vomiting,breathlessness,sweating,chest pain,,,,,,,,,,,,,
Varicose veins,fatigue,cramps,bruising,obesity,swollen legs,swollen blood vessels,veins on legs,,,,,,,,,,
Hypothyroidism,fatigue,weight gain,cold hands and feets,mood swings,lethargy,dizziness,puffy face,swollen neck,weak nails,swollen limbs,depression,irritability,irregular periods,,,,
Hyperthyroidism,fatigue,mood swings,weight loss,restlessness,sweating,diarrhoea,fast heart rate,excessive hunger,muscle weakness,irritability,irregular periods,,,,,,
Hypoglycemia,vomiting,fatigue,anxiety,sweating,headache,nausea,blurry vision,excessive hunger,tingling lips,slurring,irritability,fast heart beat,,,,,
Osteoarthristis,joint pain,neck pain,knee pain,hip joint pain,swelling joints,painful walking,,,,,,,,,,,
Arthritis,muscle weakness,stiff neck,swelling joints,movement stiffness,painful walking,,,,,,,,,,,,
(vertigo) Paroymsal  Positional Vertigo,vomiting,headache,nausea,spinning movements,loss of balance,unsteadiness,,,,,,,,,,,
Acne,skin rash,pus filled pimples,blackheads,scurring,,,,,,,,,,,,,
Urinary tract infection,burning pee,bladder discomfort,foul smell of urine,need to pee,,,,,,,,,,,,,
Psoriasis,skin rash,joint pain,skin peeling,silver like dusting,small dents in nails,inflammatory nails,,,,,,,,,,,
Impetigo,skin rash,high fever,blister,red sore around nose,yellow crust ooze,,,,,,,,,,,,
Fungal infection,itching,skin rash,skin bumps,discolored skin patches,,,,,,,,,,,,,
Allergy,continuous sneezing,shivering,chills,watery eyes,,,,,,,,,,,,,
GERD,stomach pain,acidity,ulcers on tongue,vomiting,cough,chest pain,,,,,,,,,,,
Chronic cholestasis,itching,vomiting,yellowish skin,nausea,loss of appetite,abdominal pain,yellowing of eyes,,,,,,,,,,
Drug Reaction,itching,skin rash,stomach pain,burning pee,spotting urine,,,,,,,,,,,,
Peptic ulcer diseae,vomiting,indigestion,loss of appetite,abdominal pain,farting,itching inside,,,,,,,,,,,
AIDS,muscle wasting,patches in throat,high fever,extra marital contacts,,,,,,,,,,,,,
Diabetes ,fatigue,weight loss,restlessness,lethargy,irregular sugar level,blurry vision,obesity,excessive hunger,increased appetite,peeing a lot,,,,,,,
Gastroenteritis,vomiting,sunken eyes,dehydration,diarrhoea,,,,,,,,,,,,,
Bronchial Asthma,fatigue,cough,high fever,breathlessness,family history,mucus,,,,,,,,,,,
Hypertension ,headache,chest pain,dizziness,loss of balance,lack of concentration,,,,,,,,,,,,
Migraine,acidity,indigestion,headache,blurry vision,excessive hunger,stiff neck,depression,irritability,visual disturbances,,,,,,,,
Cervical spondylosis,back pain,weakness in limbs,neck pain,dizziness,loss of balance,,,,,,,,,,,,
Paralysis (brain hemorrhage),vomiting,headache,weakness of one body side,confusion,,,,,,,,,,,,,
Jaundice,itching,vomiting,fatigue,weight loss,high fever,yellowish skin,dark urine,abdominal pain,,,,,,,,,
Malaria,chills,vomiting,high fever,sweating,headache,nausea,diarrhoea,muscle pain,,,,,,,,,
Chicken pox,itching,skin rash,fatigue,lethargy,high fever,headache,loss of appetite,mild fever,swelled lymph nodes,malaise,red spots over body,,,,,,
Dengue,skin rash,chills,joint pain,vomiting,fatigue,high fever,headache,nausea,loss of appetite,pain behind the eyes,back pain,malaise,muscle pain,red spots over body,,,
Typhoid,chills,vomiting,fatigue,high fever,headache,nausea,constipation,abdominal pain,diarrhoea,sickly look,belly pain,,,,,,
hepatitis A,joint pain,vomiting,yellowish skin,dark urine,nausea,loss of appetite,abdominal pain,diarrhoea,mild fever,yellowing of eyes,muscle pain,,,,,,
Hepatitis B,itching,fatigue,lethargy,yellowish skin,dark urine,loss of appetite,abdominal pain,yellow urine,yellowing of eyes,malaise,blood transfusion,injections,,,,,
Hepatitis C,fatigue,yellowish skin,nausea,loss of appetite,yellowing of eyes,family history,,,,,,,,,,,
Hepatitis D,joint pain,vomiting,fatigue,yellowish skin,dark urine,nausea,loss of appetite,abdominal pain,yellowing of eyes,,,,,,,,
Hepatitis E,joint pain,vomiting,fatigue,high fever,yellowish skin,dark urine,nausea,loss of appetite,abdominal pain,yellowing of eyes,acute liver failure,unconscious,blood in vomit,,,,
Alcoholic hepatitis,vomiting,yellowish skin,abdominal pain,swelling of stomach,bloated stomach,alcohol use,swelling,,,,,,,,,,
Tuberculosis,chills,vomiting,fatigue,weight loss,cough,high fever,breathlessness,sweating,loss of appetite,mild fever,yellowing of eyes,swelled lymph nodes,malaise,phlegm,chest pain,blood in sputum,
Common Cold,continuous sneezing,chills,fatigue,cough,high fever,headache,swelled lymph nodes,malaise,phlegm,throat irritation,redness of eyes,sinus pain,runny nose,congestion,chest pain,loss of smell,muscle pain
Pneumonia,chills,fatigue,cough,high fever,breathlessness,sweating,malaise,phlegm,chest pain,fast heart rate,bloody mucus,,,,,,
Dimorphic hemmorhoids(piles),constipation,pain during bowel movements,pain in anal region,bloody stool,irritation in anus,,,,,,,,,,,,
Heart attack,vomiting,breathlessness,sweating,chest pain,,,,,,,,,,,,,
Varicose veins,fatigue,cramps,bruising,obesity,swollen legs,swollen blood vessels,veins on legs,,,,,,,,,,
Hypothyroidism,fatigue,weight gain,cold hands and feets,mood swings,lethargy,dizziness,puffy face,swollen neck,weak nails,swollen limbs,depression,irritability,irregular periods,,,,
Hyperthyroidism,fatigue,mood swings,weight loss,restlessness,sweating,diarrhoea,fast heart rate,excessive hunger,muscle weakness,irritability,irregular periods,,,,,,
Hypoglycemia,vomiting,fatigue,anxiety,sweating,headache,nausea,blurry vision,excessive hunger,tingling lips,slurring,irritability,fast heart beat,,,,,
Osteoarthristis,joint pain,neck pain,knee pain,hip joint pain,swelling joints,painful walking,,,,,,,,,,,
Arthritis,muscle weakness,stiff neck,swelling joints,movement stiffness,painful walking,,,,,,,,,,,,
(vertigo) Paroymsal  Positional Vertigo,vomiting,headache,nausea,spinning movements,loss of balance,unsteadiness,,,,,,,,,,,
Acne,skin rash,pus filled pimples,blackheads,scurring,,,,,,,,,,,,,
Urinary tract infection,burning pee,bladder discomfort,foul smell of urine,need to pee,,,,,,,,,,,,,
Psoriasis,skin rash,joint pain,skin peeling,silver like dusting,small dents in nails,inflammatory nails,,,,,,,,,,,
Impetigo,skin rash,high fever,blister,red sore around nose,yellow crust ooze,,,,,,,,,,,,
Fungal infection,itching,skin rash,skin bumps,discolored skin patches,,,,,,,,,,,,,
Allergy,continuous sneezing,shivering,chills,watery eyes,,,,,,,,,,,,,
GERD,stomach pain,acidity,ulcers on tongue,vomiting,cough,chest pain,,,,,,,,,,,
Chronic cholestasis,itching,vomiting,yellowish skin,nausea,loss of appetite,abdominal pain,yellowing of eyes,,,,,,,,,,
Drug Reaction,itching,skin rash,stomach pain,burning pee,spotting urine,,,,,,,,,,,,
Peptic ulcer diseae,vomiting,indigestion,loss of appetite,abdominal pain,farting,itching inside,,,,,,,,,,,
AIDS,muscle wasting,patches in throat,high fever,extra marital contacts,,,,,,,,,,,,,
Diabetes ,fatigue,weight loss,restlessness,lethargy,irregular sugar level,blurry vision,obesity,excessive hunger,increased appetite,peeing a lot,,,,,,,
Gastroenteritis,vomiting,sunken eyes,dehydration,diarrhoea,,,,,,,,,,,,,
Bronchial Asthma,fatigue,cough,high fever,breathlessness,family history,mucus,,,,,,,,,,,
Hypertension ,headache,chest pain,dizziness,loss of balance,lack of concentration,,,,,,,,,,,,
Migraine,acidity,indigestion,headache,blurry vision,excessive hunger,stiff neck,depression,irritability,visual disturbances,,,,,,,,
Cervical spondylosis,back pain,weakness in limbs,neck pain,dizziness,loss of balance,,,,,,,,,,,,
Paralysis (brain hemorrhage),vomiting,headache,weakness of one body side,confusion,,,,,,,,,,,,,
Jaundice,itching,vomiting,fatigue,weight loss,high fever,yellowish skin,dark urine,abdominal pain,,,,,,,,,
Malaria,chills,vomiting,high fever,sweating,headache,nausea,diarrhoea,muscle pain,,,,,,,,,
Chicken pox,itching,skin rash,fatigue,lethargy,high fever,headache,loss of appetite,mild fever,swelled lymph nodes,malaise,red spots over body,,,,,,
Dengue,skin rash,chills,joint pain,vomiting,fatigue,high fever,headache,nausea,loss of appetite,pain behind the eyes,back pain,malaise,muscle pain,red spots over body,,,
Typhoid,chills,vomiting,fatigue,high fever,headache,nausea,constipation,abdominal pain,diarrhoea,sickly look,belly pain,,,,,,
hepatitis A,joint pain,vomiting,yellowish skin,dark urine,nausea,loss of appetite,abdominal pain,diarrhoea,mild fever,yellowing of eyes,muscle pain,,,,,,
Hepatitis B,itching,fatigue,lethargy,yellowish skin,dark urine,loss of appetite,abdominal pain,yellow urine,yellowing of eyes,malaise,blood transfusion,injections,,,,,
Hepatitis C,fatigue,yellowish skin,nausea,loss of appetite,yellowing of eyes,family history,,,,,,,,,,,
Hepatitis D,joint pain,vomiting,fatigue,yellowish skin,dark urine,nausea,loss of appetite,abdominal pain,yellowing of eyes,,,,,,,,
Hepatitis E,joint pain,vomiting,fatigue,high fever,yellowish skin,dark urine,nausea,loss of appetite,abdominal pain,yellowing of eyes,acute liver failure,unconscious,blood in vomit,,,,
Alcoholic hepatitis,vomiting,yellowish skin,abdominal pain,swelling of stomach,bloated stomach,alcohol use,swelling,,,,,,,,,,
Tuberculosis,chills,vomiting,fatigue,weight loss,cough,high fever,breathlessness,sweating,loss of appetite,mild fever,yellowing of eyes,swelled lymph nodes,malaise,phlegm,chest pain,blood in sputum,
Common Cold,continuous sneezing,chills,fatigue,cough,high fever,headache,swelled lymph nodes,malaise,phlegm,throat irritation,redness of eyes,sinus pain,runny nose,congestion,chest pain,loss of smell,muscle pain
Pneumonia,chills,fatigue,cough,high fever,breathlessness,sweating,malaise,phlegm,chest pain,fast heart rate,bloody mucus,,,,,,
Dimorphic hemmorhoids(piles),constipation,pain during bowel movements,pain in anal region,bloody stool,irritation in anus,,,,,,,,,,,,
Heart attack,vomiting,breathlessness,sweating,chest pain,,,,,,,,,,,,,
Varicose veins,fatigue,cramps,bruising,obesity,swollen legs,swollen blood vessels,veins on legs,,,,,,,,,,
Hypothyroidism,fatigue,weight gain,cold hands and feets,mood swings,lethargy,dizziness,puffy face,swollen neck,weak nails,swollen limbs,depression,irritability,irregular periods,,,,
Hyperthyroidism,fatigue,mood swings,weight loss,restlessness,sweating,diarrhoea,fast heart rate,excessive hunger,muscle weakness,irritability,irregular periods,,,,,,
Hypoglycemia,vomiting,fatigue,anxiety,sweating,headache,nausea,blurry vision,excessive hunger,tingling lips,slurring,irritability,fast heart beat,,,,,
Osteoarthristis,joint pain,neck pain,knee pain,hip joint pain,swelling joints,painful walking,,,,,,,,,,,
Arthritis,muscle weakness,stiff neck,swelling joints,movement stiffness,painful walking,,,,,,,,,,,,
(vertigo) Paroymsal  Positional Vertigo,vomiting,headache,nausea,spinning movements,loss of balance,unsteadiness,,,,,,,,,,,
Acne,skin rash,pus filled pimples,blackheads,scurring,,,,,,,,,,,,,
Urinary tract infection,burning pee,bladder discomfort,foul smell of urine,need to pee,,,,,,,,,,,,,
Psoriasis,skin rash,joint pain,skin peeling,silver like dusting,small dents in nails,inflammatory nails,,,,,,,,,,,
Impetigo,skin rash,high fever,blister,red sore around nose,yellow crust ooze,,,,,,,,,,,,
Fungal infection,itching,skin rash,skin bumps,discolored skin patches,,,,,,,,,,,,,
Allergy,continuous sneezing,shivering,chills,watery eyes,,,,,,,,,,,,,
GERD,stomach pain,acidity,ulcers on tongue,vomiting,cough,chest pain,,,,,,,,,,,
Chronic cholestasis,itching,vomiting,yellowish skin,nausea,loss of appetite,abdominal pain,yellowing of eyes,,,,,,,,,,
Drug Reaction,itching,skin rash,stomach pain,burning pee,spotting urine,,,,,,,,,,,,
Peptic ulcer diseae,vomiting,indigestion,loss of appetite,abdominal pain,farting,itching inside,,,,,,,,,,,
AIDS,muscle wasting,patches in throat,high fever,extra marital contacts,,,,,,,,,,,,,
Diabetes ,fatigue,weight loss,restlessness,lethargy,irregular sugar level,blurry vision,obesity,excessive hunger,increased appetite,peeing a lot,,,,,,,
Gastroenteritis,vomiting,sunken eyes,dehydration,diarrhoea,,,,,,,,,,,,,
Bronchial Asthma,fatigue,cough,high fever,breathlessness,family history,mucus,,,,,,,,,,,
Hypertension ,headache,chest pain,dizziness,loss of balance,lack of concentration,,,,,,,,,,,,
Migraine,acidity,indigestion,headache,blurry vision,excessive hunger,stiff neck,depression,irritability,visual disturbances,,,,,,,,
Cervical spondylosis,back pain,weakness in limbs,neck pain,dizziness,loss of balance,,,,,,,,,,,,
Paralysis (brain hemorrhage),vomiting,headache,weakness of one body side,confusion,,,,,,,,,,,,,
Jaundice,itching,vomiting,fatigue,weight loss,high fever,yellowish skin,dark urine,abdominal pain,,,,,,,,,
Malaria,chills,vomiting,high fever,sweating,headache,nausea,diarrhoea,muscle pain,,,,,,,,,
Chicken pox,itching,skin rash,fatigue,lethargy,high fever,headache,loss of appetite,mild fever,swelled lymph nodes,malaise,red spots over body,,,,,,
Dengue,skin rash,chills,joint pain,vomiting,fatigue,high fever,headache,nausea,loss of appetite,pain behind the eyes,back pain,malaise,muscle pain,red spots over body,,,
Typhoid,chills,vomiting,fatigue,high fever,headache,nausea,constipation,abdominal pain,diarrhoea,sickly look,belly pain,,,,,,
hepatitis A,joint pain,vomiting,yellowish skin,dark urine,nausea,loss of appetite,abdominal pain,diarrhoea,mild fever,yellowing of eyes,muscle pain,,,,,,
Hepatitis B,itching,fatigue,lethargy,yellowish skin,dark urine,loss of appetite,abdominal pain,yellow urine,yellowing of eyes,malaise,blood transfusion,injections,,,,,
Hepatitis C,fatigue,yellowish skin,nausea,loss of appetite,yellowing of eyes,family history,,,,,,,,,,,
Hepatitis D,joint pain,vomiting,fatigue,yellowish skin,dark urine,nausea,loss of appetite,abdominal pain,yellowing of eyes,,,,,,,,
Hepatitis E,joint pain,vomiting,fatigue,high fever,yellowish skin,dark urine,nausea,loss of appetite,abdominal pain,yellowing of eyes,acute liver failure,unconscious,blood in vomit,,,,
Alcoholic hepatitis,vomiting,yellowish skin,abdominal pain,swelling of stomach,bloated stomach,alcohol use,swelling,,,,,,,,,,
Tuberculosis,chills,vomiting,fatigue,weight loss,cough,high fever,breathlessness,sweating,loss of appetite,mild fever,yellowing of eyes,swelled lymph nodes,malaise,phlegm,chest pain,blood in sputum,
Common Cold,continuous sneezing,chills,fatigue,cough,high fever,headache,swelled lymph nodes,malaise,phlegm,throat irritation,redness of eyes,sinus pain,runny nose,congestion,chest pain,loss of smell,muscle pain
Pneumonia,chills,fatigue,cough,high fever,breathlessness,sweating,malaise,phlegm,chest pain,fast heart rate,bloody mucus,,,,,,
Dimorphic hemmorhoids(piles),constipation,pain during bowel movements,pain in anal region,bloody stool,irritation in anus,,,,,,,,,,,,
Heart attack,vomiting,breathlessness,sweating,chest pain,,,,,,,,,,,,,
Varicose veins,fatigue,cramps,bruising,obesity,swollen legs,swollen blood vessels,veins on legs,,,,,,,,,,
Hypothyroidism,fatigue,weight gain,cold hands and feets,mood swings,lethargy,dizziness,puffy face,swollen neck,weak nails,swollen limbs,depression,irritability,irregular periods,,,,
Hyperthyroidism,fatigue,mood swings,weight loss,restlessness,sweating,diarrhoea,fast heart rate,excessive hunger,muscle weakness,irritability,irregular periods,,,,,,
Hypoglycemia,vomiting,fatigue,anxiety,sweating,headache,nausea,blurry vision,excessive hunger,tingling lips,slurring,irritability,fast heart beat,,,,,
Osteoarthristis,joint pain,neck pain,knee pain,hip joint pain,swelling joints,painful walking,,,,,,,,,,,
Arthritis,muscle weakness,stiff neck,swelling joints,movement stiffness,painful walking,,,,,,,,,,,,
(vertigo) Paroymsal  Positional Vertigo,vomiting,headache,nausea,spinning movements,loss of balance,unsteadiness,,,,,,,,,,,
Acne,skin rash,pus filled pimples,blackheads,scurring,,,,,,,,,,,,,
Urinary tract infection,burning pee,bladder discomfort,foul smell of urine,need to pee,,,,,,,,,,,,,
Psoriasis,skin rash,joint pain,skin peeling,silver like dusting,small dents in nails,inflammatory nails,,,,,,,,,,,
Impetigo,skin rash,high fever,blister,red sore around nose,yellow crust ooze,,,,,,,,,,,,
Fungal infection,itching,skin rash,skin bumps,discolored skin patches,,,,,,,,,,,,,
Allergy,continuous sneezing,shivering,chills,watery eyes,,,,,,,,,,,,,
GERD,stomach pain,acidity,ulcers on tongue,vomiting,cough,chest pain,,,,,,,,,,,
Chronic cholestasis,itching,vomiting,yellowish skin,nausea,loss of appetite,abdominal pain,yellowing of eyes,,,,,,,,,,
Drug Reaction,itching,skin rash,stomach pain,burning pee,spotting urine,,,,,,,,,,,,
Peptic ulcer diseae,vomiting,indigestion,loss of appetite,abdominal pain,farting,itching inside,,,,,,,,,,,
AIDS,muscle wasting,patches in throat,high fever,extra marital contacts,,,,,,,,,,,,,
Diabetes ,fatigue,weight loss,restlessness,lethargy,irregular sugar level,blurry vision,obesity,excessive hunger,increased appetite,peeing a lot,,,,,,,
Gastroenteritis,vomiting,sunken eyes,dehydration,diarrhoea,,,,,,,,,,,,,
Bronchial Asthma,fatigue,cough,high fever,breathlessness,family history,mucus,,,,,,,,,,,
Hypertension ,headache,chest pain,dizziness,loss of balance,lack of concentration,,,,,,,,,,,,
Migraine,acidity,indigestion,headache,blurry vision,excessive hunger,stiff neck,depression,irritability,visual disturbances,,,,,,,,
Cervical spondylosis,back pain,weakness in limbs,neck pain,dizziness,loss of balance,,,,,,,,,,,,
Paralysis (brain hemorrhage),vomiting,headache,weakness of one body side,confusion,,,,,,,,,,,,,
Jaundice,itching,vomiting,fatigue,weight loss,high fever,yellowish skin,dark urine,abdominal pain,,,,,,,,,
Malaria,chills,vomiting,high fever,sweating,headache,nausea,diarrhoea,muscle pain,,,,,,,,,
Chicken pox,itching,skin rash,fatigue,lethargy,high fever,headache,loss of appetite,mild fever,swelled lymph nodes,malaise,red spots over body,,,,,,
Dengue,skin rash,chills,joint pain,vomiting,fatigue,high fever,headache,nausea,loss of appetite,pain behind the eyes,back pain,malaise,muscle pain,red spots over body,,,
Typhoid,chills,vomiting,fatigue,high fever,headache,nausea,constipation,abdominal pain,diarrhoea,sickly look,belly pain,,,,,,
hepatitis A,joint pain,vomiting,yellowish skin,dark urine,nausea,loss of appetite,abdominal pain,diarrhoea,mild fever,yellowing of eyes,muscle pain,,,,,,
Hepatitis B,itching,fatigue,lethargy,yellowish skin,dark urine,loss of appetite,abdominal pain,yellow urine,yellowing of eyes,malaise,blood transfusion,injections,,,,,
Hepatitis C,fatigue,yellowish skin,nausea,loss of appetite,yellowing of eyes,family history,,,,,,,,,,,
Hepatitis D,joint pain,vomiting,fatigue,yellowish skin,dark urine,nausea,loss of appetite,abdominal pain,yellowing of eyes,,,,,,,,
Hepatitis E,joint pain,vomiting,fatigue,high fever,yellowish skin,dark urine,nausea,loss of appetite,abdominal pain,yellowing of eyes,acute liver failure,unconscious,blood in vomit,,,,
Alcoholic hepatitis,vomiting,yellowish skin,abdominal pain,swelling of stomach,bloated stomach,alcohol use,swelling,,,,,,,,,,
Tuberculosis,chills,vomiting,fatigue,weight loss,cough,high fever,breathlessness,sweating,loss of appetite,mild fever,yellowing of eyes,swelled lymph nodes,malaise,phlegm,chest pain,blood in sputum,
Common Cold,continuous sneezing,chills,fatigue,cough,high fever,headache,swelled lymph nodes,malaise,phlegm,throat irritation,redness of eyes,sinus pain,runny nose,congestion,chest pain,loss of smell,muscle pain
Pneumonia,chills,fatigue,cough,high fever,breathlessness,sweating,malaise,phlegm,chest pain,fast heart rate,bloody mucus,,,,,,
Dimorphic hemmorhoids(piles),constipation,pain during bowel movements,pain in anal region,bloody stool,irritation in anus,,,,,,,,,,,,
Heart attack,vomiting,breathlessness,sweating,chest pain,,,,,,,,,,,,,
Varicose veins,fatigue,cramps,bruising,obesity,swollen legs,swollen blood vessels,veins on legs,,,,,,,,,,
Hypothyroidism,fatigue,weight gain,cold hands and feets,mood swings,lethargy,dizziness,puffy face,swollen neck,weak nails,swollen limbs,depression,irritability,irregular periods,,,,
Hyperthyroidism,fatigue,mood swings,weight loss,restlessness,sweating,diarrhoea,fast heart rate,excessive hunger,muscle weakness,irritability,irregular periods,,,,,,
Hypoglycemia,vomiting,fatigue,anxiety,sweating,headache,nausea,blurry vision,excessive hunger,tingling lips,slurring,irritability,fast heart beat,,,,,
Osteoarthristis,joint pain,neck pain,knee pain,hip joint pain,swelling joints,painful walking,,,,,,,,,,,
Arthritis,muscle weakness,stiff neck,swelling joints,movement stiffness,painful walking,,,,,,,,,,,,
(vertigo) Paroymsal  Positional Vertigo,vomiting,headache,nausea,spinning movements,loss of balance,unsteadiness,,,,,,,,,,,
Acne,skin rash,pus filled pimples,blackheads,scurring,,,,,,,,,,,,,
Urinary tract infection,burning pee,bladder discomfort,foul smell of urine,need to pee,,,,,,,,,,,,,
Psoriasis,skin rash,joint pain,skin peeling,silver like dusting,small dents in nails,inflammatory nails,,,,,,,,,,,
Impetigo,skin rash,high fever,blister,red sore around nose,yellow crust ooze,,,,,,,,,,,,
Fungal infection,itching,skin rash,skin bumps,discolored skin patches,,,,,,,,,,,,,
Allergy,continuous sneezing,shivering,chills,watery eyes,,,,,,,,,,,,,
GERD,stomach pain,acidity,ulcers on tongue,vomiting,cough,chest pain,,,,,,,,,,,
Chronic cholestasis,itching,vomiting,yellowish skin,nausea,loss of appetite,abdominal pain,yellowing of eyes,,,,,,,,,,
Drug Reaction,itching,skin rash,stomach pain,burning pee,spotting urine,,,,,,,,,,,,
Peptic ulcer diseae,vomiting,indigestion,loss of appetite,abdominal pain,farting,itching inside,,,,,,,,,,,
AIDS,muscle wasting,patches in throat,high fever,extra marital contacts,,,,,,,,,,,,,
Diabetes ,fatigue,weight loss,restlessness,lethargy,irregular sugar level,blurry vision,obesity,excessive hunger,increased appetite,peeing a lot,,,,,,,
Gastroenteritis,vomiting,sunken eyes,dehydration,diarrhoea,,,,,,,,,,,,,
Bronchial Asthma,fatigue,cough,high fever,breathlessness,family history,mucus,,,,,,,,,,,
Hypertension ,headache,chest pain,dizziness,loss of balance,lack of concentration,,,,,,,,,,,,
Migraine,acidity,indigestion,headache,blurry vision,excessive hunger,stiff neck,depression,irritability,visual disturbances,,,,,,,,
Cervical spondylosis,back pain,weakness in limbs,neck pain,dizziness,loss of balance,,,,,,,,,,,,
Paralysis (brain hemorrhage),vomiting,headache,weakness of one body side,confusion,,,,,,,,,,,,,
Jaundice,itching,vomiting,fatigue,weight loss,high fever,yellowish skin,dark urine,abdominal pain,,,,,,,,,
Malaria,chills,vomiting,high fever,sweating,headache,nausea,diarrhoea,muscle pain,,,,,,,,,
Chicken pox,itching,skin rash,fatigue,lethargy,high fever,headache,loss of appetite,mild fever,swelled lymph nodes,malaise,red spots over body,,,,,,
Dengue,skin rash,chills,joint pain,vomiting,fatigue,high fever,headache,nausea,loss of appetite,pain behind the eyes,back pain,malaise,muscle pain,red spots over body,,,
Typhoid,chills,vomiting,fatigue,high fever,headache,nausea,constipation,abdominal pain,diarrhoea,sickly look,belly pain,,,,,,
hepatitis A,joint pain,vomiting,yellowish skin,dark urine,nausea,loss of appetite,abdominal pain,diarrhoea,mild fever,yellowing of eyes,muscle pain,,,,,,
Hepatitis B,itching,fatigue,lethargy,yellowish skin,dark urine,loss of appetite,abdominal pain,yellow urine,yellowing of eyes,malaise,blood transfusion,injections,,,,,
Hepatitis C,fatigue,yellowish skin,nausea,loss of appetite,yellowing of eyes,family history,,,,,,,,,,,
Hepatitis D,joint pain,vomiting,fatigue,yellowish skin,dark urine,nausea,loss of appetite,abdominal pain,yellowing of eyes,,,,,,,,
Hepatitis E,joint pain,vomiting,fatigue,high fever,yellowish skin,dark urine,nausea,loss of appetite,abdominal pain,yellowing of eyes,acute liver failure,unconscious,blood in vomit,,,,
Alcoholic hepatitis,vomiting,yellowish skin,abdominal pain,swelling of stomach,bloated stomach,alcohol use,swelling,,,,,,,,,,
Tuberculosis,chills,vomiting,fatigue,weight loss,cough,high fever,breathlessness,sweating,loss of appetite,mild fever,yellowing of eyes,swelled lymph nodes,malaise,phlegm,chest pain,blood in sputum,
Common Cold,continuous sneezing,chills,fatigue,cough,high fever,headache,swelled lymph nodes,malaise,phlegm,throat irritation,redness of eyes,sinus pain,runny nose,congestion,chest pain,loss of smell,muscle pain
Pneumonia,chills,fatigue,cough,high fever,breathlessness,sweating,malaise,phlegm,chest pain,fast heart rate,bloody mucus,,,,,,
Dimorphic hemmorhoids(piles),constipation,pain during bowel movements,pain in anal region,bloody stool,irritation in anus,,,,,,,,,,,,
Heart attack,vomiting,breathlessness,sweating,chest pain,,,,,,,,,,,,,
Varicose veins,fatigue,cramps,bruising,obesity,swollen legs,swollen blood vessels,veins on legs,,,,,,,,,,
Hypothyroidism,fatigue,weight gain,cold hands and feets,mood swings,lethargy,dizziness,puffy face,swollen neck,weak nails,swollen limbs,depression,irritability,irregular periods,,,,
Hyperthyroidism,fatigue,mood swings,weight loss,restlessness,sweating,diarrhoea,fast heart rate,excessive hunger,muscle weakness,irritability,irregular periods,,,,,,
Hypoglycemia,vomiting,fatigue,anxiety,sweating,headache,nausea,blurry vision,excessive hunger,tingling lips,slurring,irritability,fast heart beat,,,,,
Osteoarthristis,joint pain,neck pain,knee pain,hip joint pain,swelling joints,painful walking,,,,,,,,,,,
Arthritis,muscle weakness,stiff neck,swelling joints,movement stiffness,painful walking,,,,,,,,,,,,
(vertigo) Paroymsal  Positional Vertigo,vomiting,headache,nausea,spinning movements,loss of balance,unsteadiness,,,,,,,,,,,
Acne,skin rash,pus filled pimples,blackheads,scurring,,,,,,,,,,,,,
Urinary tract infection,burning pee,bladder discomfort,foul smell of urine,need to pee,,,,,,,,,,,,,
Psoriasis,skin rash,joint pain,skin peeling,silver like dusting,small dents in nails,inflammatory nails,,,,,,,,,,,
Impetigo,skin rash,high fever,blister,red sore around nose,yellow crust ooze,,,,,,,,,,,,
Fungal infection,itching,skin rash,skin bumps,discolored skin patches,,,,,,,,,,,,,
Allergy,continuous sneezing,shivering,chills,watery eyes,,,,,,,,,,,,,
GERD,stomach pain,acidity,ulcers on tongue,vomiting,cough,chest pain,,,,,,,,,,,
Chronic cholestasis,itching,vomiting,yellowish skin,nausea,loss of appetite,abdominal pain,yellowing of eyes,,,,,,,,,,
Drug Reaction,itching,skin rash,stomach pain,burning pee,spotting urine,,,,,,,,,,,,
Peptic ulcer diseae,vomiting,indigestion,loss of appetite,abdominal pain,farting,itching inside,,,,,,,,,,,
AIDS,muscle wasting,patches in throat,high fever,extra marital contacts,,,,,,,,,,,,,
Diabetes ,fatigue,weight loss,restlessness,lethargy,irregular sugar level,blurry vision,obesity,excessive hunger,increased appetite,peeing a lot,,,,,,,
Gastroenteritis,vomiting,sunken eyes,dehydration,diarrhoea,,,,,,,,,,,,,
Bronchial Asthma,fatigue,cough,high fever,breathlessness,family history,mucus,,,,,,,,,,,
Hypertension ,headache,chest pain,dizziness,loss of balance,lack of concentration,,,,,,,,,,,,
Migraine,acidity,indigestion,headache,blurry vision,excessive hunger,stiff neck,depression,irritability,visual disturbances,,,,,,,,
Cervical spondylosis,back pain,weakness in limbs,neck pain,dizziness,loss of balance,,,,,,,,,,,,
Paralysis (brain hemorrhage),vomiting,headache,weakness of one body side,confusion,,,,,,,,,,,,,
Jaundice,itching,vomiting,fatigue,weight loss,high fever,yellowish skin,dark urine,abdominal pain,,,,,,,,,
Malaria,chills,vomiting,high fever,sweating,headache,nausea,diarrhoea,muscle pain,,,,,,,,,
Chicken pox,itching,skin rash,fatigue,lethargy,high fever,headache,loss of appetite,mild fever,swelled lymph nodes,malaise,red spots over body,,,,,,
Dengue,skin rash,chills,joint pain,vomiting,fatigue,high fever,headache,nausea,loss of appetite,pain behind the eyes,back pain,malaise,muscle pain,red spots over body,,,
Typhoid,chills,vomiting,fatigue,high fever,headache,nausea,constipation,abdominal pain,diarrhoea,sickly look,belly pain,,,,,,
hepatitis A,joint pain,vomiting,yellowish skin,dark urine,nausea,loss of appetite,abdominal pain,diarrhoea,mild fever,yellowing of eyes,muscle pain,,,,,,
Hepatitis B,itching,fatigue,lethargy,yellowish skin,dark urine,loss of appetite,abdominal pain,yellow urine,yellowing of eyes,malaise,blood transfusion,injections,,,,,
Hepatitis C,fatigue,yellowish skin,nausea,loss of appetite,yellowing of eyes,family history,,,,,,,,,,,
Hepatitis D,joint pain,vomiting,fatigue,yellowish skin,dark urine,nausea,loss of appetite,abdominal pain,yellowing of eyes,,,,,,,,
Hepatitis E,joint pain,vomiting,fatigue,high fever,yellowish skin,dark urine,nausea,loss of appetite,abdominal pain,yellowing of eyes,acute liver failure,unconscious,blood in vomit,,,,
Alcoholic hepatitis,vomiting,yellowish skin,abdominal pain,swelling of stomach,bloated stomach,alcohol use,swelling,,,,,,,,,,
Tuberculosis,chills,vomiting,fatigue,weight loss,cough,high fever,breathlessness,sweating,loss of appetite,mild fever,yellowing of eyes,swelled lymph nodes,malaise,phlegm,chest pain,blood in sputum,
Common Cold,continuous sneezing,chills,fatigue,cough,high fever,headache,swelled lymph nodes,malaise,phlegm,throat irritation,redness of eyes,sinus pain,runny nose,congestion,chest pain,loss of smell,muscle pain
Pneumonia,chills,fatigue,cough,high fever,breathlessness,sweating,malaise,phlegm,chest pain,fast heart rate,bloody mucus,,,,,,
Dimorphic hemmorhoids(piles),constipation,pain during bowel movements,pain in anal region,bloody stool,irritation in anus,,,,,,,,,,,,
Heart attack,vomiting,breathlessness,sweating,chest pain,,,,,,,,,,,,,
Varicose veins,fatigue,cramps,bruising,obesity,swollen legs,swollen blood vessels,veins on legs,,,,,,,,,,
Hypothyroidism,fatigue,weight gain,cold hands and feets,mood swings,lethargy,dizziness,puffy face,swollen neck,weak nails,swollen limbs,depression,irritability,irregular periods,,,,
Hyperthyroidism,fatigue,mood swings,weight loss,restlessness,sweating,diarrhoea,fast heart rate,excessive hunger,muscle weakness,irritability,irregular periods,,,,,,
Hypoglycemia,vomiting,fatigue,anxiety,sweating,headache,nausea,blurry vision,excessive hunger,tingling lips,slurring,irritability,fast heart beat,,,,,
Osteoarthristis,joint pain,neck pain,knee pain,hip joint pain,swelling joints,painful walking,,,,,,,,,,,
Arthritis,muscle weakness,stiff neck,swelling joints,movement stiffness,painful walking,,,,,,,,,,,,
(vertigo) Paroymsal  Positional Vertigo,vomiting,headache,nausea,spinning movements,loss of balance,unsteadiness,,,,,,,,,,,
Acne,skin rash,pus filled pimples,blackheads,scurring,,,,,,,,,,,,,
Urinary tract infection,burning pee,bladder discomfort,foul smell of urine,need to pee,,,,,,,,,,,,,
Psoriasis,skin rash,joint pain,skin peeling,silver like dusting,small dents in nails,inflammatory nails,,,,,,,,,,,
Impetigo,skin rash,high fever,blister,red sore around nose,yellow crust ooze,,,,,,,,,,,,
Fungal infection,itching,skin rash,skin bumps,discolored skin patches,,,,,,,,,,,,,
Allergy,continuous sneezing,shivering,chills,watery eyes,,,,,,,,,,,,,
GERD,stomach pain,acidity,ulcers on tongue,vomiting,cough,chest pain,,,,,,,,,,,
Chronic cholestasis,itching,vomiting,yellowish skin,nausea,loss of appetite,abdominal pain,yellowing of eyes,,,,,,,,,,
Drug Reaction,itching,skin rash,stomach pain,burning pee,spotting urine,,,,,,,,,,,,
Peptic ulcer diseae,vomiting,indigestion,loss of appetite,abdominal pain,farting,itching inside,,,,,,,,,,,
AIDS,muscle wasting,patches in throat,high fever,extra marital contacts,,,,,,,,,,,,,
Diabetes ,fatigue,weight loss,restlessness,lethargy,irregular sugar level,blurry vision,obesity,excessive hunger,increased appetite,peeing a lot,,,,,,,
Gastroenteritis,vomiting,sunken eyes,dehydration,diarrhoea,,,,,,,,,,,,,
Bronchial Asthma,fatigue,cough,high fever,breathlessness,family history,mucus,,,,,,,,,,,
Hypertension ,headache,chest pain,dizziness,loss of balance,lack of concentration,,,,,,,,,,,,
Migraine,acidity,indigestion,headache,blurry vision,excessive hunger,stiff neck,depression,irritability,visual disturbances,,,,,,,,
Cervical spondylosis,back pain,weakness in limbs,neck pain,dizziness,loss of balance,,,,,,,,,,,,
Paralysis (brain hemorrhage),vomiting,headache,weakness of one body side,confusion,,,,,,,,,,,,,
Jaundice,itching,vomiting,fatigue,weight loss,high fever,yellowish skin,dark urine,abdominal pain,,,,,,,,,
Malaria,chills,vomiting,high fever,sweating,headache,nausea,diarrhoea,muscle pain,,,,,,,,,
Chicken pox,itching,skin rash,fatigue,lethargy,high fever,headache,loss of appetite,mild fever,swelled lymph nodes,malaise,red spots over body,,,,,,
Dengue,skin rash,chills,joint pain,vomiting,fatigue,high fever,headache,nausea,loss of appetite,pain behind the eyes,back pain,malaise,muscle pain,red spots over body,,,
Typhoid,chills,vomiting,fatigue,high fever,headache,nausea,constipation,abdominal pain,diarrhoea,sickly look,belly pain,,,,,,
hepatitis A,joint pain,vomiting,yellowish skin,dark urine,nausea,loss of appetite,abdominal pain,diarrhoea,mild fever,yellowing of eyes,muscle pain,,,,,,
Hepatitis B,itching,fatigue,lethargy,yellowish skin,dark urine,loss of appetite,abdominal pain,yellow urine,yellowing of eyes,malaise,blood transfusion,injections,,,,,
Hepatitis C,fatigue,yellowish skin,nausea,loss of appetite,yellowing of eyes,family history,,,,,,,,,,,
Hepatitis D,joint pain,vomiting,fatigue,yellowish skin,dark urine,nausea,loss of appetite,abdominal pain,yellowing of eyes,,,,,,,,
Hepatitis E,joint pain,vomiting,fatigue,high fever,yellowish skin,dark urine,nausea,loss of appetite,abdominal pain,yellowing of eyes,acute liver failure,unconscious,blood in vomit,,,,
Alcoholic hepatitis,vomiting,yellowish skin,abdominal pain,swelling of stomach,bloated stomach,alcohol use,swelling,,,,,,,,,,
Tuberculosis,chills,vomiting,fatigue,weight loss,cough,high fever,breathlessness,sweating,loss of appetite,mild fever,yellowing of eyes,swelled lymph nodes,malaise,phlegm,chest pain,blood in sputum,
Common Cold,continuous sneezing,chills,fatigue,cough,high fever,headache,swelled lymph nodes,malaise,phlegm,throat irritation,redness of eyes,sinus pain,runny nose,congestion,chest pain,loss of smell,muscle pain
Pneumonia,chills,fatigue,cough,high fever,breathlessness,sweating,malaise,phlegm,chest pain,fast heart rate,bloody mucus,,,,,,
Dimorphic hemmorhoids(piles),constipation,pain during bowel movements,pain in anal region,bloody stool,irritation in anus,,,,,,,,,,,,
Heart attack,vomiting,breathlessness,sweating,chest pain,,,,,,,,,,,,,
Varicose veins,fatigue,cramps,bruising,obesity,swollen legs,swollen blood vessels,veins on legs,,,,,,,,,,
Hypothyroidism,fatigue,weight gain,cold hands and feets,mood swings,lethargy,dizziness,puffy face,swollen neck,weak nails,swollen limbs,depression,irritability,irregular periods,,,,
Hyperthyroidism,fatigue,mood swings,weight loss,restlessness,sweating,diarrhoea,fast heart rate,excessive hunger,muscle weakness,irritability,irregular periods,,,,,,
Hypoglycemia,vomiting,fatigue,anxiety,sweating,headache,nausea,blurry vision,excessive hunger,tingling lips,slurring,irritability,fast heart beat,,,,,
Osteoarthristis,joint pain,neck pain,knee pain,hip joint pain,swelling joints,painful walking,,,,,,,,,,,
Arthritis,muscle weakness,stiff neck,swelling joints,movement stiffness,painful walking,,,,,,,,,,,,
(vertigo) Paroymsal  Positional Vertigo,vomiting,headache,nausea,spinning movements,loss of balance,unsteadiness,,,,,,,,,,,
Acne,skin rash,pus filled pimples,blackheads,scurring,,,,,,,,,,,,,
Urinary tract infection,burning pee,bladder discomfort,foul smell of urine,need to pee,,,,,,,,,,,,,
Psoriasis,skin rash,joint pain,skin peeling,silver like dusting,small dents in nails,inflammatory nails,,,,,,,,,,,
Impetigo,skin rash,high fever,blister,red sore around nose,yellow crust ooze,,,,,,,,,,,,
Fungal infection,itching,skin rash,skin bumps,discolored skin patches,,,,,,,,,,,,,
Allergy,continuous sneezing,shivering,chills,watery eyes,,,,,,,,,,,,,
GERD,stomach pain,acidity,ulcers on tongue,vomiting,cough,chest pain,,,,,,,,,,,
Chronic cholestasis,itching,vomiting,yellowish skin,nausea,loss of appetite,abdominal pain,yellowing of eyes,,,,,,,,,,
Drug Reaction,itching,skin rash,stomach pain,burning pee,spotting urine,,,,,,,,,,,,
Peptic ulcer diseae,vomiting,indigestion,loss of appetite,abdominal pain,farting,itching inside,,,,,,,,,,,
AIDS,muscle wasting,patches in throat,high fever,extra marital contacts,,,,,,,,,,,,,
Diabetes ,fatigue,weight loss,restlessness,lethargy,irregular sugar level,blurry vision,obesity,excessive hunger,increased appetite,peeing a lot,,,,,,,
Gastroenteritis,vomiting,sunken eyes,dehydration,diarrhoea,,,,,,,,,,,,,
Bronchial Asthma,fatigue,cough,high fever,breathlessness,family history,mucus,,,,,,,,,,,
Hypertension ,headache,chest pain,dizziness,loss of balance,lack of concentration,,,,,,,,,,,,
Migraine,acidity,indigestion,headache,blurry vision,excessive hunger,stiff neck,depression,irritability,visual disturbances,,,,,,,,
Cervical spondylosis,back pain,weakness in limbs,neck pain,dizziness,loss of balance,,,,,,,,,,,,
Paralysis (brain hemorrhage),vomiting,headache,weakness of one body side,confusion,,,,,,,,,,,,,
Jaundice,itching,vomiting,fatigue,weight loss,high fever,yellowish skin,dark urine,abdominal pain,,,,,,,,,
Malaria,chills,vomiting,high fever,sweating,headache,nausea,diarrhoea,muscle pain,,,,,,,,,
Chicken pox,itching,skin rash,fatigue,lethargy,high fever,headache,loss of appetite,mild fever,swelled lymph nodes,malaise,red spots over body,,,,,,
Dengue,skin rash,chills,joint pain,vomiting,fatigue,high fever,headache,nausea,loss of appetite,pain behind the eyes,back pain,malaise,muscle pain,red spots over body,,,
Typhoid,chills,vomiting,fatigue,high fever,headache,nausea,constipation,abdominal pain,diarrhoea,sickly look,belly pain,,,,,,
hepatitis A,joint pain,vomiting,yellowish skin,dark urine,nausea,loss of appetite,abdominal pain,diarrhoea,mild fever,yellowing of eyes,muscle pain,,,,,,
Hepatitis B,itching,fatigue,lethargy,yellowish skin,dark urine,loss of appetite,abdominal pain,yellow urine,yellowing of eyes,malaise,blood transfusion,injections,,,,,
Hepatitis C,fatigue,yellowish skin,nausea,loss of appetite,yellowing of eyes,family history,,,,,,,,,,,
Hepatitis D,joint pain,vomiting,fatigue,yellowish skin,dark urine,nausea,loss of appetite,abdominal pain,yellowing of eyes,,,,,,,,
Hepatitis E,joint pain,vomiting,fatigue,high fever,yellowish skin,dark urine,nausea,loss of appetite,abdominal pain,yellowing of eyes,acute liver failure,unconscious,blood in vomit,,,,
Alcoholic hepatitis,vomiting,yellowish skin,abdominal pain,swelling of stomach,bloated stomach,alcohol use,swelling,,,,,,,,,,
Tuberculosis,chills,vomiting,fatigue,weight loss,cough,high fever,breathlessness,sweating,loss of appetite,mild fever,yellowing of eyes,swelled lymph nodes,malaise,phlegm,chest pain,blood in sputum,
Common Cold,continuous sneezing,chills,fatigue,cough,high fever,headache,swelled lymph nodes,malaise,phlegm,throat irritation,redness of eyes,sinus pain,runny nose,congestion,chest pain,loss of smell,muscle pain
Pneumonia,chills,fatigue,cough,high fever,breathlessness,sweating,malaise,phlegm,chest pain,fast heart rate,bloody mucus,,,,,,
Dimorphic hemmorhoids(piles),constipation,pain during bowel movements,pain in anal region,bloody stool,irritation in anus,,,,,,,,,,,,
Heart attack,vomiting,breathlessness,sweating,chest pain,,,,,,,,,,,,,
Varicose veins,fatigue,cramps,bruising,obesity,swollen legs,swollen blood vessels,veins on legs,,,,,,,,,,
Hypothyroidism,fatigue,weight gain,cold hands and feets,mood swings,lethargy,dizziness,puffy face,swollen neck,weak nails,swollen limbs,depression,irritability,irregular periods,,,,
Hyperthyroidism,fatigue,mood swings,weight loss,restlessness,sweating,diarrhoea,fast heart rate,excessive hunger,muscle weakness,irritability,irregular periods,,,,,,
Hypoglycemia,vomiting,fatigue,anxiety,sweating,headache,nausea,blurry vision,excessive hunger,tingling lips,slurring,irritability,fast heart beat,,,,,
Osteoarthristis,joint pain,neck pain,knee pain,hip joint pain,swelling joints,painful walking,,,,,,,,,,,
Arthritis,muscle weakness,stiff neck,swelling joints,movement stiffness,painful walking,,,,,,,,,,,,
(vertigo) Paroymsal  Positional Vertigo,vomiting,headache,nausea,spinning movements,loss of balance,unsteadiness,,,,,,,,,,,
Acne,skin rash,pus filled pimples,blackheads,scurring,,,,,,,,,,,,,
Urinary tract infection,burning pee,bladder discomfort,foul smell of urine,need to pee,,,,,,,,,,,,,
Psoriasis,skin rash,joint pain,skin peeling,silver like dusting,small dents in nails,inflammatory nails,,,,,,,,,,,
Impetigo,skin rash,high fever,blister,red sore around nose,yellow crust ooze,,,,,,,,,,,,
Fungal infection,itching,skin rash,skin bumps,discolored skin patches,,,,,,,,,,,,,
Allergy,continuous sneezing,shivering,chills,watery eyes,,,,,,,,,,,,,
GERD,stomach pain,acidity,ulcers on tongue,vomiting,cough,chest pain,,,,,,,,,,,
Chronic cholestasis,itching,vomiting,yellowish skin,nausea,loss of appetite,abdominal pain,yellowing of eyes,,,,,,,,,,
Drug Reaction,itching,skin rash,stomach pain,burning pee,spotting urine,,,,,,,,,,,,
Peptic ulcer diseae,vomiting,indigestion,loss of appetite,abdominal pain,farting,itching inside,,,,,,,,,,,
AIDS,muscle wasting,patches in throat,high fever,extra marital contacts,,,,,,,,,,,,,
Diabetes ,fatigue,weight loss,restlessness,lethargy,irregular sugar level,blurry vision,obesity,excessive hunger,increased appetite,peeing a lot,,,,,,,
Gastroenteritis,vomiting,sunken eyes,dehydration,diarrhoea,,,,,,,,,,,,,
Bronchial Asthma,fatigue,cough,high fever,breathlessness,family history,mucus,,,,,,,,,,,
Hypertension ,headache,chest pain,dizziness,loss of balance,lack of concentration,,,,,,,,,,,,
Migraine,acidity,indigestion,headache,blurry vision,excessive hunger,stiff neck,depression,irritability,visual disturbances,,,,,,,,
Cervical spondylosis,back pain,weakness in limbs,neck pain,dizziness,loss of balance,,,,,,,,,,,,
Paralysis (brain hemorrhage),vomiting,headache,weakness of one body side,confusion,,,,,,,,,,,,,
Jaundice,itching,vomiting,fatigue,weight loss,high fever,yellowish skin,dark urine,abdominal pain,,,,,,,,,
Malaria,chills,vomiting,high fever,sweating,headache,nausea,diarrhoea,muscle pain,,,,,,,,,
Chicken pox,itching,skin rash,fatigue,lethargy,high fever,headache,loss of appetite,mild fever,swelled lymph nodes,malaise,red spots over body,,,,,,
Dengue,skin rash,chills,joint pain,vomiting,fatigue,high fever,headache,nausea,loss of appetite,pain behind the eyes,back pain,malaise,muscle pain,red spots over body,,,
Typhoid,chills,vomiting,fatigue,high fever,headache,nausea,constipation,abdominal pain,diarrhoea,sickly look,belly pain,,,,,,
hepatitis A,joint pain,vomiting,yellowish skin,dark urine,nausea,loss of appetite,abdominal pain,diarrhoea,mild fever,yellowing of eyes,muscle pain,,,,,,
Hepatitis B,itching,fatigue,lethargy,yellowish skin,dark urine,loss of appetite,abdominal pain,yellow urine,yellowing of eyes,malaise,blood transfusion,injections,,,,,
Hepatitis C,fatigue,yellowish skin,nausea,loss of appetite,yellowing of eyes,family history,,,,,,,,,,,
Hepatitis D,joint pain,vomiting,fatigue,yellowish skin,dark urine,nausea,loss of appetite,abdominal pain,yellowing of eyes,,,,,,,,
Hepatitis E,joint pain,vomiting,fatigue,high fever,yellowish skin,dark urine,nausea,loss of appetite,abdominal pain,yellowing of eyes,acute liver failure,unconscious,blood in vomit,,,,
Alcoholic hepatitis,vomiting,yellowish skin,abdominal pain,swelling of stomach,bloated stomach,alcohol use,swelling,,,,,,,,,,
Tuberculosis,chills,vomiting,fatigue,weight loss,cough,high fever,breathlessness,sweating,loss of appetite,mild fever,yellowing of eyes,swelled lymph nodes,malaise,phlegm,chest pain,blood in sputum,
Common Cold,continuous sneezing,chills,fatigue,cough,high fever,headache,swelled lymph nodes,malaise,phlegm,throat irritation,redness of eyes,sinus pain,runny nose,congestion,chest pain,loss of smell,muscle pain
Pneumonia,chills,fatigue,cough,high fever,breathlessness,sweating,malaise,phlegm,chest pain,fast heart rate,bloody mucus,,,,,,
Dimorphic hemmorhoids(piles),constipation,pain during bowel movements,pain in anal region,bloody stool,irritation in anus,,,,,,,,,,,,
Heart attack,vomiting,breathlessness,sweating,chest pain,,,,,,,,,,,,,
Varicose veins,fatigue,cramps,bruising,obesity,swollen legs,swollen blood vessels,veins on legs,,,,,,,,,,
Hypothyroidism,fatigue,weight gain,cold hands and feets,mood swings,lethargy,dizziness,puffy face,swollen neck,weak nails,swollen limbs,depression,irritability,irregular periods,,,,
Hyperthyroidism,fatigue,mood swings,weight loss,restlessness,sweating,diarrhoea,fast heart rate,excessive hunger,muscle weakness,irritability,irregular periods,,,,,,
Hypoglycemia,vomiting,fatigue,anxiety,sweating,headache,nausea,blurry vision,excessive hunger,tingling lips,slurring,irritability,fast heart beat,,,,,
Osteoarthristis,joint pain,neck pain,knee pain,hip joint pain,swelling joints,painful walking,,,,,,,,,,,
Arthritis,muscle weakness,stiff neck,swelling joints,movement stiffness,painful walking,,,,,,,,,,,,
(vertigo) Paroymsal  Positional Vertigo,vomiting,headache,nausea,spinning movements,loss of balance,unsteadiness,,,,,,,,,,,
Acne,skin rash,pus filled pimples,blackheads,scurring,,,,,,,,,,,,,
Urinary tract infection,burning pee,bladder discomfort,foul smell of urine,need to pee,,,,,,,,,,,,,
Psoriasis,skin rash,joint pain,skin peeling,silver like dusting,small dents in nails,inflammatory nails,,,,,,,,,,,
Impetigo,skin rash,high fever,blister,red sore around nose,yellow crust ooze,,,,,,,,,,,,
Fungal infection,itching,skin rash,skin bumps,discolored skin patches,,,,,,,,,,,,,
Allergy,continuous sneezing,shivering,chills,watery eyes,,,,,,,,,,,,,
GERD,stomach pain,acidity,ulcers on tongue,vomiting,cough,chest pain,,,,,,,,,,,
Chronic cholestasis,itching,vomiting,yellowish skin,nausea,loss of appetite,abdominal pain,yellowing of eyes,,,,,,,,,,
Drug Reaction,itching,skin rash,stomach pain,burning pee,spotting urine,,,,,,,,,,,,
Peptic ulcer diseae,vomiting,indigestion,loss of appetite,abdominal pain,farting,itching inside,,,,,,,,,,,
AIDS,muscle wasting,patches in throat,high fever,extra marital contacts,,,,,,,,,,,,,
Diabetes ,fatigue,weight loss,restlessness,lethargy,irregular sugar level,blurry vision,obesity,excessive hunger,increased appetite,peeing a lot,,,,,,,
Gastroenteritis,vomiting,sunken eyes,dehydration,diarrhoea,,,,,,,,,,,,,
Bronchial Asthma,fatigue,cough,high fever,breathlessness,family history,mucus,,,,,,,,,,,
Hypertension ,headache,chest pain,dizziness,loss of balance,lack of concentration,,,,,,,,,,,,
Migraine,acidity,indigestion,headache,blurry vision,excessive hunger,stiff neck,depression,irritability,visual disturbances,,,,,,,,
Cervical spondylosis,back pain,weakness in limbs,neck pain,dizziness,loss of balance,,,,,,,,,,,,
Paralysis (brain hemorrhage),vomiting,headache,weakness of one body side,confusion,,,,,,,,,,,,,
Jaundice,itching,vomiting,fatigue,weight loss,high fever,yellowish skin,dark urine,abdominal pain,,,,,,,,,
Malaria,chills,vomiting,high fever,sweating,headache,nausea,diarrhoea,muscle pain,,,,,,,,,
Chicken pox,itching,skin rash,fatigue,lethargy,high fever,headache,loss of appetite,mild fever,swelled lymph nodes,malaise,red spots over body,,,,,,
Dengue,skin rash,chills,joint pain,vomiting,fatigue,high fever,headache,nausea,loss of appetite,pain behind the eyes,back pain,malaise,muscle pain,red spots over body,,,
Typhoid,chills,vomiting,fatigue,high fever,headache,nausea,constipation,abdominal pain,diarrhoea,sickly look,belly pain,,,,,,
hepatitis A,joint pain,vomiting,yellowish skin,dark urine,nausea,loss of appetite,abdominal pain,diarrhoea,mild fever,yellowing of eyes,muscle pain,,,,,,
Hepatitis B,itching,fatigue,lethargy,yellowish skin,dark urine,loss of appetite,abdominal pain,yellow urine,yellowing of eyes,malaise,blood transfusion,injections,,,,,
Hepatitis C,fatigue,yellowish skin,nausea,loss of appetite,yellowing of eyes,family history,,,,,,,,,,,
Hepatitis D,joint pain,vomiting,fatigue,yellowish skin,dark urine,nausea,loss of appetite,abdominal pain,yellowing of eyes,,,,,,,,
Hepatitis E,joint pain,vomiting,fatigue,high fever,yellowish skin,dark urine,nausea,loss of appetite,abdominal pain,yellowing of eyes,acute liver failure,unconscious,blood in vomit,,,,
Alcoholic hepatitis,vomiting,yellowish skin,abdominal pain,swelling of stomach,bloated stomach,alcohol use,swelling,,,,,,,,,,
Tuberculosis,chills,vomiting,fatigue,weight loss,cough,high fever,breathlessness,sweating,loss of appetite,mild fever,yellowing of eyes,swelled lymph nodes,malaise,phlegm,chest pain,blood in sputum,
Common Cold,continuous sneezing,chills,fatigue,cough,high fever,headache,swelled lymph nodes,malaise,phlegm,throat irritation,redness of eyes,sinus pain,runny nose,congestion,chest pain,loss of smell,muscle pain
Pneumonia,chills,fatigue,cough,high fever,breathlessness,sweating,malaise,phlegm,chest pain,fast heart rate,bloody mucus,,,,,,
Dimorphic hemmorhoids(piles),constipation,pain during bowel movements,pain in anal region,bloody stool,irritation in anus,,,,,,,,,,,,
Heart attack,vomiting,breathlessness,sweating,chest pain,,,,,,,,,,,,,
Varicose veins,fatigue,cramps,bruising,obesity,swollen legs,swollen blood vessels,veins on legs,,,,,,,,,,
Hypothyroidism,fatigue,weight gain,cold hands and feets,mood swings,lethargy,dizziness,puffy face,swollen neck,weak nails,swollen limbs,depression,irritability,irregular periods,,,,
Hyperthyroidism,fatigue,mood swings,weight loss,restlessness,sweating,diarrhoea,fast heart rate,excessive hunger,muscle weakness,irritability,irregular periods,,,,,,
Hypoglycemia,vomiting,fatigue,anxiety,sweating,headache,nausea,blurry vision,excessive hunger,tingling lips,slurring,irritability,fast heart beat,,,,,
Osteoarthristis,joint pain,neck pain,knee pain,hip joint pain,swelling joints,painful walking,,,,,,,,,,,
Arthritis,muscle weakness,stiff neck,swelling joints,movement stiffness,painful walking,,,,,,,,,,,,
(vertigo) Paroymsal  Positional Vertigo,vomiting,headache,nausea,spinning movements,loss of balance,unsteadiness,,,,,,,,,,,
Acne,skin rash,pus filled pimples,blackheads,scurring,,,,,,,,,,,,,
Urinary tract infection,burning pee,bladder discomfort,foul smell of urine,need to pee,,,,,,,,,,,,,
Psoriasis,skin rash,joint pain,skin peeling,silver like dusting,small dents in nails,inflammatory nails,,,,,,,,,,,
Impetigo,skin rash,high fever,blister,red sore around nose,yellow crust ooze,,,,,,,,,,,,
Fungal infection,itching,skin rash,skin bumps,discolored skin patches,,,,,,,,,,,,,
Allergy,continuous sneezing,shivering,chills,watery eyes,,,,,,,,,,,,,
GERD,stomach pain,acidity,ulcers on tongue,vomiting,cough,chest pain,,,,,,,,,,,
Chronic cholestasis,itching,vomiting,yellowish skin,nausea,loss of appetite,abdominal pain,yellowing of eyes,,,,,,,,,,
Drug Reaction,itching,skin rash,stomach pain,burning pee,spotting urine,,,,,,,,,,,,
Peptic ulcer diseae,vomiting,indigestion,loss of appetite,abdominal pain,farting,itching inside,,,,,,,,,,,
AIDS,muscle wasting,patches in throat,high fever,extra marital contacts,,,,,,,,,,,,,
Diabetes ,fatigue,weight loss,restlessness,lethargy,irregular sugar level,blurry vision,obesity,excessive hunger,increased appetite,peeing a lot,,,,,,,
Gastroenteritis,vomiting,sunken eyes,dehydration,diarrhoea,,,,,,,,,,,,,
Bronchial Asthma,fatigue,cough,high fever,breathlessness,family history,mucus,,,,,,,,,,,
Hypertension ,headache,chest pain,dizziness,loss of balance,lack of concentration,,,,,,,,,,,,
Migraine,acidity,indigestion,headache,blurry vision,excessive hunger,stiff neck,depression,irritability,visual disturbances,,,,,,,,
Cervical spondylosis,back pain,weakness in limbs,neck pain,dizziness,loss of balance,,,,,,,,,,,,
Paralysis (brain hemorrhage),vomiting,headache,weakness of one body side,confusion,,,,,,,,,,,,,
Jaundice,itching,vomiting,fatigue,weight loss,high fever,yellowish skin,dark urine,abdominal pain,,,,,,,,,
Malaria,chills,vomiting,high fever,sweating,headache,nausea,diarrhoea,muscle pain,,,,,,,,,
Chicken pox,itching,skin rash,fatigue,lethargy,high fever,headache,loss of appetite,mild fever,swelled lymph nodes,malaise,red spots over body,,,,,,
Dengue,skin rash,chills,joint pain,vomiting,fatigue,high fever,headache,nausea,loss of appetite,pain behind the eyes,back pain,malaise,muscle pain,red spots over body,,,
Typhoid,chills,vomiting,fatigue,high fever,headache,nausea,constipation,abdominal pain,diarrhoea,sickly look,belly pain,,,,,,
hepatitis A,joint pain,vomiting,yellowish skin,dark urine,nausea,loss of appetite,abdominal pain,diarrhoea,mild fever,yellowing of eyes,muscle pain,,,,,,
Hepatitis B,itching,fatigue,lethargy,yellowish skin,dark urine,loss of appetite,abdominal pain,yellow urine,yellowing of eyes,malaise,blood transfusion,injections,,,,,
Hepatitis C,fatigue,yellowish skin,nausea,loss of appetite,yellowing of eyes,family history,,,,,,,,,,,
Hepatitis D,joint pain,vomiting,fatigue,yellowish skin,dark urine,nausea,loss of appetite,abdominal pain,yellowing of eyes,,,,,,,,
Hepatitis E,joint pain,vomiting,fatigue,high fever,yellowish skin,dark urine,nausea,loss of appetite,abdominal pain,yellowing of eyes,acute liver failure,unconscious,blood in vomit,,,,
Alcoholic hepatitis,vomiting,yellowish skin,abdominal pain,swelling of stomach,bloated stomach,alcohol use,swelling,,,,,,,,,,
Tuberculosis,chills,vomiting,fatigue,weight loss,cough,high fever,breathlessness,sweating,loss of appetite,mild fever,yellowing of eyes,swelled lymph nodes,malaise,phlegm,chest pain,blood in sputum,
Common Cold,continuous sneezing,chills,fatigue,cough,high fever,headache,swelled lymph nodes,malaise,phlegm,throat irritation,redness of eyes,sinus pain,runny nose,congestion,chest pain,loss of smell,muscle pain
Pneumonia,chills,fatigue,cough,high fever,breathlessness,sweating,malaise,phlegm,chest pain,fast heart rate,bloody mucus,,,,,,
Dimorphic hemmorhoids(piles),constipation,pain during bowel movements,pain in anal region,bloody stool,irritation in anus,,,,,,,,,,,,
Heart attack,vomiting,breathlessness,sweating,chest pain,,,,,,,,,,,,,
Varicose veins,fatigue,cramps,bruising,obesity,swollen legs,swollen blood vessels,veins on legs,,,,,,,,,,
Hypothyroidism,fatigue,weight gain,cold hands and feets,mood swings,lethargy,dizziness,puffy face,swollen neck,weak nails,swollen limbs,depression,irritability,irregular periods,,,,
Hyperthyroidism,fatigue,mood swings,weight loss,restlessness,sweating,diarrhoea,fast heart rate,excessive hunger,muscle weakness,irritability,irregular periods,,,,,,
Hypoglycemia,vomiting,fatigue,anxiety,sweating,headache,nausea,blurry vision,excessive hunger,tingling lips,slurring,irritability,fast heart beat,,,,,
Osteoarthristis,joint pain,neck pain,knee pain,hip joint pain,swelling joints,painful walking,,,,,,,,,,,
Arthritis,muscle weakness,stiff neck,swelling joints,movement stiffness,painful walking,,,,,,,,,,,,
(vertigo) Paroymsal  Positional Vertigo,vomiting,headache,nausea,spinning movements,loss of balance,unsteadiness,,,,,,,,,,,
Acne,skin rash,pus filled pimples,blackheads,scurring,,,,,,,,,,,,,
Urinary tract infection,burning pee,bladder discomfort,foul smell of urine,need to pee,,,,,,,,,,,,,
Psoriasis,skin rash,joint pain,skin peeling,silver like dusting,small dents in nails,inflammatory nails,,,,,,,,,,,
Impetigo,skin rash,high fever,blister,red sore around nose,yellow crust ooze,,,,,,,,,,,,
Fungal infection,itching,skin rash,skin bumps,discolored skin patches,,,,,,,,,,,,,
Allergy,continuous sneezing,shivering,chills,watery eyes,,,,,,,,,,,,,
GERD,stomach pain,acidity,ulcers on tongue,vomiting,cough,chest pain,,,,,,,,,,,
Chronic cholestasis,itching,vomiting,yellowish skin,nausea,loss of appetite,abdominal pain,yellowing of eyes,,,,,,,,,,
Drug Reaction,itching,skin rash,stomach pain,burning pee,spotting urine,,,,,,,,,,,,
Peptic ulcer diseae,vomiting,indigestion,loss of appetite,abdominal pain,farting,itching inside,,,,,,,,,,,
AIDS,muscle wasting,patches in throat,high fever,extra marital contacts,,,,,,,,,,,,,
Diabetes ,fatigue,weight loss,restlessness,lethargy,irregular sugar level,blurry vision,obesity,excessive hunger,increased appetite,peeing a lot,,,,,,,
Gastroenteritis,vomiting,sunken eyes,dehydration,diarrhoea,,,,,,,,,,,,,
Bronchial Asthma,fatigue,cough,high fever,breathlessness,family history,mucus,,,,,,,,,,,
Hypertension ,headache,chest pain,dizziness,loss of balance,lack of concentration,,,,,,,,,,,,
Migraine,acidity,indigestion,headache,blurry vision,excessive hunger,stiff neck,depression,irritability,visual disturbances,,,,,,,,
Cervical spondylosis,back pain,weakness in limbs,neck pain,dizziness,loss of balance,,,,,,,,,,,,
Paralysis (brain hemorrhage),vomiting,headache,weakness of one body side,confusion,,,,,,,,,,,,,
Jaundice,itching,vomiting,fatigue,weight loss,high fever,yellowish skin,dark urine,abdominal pain,,,,,,,,,
Malaria,chills,vomiting,high fever,sweating,headache,nausea,diarrhoea,muscle pain,,,,,,,,,
Chicken pox,itching,skin rash,fatigue,lethargy,high fever,headache,loss of appetite,mild fever,swelled lymph nodes,malaise,red spots over body,,,,,,
Dengue,skin rash,chills,joint pain,vomiting,fatigue,high fever,headache,nausea,loss of appetite,pain behind the eyes,back pain,malaise,muscle pain,red spots over body,,,
Typhoid,chills,vomiting,fatigue,high fever,headache,nausea,constipation,abdominal pain,diarrhoea,sickly look,belly pain,,,,,,
hepatitis A,joint pain,vomiting,yellowish skin,dark urine,nausea,loss of appetite,abdominal pain,diarrhoea,mild fever,yellowing of eyes,muscle pain,,,,,,
Hepatitis B,itching,fatigue,lethargy,yellowish skin,dark urine,loss of appetite,abdominal pain,yellow urine,yellowing of eyes,malaise,blood transfusion,injections,,,,,
Hepatitis C,fatigue,yellowish skin,nausea,loss of appetite,yellowing of eyes,family history,,,,,,,,,,,
Hepatitis D,joint pain,vomiting,fatigue,yellowish skin,dark urine,nausea,loss of appetite,abdominal pain,yellowing of eyes,,,,,,,,
Hepatitis E,joint pain,vomiting,fatigue,high fever,yellowish skin,dark urine,nausea,loss of appetite,abdominal pain,yellowing of eyes,acute liver failure,unconscious,blood in vomit,,,,
Alcoholic hepatitis,vomiting,yellowish skin,abdominal pain,swelling of stomach,bloated stomach,alcohol use,swelling,,,,,,,,,,
Tuberculosis,chills,vomiting,fatigue,weight loss,cough,high fever,breathlessness,sweating,loss of appetite,mild fever,yellowing of eyes,swelled lymph nodes,malaise,phlegm,chest pain,blood in sputum,
Common Cold,continuous sneezing,chills,fatigue,cough,high fever,headache,swelled lymph nodes,malaise,phlegm,throat irritation,redness of eyes,sinus pain,runny nose,congestion,chest pain,loss of smell,muscle pain
Pneumonia,chills,fatigue,cough,high fever,breathlessness,sweating,malaise,phlegm,chest pain,fast heart rate,bloody mucus,,,,,,
Dimorphic hemmorhoids(piles),constipation,pain during bowel movements,pain in anal region,bloody stool,irritation in anus,,,,,,,,,,,,
Heart attack,vomiting,breathlessness,sweating,chest pain,,,,,,,,,,,,,
Varicose veins,fatigue,cramps,bruising,obesity,swollen legs,swollen blood vessels,veins on legs,,,,,,,,,,
Hypothyroidism,fatigue,weight gain,cold hands and feets,mood swings,lethargy,dizziness,puffy face,swollen neck,weak nails,swollen limbs,depression,irritability,irregular periods,,,,
Hyperthyroidism,fatigue,mood swings,weight loss,restlessness,sweating,diarrhoea,fast heart rate,excessive hunger,muscle weakness,irritability,irregular periods,,,,,,
Hypoglycemia,vomiting,fatigue,anxiety,sweating,headache,nausea,blurry vision,excessive hunger,tingling lips,slurring,irritability,fast heart beat,,,,,
Osteoarthristis,joint pain,neck pain,knee pain,hip joint pain,swelling joints,painful walking,,,,,,,,,,,
Arthritis,muscle weakness,stiff neck,swelling joints,movement stiffness,painful walking,,,,,,,,,,,,
(vertigo) Paroymsal  Positional Vertigo,vomiting,headache,nausea,spinning movements,loss of balance,unsteadiness,,,,,,,,,,,
Acne,skin rash,pus filled pimples,blackheads,scurring,,,,,,,,,,,,,
Urinary tract infection,burning pee,bladder discomfort,foul smell of urine,need to pee,,,,,,,,,,,,,
Psoriasis,skin rash,joint pain,skin peeling,silver like dusting,small dents in nails,inflammatory nails,,,,,,,,,,,
Impetigo,skin rash,high fever,blister,red sore around nose,yellow crust ooze,,,,,,,,,,,,
Fungal infection,itching,skin rash,skin bumps,discolored skin patches,,,,,,,,,,,,,
Allergy,continuous sneezing,shivering,chills,watery eyes,,,,,,,,,,,,,
GERD,stomach pain,acidity,ulcers on tongue,vomiting,cough,chest pain,,,,,,,,,,,
Chronic cholestasis,itching,vomiting,yellowish skin,nausea,loss of appetite,abdominal pain,yellowing of eyes,,,,,,,,,,
Drug Reaction,itching,skin rash,stomach pain,burning pee,spotting urine,,,,,,,,,,,,
Peptic ulcer diseae,vomiting,indigestion,loss of appetite,abdominal pain,farting,itching inside,,,,,,,,,,,
AIDS,muscle wasting,patches in throat,high fever,extra marital contacts,,,,,,,,,,,,,
Diabetes ,fatigue,weight loss,restlessness,lethargy,irregular sugar level,blurry vision,obesity,excessive hunger,increased appetite,peeing a lot,,,,,,,
Gastroenteritis,vomiting,sunken eyes,dehydration,diarrhoea,,,,,,,,,,,,,
Bronchial Asthma,fatigue,cough,high fever,breathlessness,family history,mucus,,,,,,,,,,,
Hypertension ,headache,chest pain,dizziness,loss of balance,lack of concentration,,,,,,,,,,,,
Migraine,acidity,indigestion,headache,blurry vision,excessive hunger,stiff neck,depression,irritability,visual disturbances,,,,,,,,
Cervical spondylosis,back pain,weakness in limbs,neck pain,dizziness,loss of balance,,,,,,,,,,,,
Paralysis (brain hemorrhage),vomiting,headache,weakness of one body side,confusion,,,,,,,,,,,,,
Jaundice,itching,vomiting,fatigue,weight loss,high fever,yellowish skin,dark urine,abdominal pain,,,,,,,,,
Malaria,chills,vomiting,high fever,sweating,headache,nausea,diarrhoea,muscle pain,,,,,,,,,
Chicken pox,itching,skin rash,fatigue,lethargy,high fever,headache,loss of appetite,mild fever,swelled lymph nodes,malaise,red spots over body,,,,,,
Dengue,skin rash,chills,joint pain,vomiting,fatigue,high fever,headache,nausea,loss of appetite,pain behind the eyes,back pain,malaise,muscle pain,red spots over body,,,
Typhoid,chills,vomiting,fatigue,high fever,headache,nausea,constipation,abdominal pain,diarrhoea,sickly look,belly pain,,,,,,
hepatitis A,joint pain,vomiting,yellowish skin,dark urine,nausea,loss of appetite,abdominal pain,diarrhoea,mild fever,yellowing of eyes,muscle pain,,,,,,
Hepatitis B,itching,fatigue,lethargy,yellowish skin,dark urine,loss of appetite,abdominal pain,yellow urine,yellowing of eyes,malaise,blood transfusion,injections,,,,,
Hepatitis C,fatigue,yellowish skin,nausea,loss of appetite,yellowing of eyes,family history,,,,,,,,,,,
Hepatitis D,joint pain,vomiting,fatigue,yellowish skin,dark urine,nausea,loss of appetite,abdominal pain,yellowing of eyes,,,,,,,,
Hepatitis E,joint pain,vomiting,fatigue,high fever,yellowish skin,dark urine,nausea,loss of appetite,abdominal pain,yellowing of eyes,acute liver failure,unconscious,blood in vomit,,,,
Alcoholic hepatitis,vomiting,yellowish skin,abdominal pain,swelling of stomach,bloated stomach,alcohol use,swelling,,,,,,,,,,
Tuberculosis,chills,vomiting,fatigue,weight loss,cough,high fever,breathlessness,sweating,loss of appetite,mild fever,yellowing of eyes,swelled lymph nodes,malaise,phlegm,chest pain,blood in sputum,
Common Cold,continuous sneezing,chills,fatigue,cough,high fever,headache,swelled lymph nodes,malaise,phlegm,throat irritation,redness of eyes,sinus pain,runny nose,congestion,chest pain,loss of smell,muscle pain
Pneumonia,chills,fatigue,cough,high fever,breathlessness,sweating,malaise,phlegm,chest pain,fast heart rate,bloody mucus,,,,,,
Dimorphic hemmorhoids(piles),constipation,pain during bowel movements,pain in anal region,bloody stool,irritation in anus,,,,,,,,,,,,
Heart attack,vomiting,breathlessness,sweating,chest pain,,,,,,,,,,,,,
Varicose veins,fatigue,cramps,bruising,obesity,swollen legs,swollen blood vessels,veins on legs,,,,,,,,,,
Hypothyroidism,fatigue,weight gain,cold hands and feets,mood swings,lethargy,dizziness,puffy face,swollen neck,weak nails,swollen limbs,depression,irritability,irregular periods,,,,
Hyperthyroidism,fatigue,mood swings,weight loss,restlessness,sweating,diarrhoea,fast heart rate,excessive hunger,muscle weakness,irritability,irregular periods,,,,,,
Hypoglycemia,vomiting,fatigue,anxiety,sweating,headache,nausea,blurry vision,excessive hunger,tingling lips,slurring,irritability,fast heart beat,,,,,
Osteoarthristis,joint pain,neck pain,knee pain,hip joint pain,swelling joints,painful walking,,,,,,,,,,,
Arthritis,muscle weakness,stiff neck,swelling joints,movement stiffness,painful walking,,,,,,,,,,,,
(vertigo) Paroymsal  Positional Vertigo,vomiting,headache,nausea,spinning movements,loss of balance,unsteadiness,,,,,,,,,,,
Acne,skin rash,pus filled pimples,blackheads,scurring,,,,,,,,,,,,,
Urinary tract infection,burning pee,bladder discomfort,foul smell of urine,need to pee,,,,,,,,,,,,,
Psoriasis,skin rash,joint pain,skin peeling,silver like dusting,small dents in nails,inflammatory nails,,,,,,,,,,,
Impetigo,skin rash,high fever,blister,red sore around nose,yellow crust ooze,,,,,,,,,,,,
Fungal infection,itching,skin rash,skin bumps,discolored skin patches,,,,,,,,,,,,,
Allergy,continuous sneezing,shivering,chills,watery eyes,,,,,,,,,,,,,
GERD,stomach pain,acidity,ulcers on tongue,vomiting,cough,chest pain,,,,,,,,,,,
Chronic cholestasis,itching,vomiting,yellowish skin,nausea,loss of appetite,abdominal pain,yellowing of eyes,,,,,,,,,,
Drug Reaction,itching,skin rash,stomach pain,burning pee,spotting urine,,,,,,,,,,,,
Peptic ulcer diseae,vomiting,indigestion,loss of appetite,abdominal pain,farting,itching inside,,,,,,,,,,,
AIDS,muscle wasting,patches in throat,high fever,extra marital contacts,,,,,,,,,,,,,
Diabetes ,fatigue,weight loss,restlessness,lethargy,irregular sugar level,blurry vision,obesity,excessive hunger,increased appetite,peeing a lot,,,,,,,
Gastroenteritis,vomiting,sunken eyes,dehydration,diarrhoea,,,,,,,,,,,,,
Bronchial Asthma,fatigue,cough,high fever,breathlessness,family history,mucus,,,,,,,,,,,
Hypertension ,headache,chest pain,dizziness,loss of balance,lack of concentration,,,,,,,,,,,,
Migraine,acidity,indigestion,headache,blurry vision,excessive hunger,stiff neck,depression,irritability,visual disturbances,,,,,,,,
Cervical spondylosis,back pain,weakness in limbs,neck pain,dizziness,loss of balance,,,,,,,,,,,,
Paralysis (brain hemorrhage),vomiting,headache,weakness of one body side,confusion,,,,,,,,,,,,,
Jaundice,itching,vomiting,fatigue,weight loss,high fever,yellowish skin,dark urine,abdominal pain,,,,,,,,,
Malaria,chills,vomiting,high fever,sweating,headache,nausea,diarrhoea,muscle pain,,,,,,,,,
Chicken pox,itching,skin rash,fatigue,lethargy,high fever,headache,loss of appetite,mild fever,swelled lymph nodes,malaise,red spots over body,,,,,,
Dengue,skin rash,chills,joint pain,vomiting,fatigue,high fever,headache,nausea,loss of appetite,pain behind the eyes,back pain,malaise,muscle pain,red spots over body,,,
Typhoid,chills,vomiting,fatigue,high fever,headache,nausea,constipation,abdominal pain,diarrhoea,sickly look,belly pain,,,,,,
hepatitis A,joint pain,vomiting,yellowish skin,dark urine,nausea,loss of appetite,abdominal pain,diarrhoea,mild fever,yellowing of eyes,muscle pain,,,,,,
Hepatitis B,itching,fatigue,lethargy,yellowish skin,dark urine,loss of appetite,abdominal pain,yellow urine,yellowing of eyes,malaise,blood transfusion,injections,,,,,
Hepatitis C,fatigue,yellowish skin,nausea,loss of appetite,yellowing of eyes,family history,,,,,,,,,,,
Hepatitis D,joint pain,vomiting,fatigue,yellowish skin,dark urine,nausea,loss of appetite,abdominal pain,yellowing of eyes,,,,,,,,
Hepatitis E,joint pain,vomiting,fatigue,high fever,yellowish skin,dark urine,nausea,loss of appetite,abdominal pain,yellowing of eyes,acute liver failure,unconscious,blood in vomit,,,,
Alcoholic hepatitis,vomiting,yellowish skin,abdominal pain,swelling of stomach,bloated stomach,alcohol use,swelling,,,,,,,,,,
Tuberculosis,chills,vomiting,fatigue,weight loss,cough,high fever,breathlessness,sweating,loss of appetite,mild fever,yellowing of eyes,swelled lymph nodes,malaise,phlegm,chest pain,blood in sputum,
Common Cold,continuous sneezing,chills,fatigue,cough,high fever,headache,swelled lymph nodes,malaise,phlegm,throat irritation,redness of eyes,sinus pain,runny nose,congestion,chest pain,loss of smell,muscle pain
Pneumonia,chills,fatigue,cough,high fever,breathlessness,sweating,malaise,phlegm,chest pain,fast heart rate,bloody mucus,,,,,,
Dimorphic hemmorhoids(piles),constipation,pain during bowel movements,pain in anal region,bloody stool,irritation in anus,,,,,,,,,,,,
Heart attack,vomiting,breathlessness,sweating,chest pain,,,,,,,,,,,,,
Varicose veins,fatigue,cramps,bruising,obesity,swollen legs,swollen blood vessels,veins on legs,,,,,,,,,,
Hypothyroidism,fatigue,weight gain,cold hands and feets,mood swings,lethargy,dizziness,puffy face,swollen neck,weak nails,swollen limbs,depression,irritability,irregular periods,,,,
Hyperthyroidism,fatigue,mood swings,weight loss,restlessness,sweating,diarrhoea,fast heart rate,excessive hunger,muscle weakness,irritability,irregular periods,,,,,,
Hypoglycemia,vomiting,fatigue,anxiety,sweating,headache,nausea,blurry vision,excessive hunger,tingling lips,slurring,irritability,fast heart beat,,,,,
Osteoarthristis,joint pain,neck pain,knee pain,hip joint pain,swelling joints,painful walking,,,,,,,,,,,
Arthritis,muscle weakness,stiff neck,swelling joints,movement stiffness,painful walking,,,,,,,,,,,,
(vertigo) Paroymsal  Positional Vertigo,vomiting,headache,nausea,spinning movements,loss of balance,unsteadiness,,,,,,,,,,,
Acne,skin rash,pus filled pimples,blackheads,scurring,,,,,,,,,,,,,
Urinary tract infection,burning pee,bladder discomfort,foul smell of urine,need to pee,,,,,,,,,,,,,
Psoriasis,skin rash,joint pain,skin peeling,silver like dusting,small dents in nails,inflammatory nails,,,,,,,,,,,
Impetigo,skin rash,high fever,blister,red sore around nose,yellow crust ooze,,,,,,,,,,,,
Fungal infection,itching,skin rash,skin bumps,discolored skin patches,,,,,,,,,,,,,
Allergy,continuous sneezing,shivering,chills,watery eyes,,,,,,,,,,,,,
GERD,stomach pain,acidity,ulcers on tongue,vomiting,cough,chest pain,,,,,,,,,,,
Chronic cholestasis,itching,vomiting,yellowish skin,nausea,loss of appetite,abdominal pain,yellowing of eyes,,,,,,,,,,
Drug Reaction,itching,skin rash,stomach pain,burning pee,spotting urine,,,,,,,,,,,,
Peptic ulcer diseae,vomiting,indigestion,loss of appetite,abdominal pain,farting,itching inside,,,,,,,,,,,
AIDS,muscle wasting,patches in throat,high fever,extra marital contacts,,,,,,,,,,,,,
Diabetes ,fatigue,weight loss,restlessness,lethargy,irregular sugar level,blurry vision,obesity,excessive hunger,increased appetite,peeing a lot,,,,,,,
Gastroenteritis,vomiting,sunken eyes,dehydration,diarrhoea,,,,,,,,,,,,,
Bronchial Asthma,fatigue,cough,high fever,breathlessness,family history,mucus,,,,,,,,,,,
Hypertension ,headache,chest pain,dizziness,loss of balance,lack of concentration,,,,,,,,,,,,
Migraine,acidity,indigestion,headache,blurry vision,excessive hunger,stiff neck,depression,irritability,visual disturbances,,,,,,,,
Cervical spondylosis,back pain,weakness in limbs,neck pain,dizziness,loss of balance,,,,,,,,,,,,
Paralysis (brain hemorrhage),vomiting,headache,weakness of one body side,confusion,,,,,,,,,,,,,
Jaundice,itching,vomiting,fatigue,weight loss,high fever,yellowish skin,dark urine,abdominal pain,,,,,,,,,
Malaria,chills,vomiting,high fever,sweating,headache,nausea,diarrhoea,muscle pain,,,,,,,,,
Chicken pox,itching,skin rash,fatigue,lethargy,high fever,headache,loss of appetite,mild fever,swelled lymph nodes,malaise,red spots over body,,,,,,
Dengue,skin rash,chills,joint pain,vomiting,fatigue,high fever,headache,nausea,loss of appetite,pain behind the eyes,back pain,malaise,muscle pain,red spots over body,,,
Typhoid,chills,vomiting,fatigue,high fever,headache,nausea,constipation,abdominal pain,diarrhoea,sickly look,belly pain,,,,,,
hepatitis A,joint pain,vomiting,yellowish skin,dark urine,nausea,loss of appetite,abdominal pain,diarrhoea,mild fever,yellowing of eyes,muscle pain,,,,,,
Hepatitis B,itching,fatigue,lethargy,yellowish skin,dark urine,loss of appetite,abdominal pain,yellow urine,yellowing of eyes,malaise,blood transfusion,injections,,,,,
Hepatitis C,fatigue,yellowish skin,nausea,loss of appetite,yellowing of eyes,family history,,,,,,,,,,,
Hepatitis D,joint pain,vomiting,fatigue,yellowish skin,dark urine,nausea,loss of appetite,abdominal pain,yellowing of eyes,,,,,,,,
Hepatitis E,joint pain,vomiting,fatigue,high fever,yellowish skin,dark urine,nausea,loss of appetite,abdominal pain,yellowing of eyes,acute liver failure,unconscious,blood in vomit,,,,
Alcoholic hepatitis,vomiting,yellowish skin,abdominal pain,swelling of stomach,bloated stomach,alcohol use,swelling,,,,,,,,,,
Tuberculosis,chills,vomiting,fatigue,weight loss,cough,high fever,breathlessness,sweating,loss of appetite,mild fever,yellowing of eyes,swelled lymph nodes,malaise,phlegm,chest pain,blood in sputum,
Common Cold,continuous sneezing,chills,fatigue,cough,high fever,headache,swelled lymph nodes,malaise,phlegm,throat irritation,redness of eyes,sinus pain,runny nose,congestion,chest pain,loss of smell,muscle pain
Pneumonia,chills,fatigue,cough,high fever,breathlessness,sweating,malaise,phlegm,chest pain,fast heart rate,bloody mucus,,,,,,
Dimorphic hemmorhoids(piles),constipation,pain during bowel movements,pain in anal region,bloody stool,irritation in anus,,,,,,,,,,,,
Heart attack,vomiting,breathlessness,sweating,chest pain,,,,,,,,,,,,,
Varicose veins,fatigue,cramps,bruising,obesity,swollen legs,swollen blood vessels,veins on legs,,,,,,,,,,
Hypothyroidism,fatigue,weight gain,cold hands and feets,mood swings,lethargy,dizziness,puffy face,swollen neck,weak nails,swollen limbs,depression,irritability,irregular periods,,,,
Hyperthyroidism,fatigue,mood swings,weight loss,restlessness,sweating,diarrhoea,fast heart rate,excessive hunger,muscle weakness,irritability,irregular periods,,,,,,
Hypoglycemia,vomiting,fatigue,anxiety,sweating,headache,nausea,blurry vision,excessive hunger,tingling lips,slurring,irritability,fast heart beat,,,,,
Osteoarthristis,joint pain,neck pain,knee pain,hip joint pain,swelling joints,painful walking,,,,,,,,,,,
Arthritis,muscle weakness,stiff neck,swelling joints,movement stiffness,painful walking,,,,,,,,,,,,
(vertigo) Paroymsal  Positional Vertigo,vomiting,headache,nausea,spinning movements,loss of balance,unsteadiness,,,,,,,,,,,
Acne,skin rash,pus filled pimples,blackheads,scurring,,,,,,,,,,,,,
Urinary tract infection,burning pee,bladder discomfort,foul smell of urine,need to pee,,,,,,,,,,,,,
Psoriasis,skin rash,joint pain,skin peeling,silver like dusting,small dents in nails,inflammatory nails,,,,,,,,,,,
Impetigo,skin rash,high fever,blister,red sore around nose,yellow crust ooze,,,,,,,,,,,,
Fungal infection,itching,skin rash,skin bumps,discolored skin patches,,,,,,,,,,,,,
Allergy,continuous sneezing,shivering,chills,watery eyes,,,,,,,,,,,,,
GERD,stomach pain,acidity,ulcers on tongue,vomiting,cough,chest pain,,,,,,,,,,,
Chronic cholestasis,itching,vomiting,yellowish skin,nausea,loss of appetite,abdominal pain,yellowing of eyes,,,,,,,,,,
Drug Reaction,itching,skin rash,stomach pain,burning pee,spotting urine,,,,,,,,,,,,
Peptic ulcer diseae,vomiting,indigestion,loss of appetite,abdominal pain,farting,itching inside,,,,,,,,,,,
AIDS,muscle wasting,patches in throat,high fever,extra marital contacts,,,,,,,,,,,,,
Diabetes ,fatigue,weight loss,restlessness,lethargy,irregular sugar level,blurry vision,obesity,excessive hunger,increased appetite,peeing a lot,,,,,,,
Gastroenteritis,vomiting,sunken eyes,dehydration,diarrhoea,,,,,,,,,,,,,
Bronchial Asthma,fatigue,cough,high fever,breathlessness,family history,mucus,,,,,,,,,,,
Hypertension ,headache,chest pain,dizziness,loss of balance,lack of concentration,,,,,,,,,,,,
Migraine,acidity,indigestion,headache,blurry vision,excessive hunger,stiff neck,depression,irritability,visual disturbances,,,,,,,,
Cervical spondylosis,back pain,weakness in limbs,neck pain,dizziness,loss of balance,,,,,,,,,,,,
Paralysis (brain hemorrhage),vomiting,headache,weakness of one body side,confusion,,,,,,,,,,,,,
Jaundice,itching,vomiting,fatigue,weight loss,high fever,yellowish skin,dark urine,abdominal pain,,,,,,,,,
Malaria,chills,vomiting,high fever,sweating,headache,nausea,diarrhoea,muscle pain,,,,,,,,,
Chicken pox,itching,skin rash,fatigue,lethargy,high fever,headache,loss of appetite,mild fever,swelled lymph nodes,malaise,red spots over body,,,,,,
Dengue,skin rash,chills,joint pain,vomiting,fatigue,high fever,headache,nausea,loss of appetite,pain behind the eyes,back pain,malaise,muscle pain,red spots over body,,,
Typhoid,chills,vomiting,fatigue,high fever,headache,nausea,constipation,abdominal pain,diarrhoea,sickly look,belly pain,,,,,,
hepatitis A,joint pain,vomiting,yellowish skin,dark urine,nausea,loss of appetite,abdominal pain,diarrhoea,mild fever,yellowing of eyes,muscle pain,,,,,,
Hepatitis B,itching,fatigue,lethargy,yellowish skin,dark urine,loss of appetite,abdominal pain,yellow urine,yellowing of eyes,malaise,blood transfusion,injections,,,,,
Hepatitis C,fatigue,yellowish skin,nausea,loss of appetite,yellowing of eyes,family history,,,,,,,,,,,
Hepatitis D,joint pain,vomiting,fatigue,yellowish skin,dark urine,nausea,loss of appetite,abdominal pain,yellowing of eyes,,,,,,,,
Hepatitis E,joint pain,vomiting,fatigue,high fever,yellowish skin,dark urine,nausea,loss of appetite,abdominal pain,yellowing of eyes,acute liver failure,unconscious,blood in vomit,,,,
Alcoholic hepatitis,vomiting,yellowish skin,abdominal pain,swelling of stomach,bloated stomach,alcohol use,swelling,,,,,,,,,,
Tuberculosis,chills,vomiting,fatigue,weight loss,cough,high fever,breathlessness,sweating,loss of appetite,mild fever,yellowing of eyes,swelled lymph nodes,malaise,phlegm,chest pain,blood in sputum,
Common Cold,continuous sneezing,chills,fatigue,cough,high fever,headache,swelled lymph nodes,malaise,phlegm,throat irritation,redness of eyes,sinus pain,runny nose,congestion,chest pain,loss of smell,muscle pain
Pneumonia,chills,fatigue,cough,high fever,breathlessness,sweating,malaise,phlegm,chest pain,fast heart rate,bloody mucus,,,,,,
Dimorphic hemmorhoids(piles),constipation,pain during bowel movements,pain in anal region,bloody stool,irritation in anus,,,,,,,,,,,,
Heart attack,vomiting,breathlessness,sweating,chest pain,,,,,,,,,,,,,
Varicose veins,fatigue,cramps,bruising,obesity,swollen legs,swollen blood vessels,veins on legs,,,,,,,,,,
Hypothyroidism,fatigue,weight gain,cold hands and feets,mood swings,lethargy,dizziness,puffy face,swollen neck,weak nails,swollen limbs,depression,irritability,irregular periods,,,,
Hyperthyroidism,fatigue,mood swings,weight loss,restlessness,sweating,diarrhoea,fast heart rate,excessive hunger,muscle weakness,irritability,irregular periods,,,,,,
Hypoglycemia,vomiting,fatigue,anxiety,sweating,headache,nausea,blurry vision,excessive hunger,tingling lips,slurring,irritability,fast heart beat,,,,,
Osteoarthristis,joint pain,neck pain,knee pain,hip joint pain,swelling joints,painful walking,,,,,,,,,,,
Arthritis,muscle weakness,stiff neck,swelling joints,movement stiffness,painful walking,,,,,,,,,,,,
(vertigo) Paroymsal  Positional Vertigo,vomiting,headache,nausea,spinning movements,loss of balance,unsteadiness,,,,,,,,,,,
Acne,skin rash,pus filled pimples,blackheads,scurring,,,,,,,,,,,,,
Urinary tract infection,burning pee,bladder discomfort,foul smell of urine,need to pee,,,,,,,,,,,,,
Psoriasis,skin rash,joint pain,skin peeling,silver like dusting,small dents in nails,inflammatory nails,,,,,,,,,,,
Impetigo,skin rash,high fever,blister,red sore around nose,yellow crust ooze,,,,,,,,,,,,
Fungal infection,itching,skin rash,skin bumps,discolored skin patches,,,,,,,,,,,,,
Allergy,continuous sneezing,shivering,chills,watery eyes,,,,,,,,,,,,,
GERD,stomach pain,acidity,ulcers on tongue,vomiting,cough,chest pain,,,,,,,,,,,
Chronic cholestasis,itching,vomiting,yellowish skin,nausea,loss of appetite,abdominal pain,yellowing of eyes,,,,,,,,,,
Drug Reaction,itching,skin rash,stomach pain,burning pee,spotting urine,,,,,,,,,,,,
Peptic ulcer diseae,vomiting,indigestion,loss of appetite,abdominal pain,farting,itching inside,,,,,,,,,,,
AIDS,muscle wasting,patches in throat,high fever,extra marital contacts,,,,,,,,,,,,,
Diabetes ,fatigue,weight loss,restlessness,lethargy,irregular sugar level,blurry vision,obesity,excessive hunger,increased appetite,peeing a lot,,,,,,,
Gastroenteritis,vomiting,sunken eyes,dehydration,diarrhoea,,,,,,,,,,,,,
Bronchial Asthma,fatigue,cough,high fever,breathlessness,family history,mucus,,,,,,,,,,,
Hypertension ,headache,chest pain,dizziness,loss of balance,lack of concentration,,,,,,,,,,,,
Migraine,acidity,indigestion,headache,blurry vision,excessive hunger,stiff neck,depression,irritability,visual disturbances,,,,,,,,
Cervical spondylosis,back pain,weakness in limbs,neck pain,dizziness,loss of balance,,,,,,,,,,,,
Paralysis (brain hemorrhage),vomiting,headache,weakness of one body side,confusion,,,,,,,,,,,,,
Jaundice,itching,vomiting,fatigue,weight loss,high fever,yellowish skin,dark urine,abdominal pain,,,,,,,,,
Malaria,chills,vomiting,high fever,sweating,headache,nausea,diarrhoea,muscle pain,,,,,,,,,
Chicken pox,itching,skin rash,fatigue,lethargy,high fever,headache,loss of appetite,mild fever,swelled lymph nodes,malaise,red spots over body,,,,,,
Dengue,skin rash,chills,joint pain,vomiting,fatigue,high fever,headache,nausea,loss of appetite,pain behind the eyes,back pain,malaise,muscle pain,red spots over body,,,
Typhoid,chills,vomiting,fatigue,high fever,headache,nausea,constipation,abdominal pain,diarrhoea,sickly look,belly pain,,,,,,
hepatitis A,joint pain,vomiting,yellowish skin,dark urine,nausea,loss of appetite,abdominal pain,diarrhoea,mild fever,yellowing of eyes,muscle pain,,,,,,
Hepatitis B,itching,fatigue,lethargy,yellowish skin,dark urine,loss of appetite,abdominal pain,yellow urine,yellowing of eyes,malaise,blood transfusion,injections,,,,,
Hepatitis C,fatigue,yellowish skin,nausea,loss of appetite,yellowing of eyes,family history,,,,,,,,,,,
Hepatitis D,joint pain,vomiting,fatigue,yellowish skin,dark urine,nausea,loss of appetite,abdominal pain,yellowing of eyes,,,,,,,,
Hepatitis E,joint pain,vomiting,fatigue,high fever,yellowish skin,dark urine,nausea,loss of appetite,abdominal pain,yellowing of eyes,acute liver failure,unconscious,blood in vomit,,,,
Alcoholic hepatitis,vomiting,yellowish skin,abdominal pain,swelling of stomach,bloated stomach,alcohol use,swelling,,,,,,,,,,
Tuberculosis,chills,vomiting,fatigue,weight loss,cough,high fever,breathlessness,sweating,loss of appetite,mild fever,yellowing of eyes,swelled lymph nodes,malaise,phlegm,chest pain,blood in sputum,
Common Cold,continuous sneezing,chills,fatigue,cough,high fever,headache,swelled lymph nodes,malaise,phlegm,throat irritation,redness of eyes,sinus pain,runny nose,congestion,chest pain,loss of smell,muscle pain
Pneumonia,chills,fatigue,cough,high fever,breathlessness,sweating,malaise,phlegm,chest pain,fast heart rate,bloody mucus,,,,,,
Dimorphic hemmorhoids(piles),constipation,pain during bowel movements,pain in anal region,bloody stool,irritation in anus,,,,,,,,,,,,
Heart attack,vomiting,breathlessness,sweating,chest pain,,,,,,,,,,,,,
Varicose veins,fatigue,cramps,bruising,obesity,swollen legs,swollen blood vessels,veins on legs,,,,,,,,,,
Hypothyroidism,fatigue,weight gain,cold hands and feets,mood swings,lethargy,dizziness,puffy face,swollen neck,weak nails,swollen limbs,depression,irritability,irregular periods,,,,
Hyperthyroidism,fatigue,mood swings,weight loss,restlessness,sweating,diarrhoea,fast heart rate,excessive hunger,muscle weakness,irritability,irregular periods,,,,,,
Hypoglycemia,vomiting,fatigue,anxiety,sweating,headache,nausea,blurry vision,excessive hunger,tingling lips,slurring,irritability,fast heart beat,,,,,
Osteoarthristis,joint pain,neck pain,knee pain,hip joint pain,swelling joints,painful walking,,,,,,,,,,,
Arthritis,muscle weakness,stiff neck,swelling joints,movement stiffness,painful walking,,,,,,,,,,,,
(vertigo) Paroymsal  Positional Vertigo,vomiting,headache,nausea,spinning movements,loss of balance,unsteadiness,,,,,,,,,,,
Acne,skin rash,pus filled pimples,blackheads,scurring,,,,,,,,,,,,,
Urinary tract infection,burning pee,bladder discomfort,foul smell of urine,need to pee,,,,,,,,,,,,,
Psoriasis,skin rash,joint pain,skin peeling,silver like dusting,small dents in nails,inflammatory nails,,,,,,,,,,,
Impetigo,skin rash,high fever,blister,red sore around nose,yellow crust ooze,,,,,,,,,,,,
Fungal infection,itching,skin rash,skin bumps,discolored skin patches,,,,,,,,,,,,,
Allergy,continuous sneezing,shivering,chills,watery eyes,,,,,,,,,,,,,
GERD,stomach pain,acidity,ulcers on tongue,vomiting,cough,chest pain,,,,,,,,,,,
Chronic cholestasis,itching,vomiting,yellowish skin,nausea,loss of appetite,abdominal pain,yellowing of eyes,,,,,,,,,,
Drug Reaction,itching,skin rash,stomach pain,burning pee,spotting urine,,,,,,,,,,,,
Peptic ulcer diseae,vomiting,indigestion,loss of appetite,abdominal pain,farting,itching inside,,,,,,,,,,,
AIDS,muscle wasting,patches in throat,high fever,extra marital contacts,,,,,,,,,,,,,
Diabetes ,fatigue,weight loss,restlessness,lethargy,irregular sugar level,blurry vision,obesity,excessive hunger,increased appetite,peeing a lot,,,,,,,
Gastroenteritis,vomiting,sunken eyes,dehydration,diarrhoea,,,,,,,,,,,,,
Bronchial Asthma,fatigue,cough,high fever,breathlessness,family history,mucus,,,,,,,,,,,
Hypertension ,headache,chest pain,dizziness,loss of balance,lack of concentration,,,,,,,,,,,,
Migraine,acidity,indigestion,headache,blurry vision,excessive hunger,stiff neck,depression,irritability,visual disturbances,,,,,,,,
Cervical spondylosis,back pain,weakness in limbs,neck pain,dizziness,loss of balance,,,,,,,,,,,,
Paralysis (brain hemorrhage),vomiting,headache,weakness of one body side,confusion,,,,,,,,,,,,,
Jaundice,itching,vomiting,fatigue,weight loss,high fever,yellowish skin,dark urine,abdominal pain,,,,,,,,,
Malaria,chills,vomiting,high fever,sweating,headache,nausea,diarrhoea,muscle pain,,,,,,,,,
Chicken pox,itching,skin rash,fatigue,lethargy,high fever,headache,loss of appetite,mild fever,swelled lymph nodes,malaise,red spots over body,,,,,,
Dengue,skin rash,chills,joint pain,vomiting,fatigue,high fever,headache,nausea,loss of appetite,pain behind the eyes,back pain,malaise,muscle pain,red spots over body,,,
Typhoid,chills,vomiting,fatigue,high fever,headache,nausea,constipation,abdominal pain,diarrhoea,sickly look,belly pain,,,,,,
hepatitis A,joint pain,vomiting,yellowish skin,dark urine,nausea,loss of appetite,abdominal pain,diarrhoea,mild fever,yellowing of eyes,muscle pain,,,,,,
Hepatitis B,itching,fatigue,lethargy,yellowish skin,dark urine,loss of appetite,abdominal pain,yellow urine,yellowing of eyes,malaise,blood transfusion,injections,,,,,
Hepatitis C,fatigue,yellowish skin,nausea,loss of appetite,yellowing of eyes,family history,,,,,,,,,,,
Hepatitis D,joint pain,vomiting,fatigue,yellowish skin,dark urine,nausea,loss of appetite,abdominal pain,yellowing of eyes,,,,,,,,
Hepatitis E,joint pain,vomiting,fatigue,high fever,yellowish skin,dark urine,nausea,loss of appetite,abdominal pain,yellowing of eyes,acute liver failure,unconscious,blood in vomit,,,,
Alcoholic hepatitis,vomiting,yellowish skin,abdominal pain,swelling of stomach,bloated stomach,alcohol use,swelling,,,,,,,,,,
Tuberculosis,chills,vomiting,fatigue,weight loss,cough,high fever,breathlessness,sweating,loss of appetite,mild fever,yellowing of eyes,swelled lymph nodes,malaise,phlegm,chest pain,blood in sputum,
Common Cold,continuous sneezing,chills,fatigue,cough,high fever,headache,swelled lymph nodes,malaise,phlegm,throat irritation,redness of eyes,sinus pain,runny nose,congestion,chest pain,loss of smell,muscle pain
Pneumonia,chills,fatigue,cough,high fever,breathlessness,sweating,malaise,phlegm,chest pain,fast heart rate,bloody mucus,,,,,,
Dimorphic hemmorhoids(piles),constipation,pain during bowel movements,pain in anal region,bloody stool,irritation in anus,,,,,,,,,,,,
Heart attack,vomiting,breathlessness,sweating,chest pain,,,,,,,,,,,,,
Varicose veins,fatigue,cramps,bruising,obesity,swollen legs,swollen blood vessels,veins on legs,,,,,,,,,,
Hypothyroidism,fatigue,weight gain,cold hands and feets,mood swings,lethargy,dizziness,puffy face,swollen neck,weak nails,swollen limbs,depression,irritability,irregular periods,,,,
Hyperthyroidism,fatigue,mood swings,weight loss,restlessness,sweating,diarrhoea,fast heart rate,excessive hunger,muscle weakness,irritability,irregular periods,,,,,,
Hypoglycemia,vomiting,fatigue,anxiety,sweating,headache,nausea,blurry vision,excessive hunger,tingling lips,slurring,irritability,fast heart beat,,,,,
Osteoarthristis,joint pain,neck pain,knee pain,hip joint pain,swelling joints,painful walking,,,,,,,,,,,
Arthritis,muscle weakness,stiff neck,swelling joints,movement stiffness,painful walking,,,,,,,,,,,,
(vertigo) Paroymsal  Positional Vertigo,vomiting,headache,nausea,spinning movements,loss of balance,unsteadiness,,,,,,,,,,,
Acne,skin rash,pus filled pimples,blackheads,scurring,,,,,,,,,,,,,
Urinary tract infection,burning pee,bladder discomfort,foul smell of urine,need to pee,,,,,,,,,,,,,
Psoriasis,skin rash,joint pain,skin peeling,silver like dusting,small dents in nails,inflammatory nails,,,,,,,,,,,
Impetigo,skin rash,high fever,blister,red sore around nose,yellow crust ooze,,,,,,,,,,,,
Fungal infection,itching,skin rash,skin bumps,discolored skin patches,,,,,,,,,,,,,
Allergy,continuous sneezing,shivering,chills,watery eyes,,,,,,,,,,,,,
GERD,stomach pain,acidity,ulcers on tongue,vomiting,cough,chest pain,,,,,,,,,,,
Chronic cholestasis,itching,vomiting,yellowish skin,nausea,loss of appetite,abdominal pain,yellowing of eyes,,,,,,,,,,
Drug Reaction,itching,skin rash,stomach pain,burning pee,spotting urine,,,,,,,,,,,,
Peptic ulcer diseae,vomiting,indigestion,loss of appetite,abdominal pain,farting,itching inside,,,,,,,,,,,
AIDS,muscle wasting,patches in throat,high fever,extra marital contacts,,,,,,,,,,,,,
Diabetes ,fatigue,weight loss,restlessness,lethargy,irregular sugar level,blurry vision,obesity,excessive hunger,increased appetite,peeing a lot,,,,,,,
Gastroenteritis,vomiting,sunken eyes,dehydration,diarrhoea,,,,,,,,,,,,,
Bronchial Asthma,fatigue,cough,high fever,breathlessness,family history,mucus,,,,,,,,,,,
Hypertension ,headache,chest pain,dizziness,loss of balance,lack of concentration,,,,,,,,,,,,
Migraine,acidity,indigestion,headache,blurry vision,excessive hunger,stiff neck,depression,irritability,visual disturbances,,,,,,,,
Cervical spondylosis,back pain,weakness in limbs,neck pain,dizziness,loss of balance,,,,,,,,,,,,
Paralysis (brain hemorrhage),vomiting,headache,weakness of one body side,confusion,,,,,,,,,,,,,
Jaundice,itching,vomiting,fatigue,weight loss,high fever,yellowish skin,dark urine,abdominal pain,,,,,,,,,
Malaria,chills,vomiting,high fever,sweating,headache,nausea,diarrhoea,muscle pain,,,,,,,,,
Chicken pox,itching,skin rash,fatigue,lethargy,high fever,headache,loss of appetite,mild fever,swelled lymph nodes,malaise,red spots over body,,,,,,
Dengue,skin rash,chills,joint pain,vomiting,fatigue,high fever,headache,nausea,loss of appetite,pain behind the eyes,back pain,malaise,muscle pain,red spots over body,,,
Typhoid,chills,vomiting,fatigue,high fever,headache,nausea,constipation,abdominal pain,diarrhoea,sickly look,belly pain,,,,,,
hepatitis A,joint pain,vomiting,yellowish skin,dark urine,nausea,loss of appetite,abdominal pain,diarrhoea,mild fever,yellowing of eyes,muscle pain,,,,,,
Hepatitis B,itching,fatigue,lethargy,yellowish skin,dark urine,loss of appetite,abdominal pain,yellow urine,yellowing of eyes,malaise,blood transfusion,injections,,,,,
Hepatitis C,fatigue,yellowish skin,nausea,loss of appetite,yellowing of eyes,family history,,,,,,,,,,,
Hepatitis D,joint pain,vomiting,fatigue,yellowish skin,dark urine,nausea,loss of appetite,abdominal pain,yellowing of eyes,,,,,,,,
Hepatitis E,joint pain,vomiting,fatigue,high fever,yellowish skin,dark urine,nausea,loss of appetite,abdominal pain,yellowing of eyes,acute liver failure,unconscious,blood in vomit,,,,
Alcoholic hepatitis,vomiting,yellowish skin,abdominal pain,swelling of stomach,bloated stomach,alcohol use,swelling,,,,,,,,,,
Tuberculosis,chills,vomiting,fatigue,weight loss,cough,high fever,breathlessness,sweating,loss of appetite,mild fever,yellowing of eyes,swelled lymph nodes,malaise,phlegm,chest pain,blood in sputum,
Common Cold,continuous sneezing,chills,fatigue,cough,high fever,headache,swelled lymph nodes,malaise,phlegm,throat irritation,redness of eyes,sinus pain,runny nose,congestion,chest pain,loss of smell,muscle pain
Pneumonia,chills,fatigue,cough,high fever,breathlessness,sweating,malaise,phlegm,chest pain,fast heart rate,bloody mucus,,,,,,
Dimorphic hemmorhoids(piles),constipation,pain during bowel movements,pain in anal region,bloody stool,irritation in anus,,,,,,,,,,,,
Heart attack,vomiting,breathlessness,sweating,chest pain,,,,,,,,,,,,,
Varicose veins,fatigue,cramps,bruising,obesity,swollen legs,swollen blood vessels,veins on legs,,,,,,,,,,
Hypothyroidism,fatigue,weight gain,cold hands and feets,mood swings,lethargy,dizziness,puffy face,swollen neck,weak nails,swollen limbs,depression,irritability,irregular periods,,,,
Hyperthyroidism,fatigue,mood swings,weight loss,restlessness,sweating,diarrhoea,fast heart rate,excessive hunger,muscle weakness,irritability,irregular periods,,,,,,
Hypoglycemia,vomiting,fatigue,anxiety,sweating,headache,nausea,blurry vision,excessive hunger,tingling lips,slurring,irritability,fast heart beat,,,,,
Osteoarthristis,joint pain,neck pain,knee pain,hip joint pain,swelling joints,painful walking,,,,,,,,,,,
Arthritis,muscle weakness,stiff neck,swelling joints,movement stiffness,painful walking,,,,,,,,,,,,
(vertigo) Paroymsal  Positional Vertigo,vomiting,headache,nausea,spinning movements,loss of balance,unsteadiness,,,,,,,,,,,
Acne,skin rash,pus filled pimples,blackheads,scurring,,,,,,,,,,,,,
Urinary tract infection,burning pee,bladder discomfort,foul smell of urine,need to pee,,,,,,,,,,,,,
Psoriasis,skin rash,joint pain,skin peeling,silver like dusting,small dents in nails,inflammatory nails,,,,,,,,,,,
Impetigo,skin rash,high fever,blister,red sore around nose,yellow crust ooze,,,,,,,,,,,,
Fungal infection,itching,skin rash,skin bumps,discolored skin patches,,,,,,,,,,,,,
Allergy,continuous sneezing,shivering,chills,watery eyes,,,,,,,,,,,,,
GERD,stomach pain,acidity,ulcers on tongue,vomiting,cough,chest pain,,,,,,,,,,,
Chronic cholestasis,itching,vomiting,yellowish skin,nausea,loss of appetite,abdominal pain,yellowing of eyes,,,,,,,,,,
Drug Reaction,itching,skin rash,stomach pain,burning pee,spotting urine,,,,,,,,,,,,
Peptic ulcer diseae,vomiting,indigestion,loss of appetite,abdominal pain,farting,itching inside,,,,,,,,,,,
AIDS,muscle wasting,patches in throat,high fever,extra marital contacts,,,,,,,,,,,,,
Diabetes ,fatigue,weight loss,restlessness,lethargy,irregular sugar level,blurry vision,obesity,excessive hunger,increased appetite,peeing a lot,,,,,,,
Gastroenteritis,vomiting,sunken eyes,dehydration,diarrhoea,,,,,,,,,,,,,
Bronchial Asthma,fatigue,cough,high fever,breathlessness,family history,mucus,,,,,,,,,,,
Hypertension ,headache,chest pain,dizziness,loss of balance,lack of concentration,,,,,,,,,,,,
Migraine,acidity,indigestion,headache,blurry vision,excessive hunger,stiff neck,depression,irritability,visual disturbances,,,,,,,,
Cervical spondylosis,back pain,weakness in limbs,neck pain,dizziness,loss of balance,,,,,,,,,,,,
Paralysis (brain hemorrhage),vomiting,headache,weakness of one body side,confusion,,,,,,,,,,,,,
Jaundice,itching,vomiting,fatigue,weight loss,high fever,yellowish skin,dark urine,abdominal pain,,,,,,,,,
Malaria,chills,vomiting,high fever,sweating,headache,nausea,diarrhoea,muscle pain,,,,,,,,,
Chicken pox,itching,skin rash,fatigue,lethargy,high fever,headache,loss of appetite,mild fever,swelled lymph nodes,malaise,red spots over body,,,,,,
Dengue,skin rash,chills,joint pain,vomiting,fatigue,high fever,headache,nausea,loss of appetite,pain behind the eyes,back pain,malaise,muscle pain,red spots over body,,,
Typhoid,chills,vomiting,fatigue,high fever,headache,nausea,constipation,abdominal pain,diarrhoea,sickly look,belly pain,,,,,,
hepatitis A,joint pain,vomiting,yellowish skin,dark urine,nausea,loss of appetite,abdominal pain,diarrhoea,mild fever,yellowing of eyes,muscle pain,,,,,,
Hepatitis B,itching,fatigue,lethargy,yellowish skin,dark urine,loss of appetite,abdominal pain,yellow urine,yellowing of eyes,malaise,blood transfusion,injections,,,,,
Hepatitis C,fatigue,yellowish skin,nausea,loss of appetite,yellowing of eyes,family history,,,,,,,,,,,
Hepatitis D,joint pain,vomiting,fatigue,yellowish skin,dark urine,nausea,loss of appetite,abdominal pain,yellowing of eyes,,,,,,,,
Hepatitis E,joint pain,vomiting,fatigue,high fever,yellowish skin,dark urine,nausea,loss of appetite,abdominal pain,yellowing of eyes,acute liver failure,unconscious,blood in vomit,,,,
Alcoholic hepatitis,vomiting,yellowish skin,abdominal pain,swelling of stomach,bloated stomach,alcohol use,swelling,,,,,,,,,,
Tuberculosis,chills,vomiting,fatigue,weight loss,cough,high fever,breathlessness,sweating,loss of appetite,mild fever,yellowing of eyes,swelled lymph nodes,malaise,phlegm,chest pain,blood in sputum,
Common Cold,continuous sneezing,chills,fatigue,cough,high fever,headache,swelled lymph nodes,malaise,phlegm,throat irritation,redness of eyes,sinus pain,runny nose,congestion,chest pain,loss of smell,muscle pain
Pneumonia,chills,fatigue,cough,high fever,breathlessness,sweating,malaise,phlegm,chest pain,fast heart rate,bloody mucus,,,,,,
Dimorphic hemmorhoids(piles),constipation,pain during bowel movements,pain in anal region,bloody stool,irritation in anus,,,,,,,,,,,,
Heart attack,vomiting,breathlessness,sweating,chest pain,,,,,,,,,,,,,
Varicose veins,fatigue,cramps,bruising,obesity,swollen legs,swollen blood vessels,veins on legs,,,,,,,,,,
Hypothyroidism,fatigue,weight gain,cold hands and feets,mood swings,lethargy,dizziness,puffy face,swollen neck,weak nails,swollen limbs,depression,irritability,irregular periods,,,,
Hyperthyroidism,fatigue,mood swings,weight loss,restlessness,sweating,diarrhoea,fast heart rate,excessive hunger,muscle weakness,irritability,irregular periods,,,,,,
Hypoglycemia,vomiting,fatigue,anxiety,sweating,headache,nausea,blurry vision,excessive hunger,tingling lips,slurring,irritability,fast heart beat,,,,,
Osteoarthristis,joint pain,neck pain,knee pain,hip joint pain,swelling joints,painful walking,,,,,,,,,,,
Arthritis,muscle weakness,stiff neck,swelling joints,movement stiffness,painful walking,,,,,,,,,,,,
(vertigo) Paroymsal  Positional Vertigo,vomiting,headache,nausea,spinning movements,loss of balance,unsteadiness,,,,,,,,,,,
Acne,skin rash,pus filled pimples,blackheads,scurring,,,,,,,,,,,,,
Urinary tract infection,burning pee,bladder discomfort,foul smell of urine,need to pee,,,,,,,,,,,,,
Psoriasis,skin rash,joint pain,skin peeling,silver like dusting,small dents in nails,inflammatory nails,,,,,,,,,,,
Impetigo,skin rash,high fever,blister,red sore around nose,yellow crust ooze,,,,,,,,,,,,
Fungal infection,itching,skin rash,skin bumps,discolored skin patches,,,,,,,,,,,,,
Allergy,continuous sneezing,shivering,chills,watery eyes,,,,,,,,,,,,,
GERD,stomach pain,acidity,ulcers on tongue,vomiting,cough,chest pain,,,,,,,,,,,
Chronic cholestasis,itching,vomiting,yellowish skin,nausea,loss of appetite,abdominal pain,yellowing of eyes,,,,,,,,,,
Drug Reaction,itching,skin rash,stomach pain,burning pee,spotting urine,,,,,,,,,,,,
Peptic ulcer diseae,vomiting,indigestion,loss of appetite,abdominal pain,farting,itching inside,,,,,,,,,,,
AIDS,muscle wasting,patches in throat,high fever,extra marital contacts,,,,,,,,,,,,,
Diabetes ,fatigue,weight loss,restlessness,lethargy,irregular sugar level,blurry vision,obesity,excessive hunger,increased appetite,peeing a lot,,,,,,,
Gastroenteritis,vomiting,sunken eyes,dehydration,diarrhoea,,,,,,,,,,,,,
Bronchial Asthma,fatigue,cough,high fever,breathlessness,family history,mucus,,,,,,,,,,,
Hypertension ,headache,chest pain,dizziness,loss of balance,lack of concentration,,,,,,,,,,,,
Migraine,acidity,indigestion,headache,blurry vision,excessive hunger,stiff neck,depression,irritability,visual disturbances,,,,,,,,
Cervical spondylosis,back pain,weakness in limbs,neck pain,dizziness,loss of balance,,,,,,,,,,,,
Paralysis (brain hemorrhage),vomiting,headache,weakness of one body side,confusion,,,,,,,,,,,,,
Jaundice,itching,vomiting,fatigue,weight loss,high fever,yellowish skin,dark urine,abdominal pain,,,,,,,,,
Malaria,chills,vomiting,high fever,sweating,headache,nausea,diarrhoea,muscle pain,,,,,,,,,
Chicken pox,itching,skin rash,fatigue,lethargy,high fever,headache,loss of appetite,mild fever,swelled lymph nodes,malaise,red spots over body,,,,,,
Dengue,skin rash,chills,joint pain,vomiting,fatigue,high fever,headache,nausea,loss of appetite,pain behind the eyes,back pain,malaise,muscle pain,red spots over body,,,
Typhoid,chills,vomiting,fatigue,high fever,headache,nausea,constipation,abdominal pain,diarrhoea,sickly look,belly pain,,,,,,
hepatitis A,joint pain,vomiting,yellowish skin,dark urine,nausea,loss of appetite,abdominal pain,diarrhoea,mild fever,yellowing of eyes,muscle pain,,,,,,
Hepatitis B,itching,fatigue,lethargy,yellowish skin,dark urine,loss of appetite,abdominal pain,yellow urine,yellowing of eyes,malaise,blood transfusion,injections,,,,,
Hepatitis C,fatigue,yellowish skin,nausea,loss of appetite,yellowing of eyes,family history,,,,,,,,,,,
Hepatitis D,joint pain,vomiting,fatigue,yellowish skin,dark urine,nausea,loss of appetite,abdominal pain,yellowing of eyes,,,,,,,,
Hepatitis E,joint pain,vomiting,fatigue,high fever,yellowish skin,dark urine,nausea,loss of appetite,abdominal pain,yellowing of eyes,acute liver failure,unconscious,blood in vomit,,,,
Alcoholic hepatitis,vomiting,yellowish skin,abdominal pain,swelling of stomach,bloated stomach,alcohol use,swelling,,,,,,,,,,
Tuberculosis,chills,vomiting,fatigue,weight loss,cough,high fever,breathlessness,sweating,loss of appetite,mild fever,yellowing of eyes,swelled lymph nodes,malaise,phlegm,chest pain,blood in sputum,
Common Cold,continuous sneezing,chills,fatigue,cough,high fever,headache,swelled lymph nodes,malaise,phlegm,throat irritation,redness of eyes,sinus pain,runny nose,congestion,chest pain,loss of smell,muscle pain
Pneumonia,chills,fatigue,cough,high fever,breathlessness,sweating,malaise,phlegm,chest pain,fast heart rate,bloody mucus,,,,,,
Dimorphic hemmorhoids(piles),constipation,pain during bowel movements,pain in anal region,bloody stool,irritation in anus,,,,,,,,,,,,
Heart attack,vomiting,breathlessness,sweating,chest pain,,,,,,,,,,,,,
Varicose veins,fatigue,cramps,bruising,obesity,swollen legs,swollen blood vessels,veins on legs,,,,,,,,,,
Hypothyroidism,fatigue,weight gain,cold hands and feets,mood swings,lethargy,dizziness,puffy face,swollen neck,weak nails,swollen limbs,depression,irritability,irregular periods,,,,
Hyperthyroidism,fatigue,mood swings,weight loss,restlessness,sweating,diarrhoea,fast heart rate,excessive hunger,muscle weakness,irritability,irregular periods,,,,,,
Hypoglycemia,vomiting,fatigue,anxiety,sweating,headache,nausea,blurry vision,excessive hunger,tingling lips,slurring,irritability,fast heart beat,,,,,
Osteoarthristis,joint pain,neck pain,knee pain,hip joint pain,swelling joints,painful walking,,,,,,,,,,,
Arthritis,muscle weakness,stiff neck,swelling joints,movement stiffness,painful walking,,,,,,,,,,,,
(vertigo) Paroymsal  Positional Vertigo,vomiting,headache,nausea,spinning movements,loss of balance,unsteadiness,,,,,,,,,,,
Acne,skin rash,pus filled pimples,blackheads,scurring,,,,,,,,,,,,,
Urinary tract infection,burning pee,bladder discomfort,foul smell of urine,need to pee,,,,,,,,,,,,,
Psoriasis,skin rash,joint pain,skin peeling,silver like dusting,small dents in nails,inflammatory nails,,,,,,,,,,,
Impetigo,skin rash,high fever,blister,red sore around nose,yellow crust ooze,,,,,,,,,,,,
Fungal infection,itching,skin rash,skin bumps,discolored skin patches,,,,,,,,,,,,,
Allergy,continuous sneezing,shivering,chills,watery eyes,,,,,,,,,,,,,
GERD,stomach pain,acidity,ulcers on tongue,vomiting,cough,chest pain,,,,,,,,,,,
Chronic cholestasis,itching,vomiting,yellowish skin,nausea,loss of appetite,abdominal pain,yellowing of eyes,,,,,,,,,,
Drug Reaction,itching,skin rash,stomach pain,burning pee,spotting urine,,,,,,,,,,,,
Peptic ulcer diseae,vomiting,indigestion,loss of appetite,abdominal pain,farting,itching inside,,,,,,,,,,,
AIDS,muscle wasting,patches in throat,high fever,extra marital contacts,,,,,,,,,,,,,
Diabetes ,fatigue,weight loss,restlessness,lethargy,irregular sugar level,blurry vision,obesity,excessive hunger,increased appetite,peeing a lot,,,,,,,
Gastroenteritis,vomiting,sunken eyes,dehydration,diarrhoea,,,,,,,,,,,,,
Bronchial Asthma,fatigue,cough,high fever,breathlessness,family history,mucus,,,,,,,,,,,
Hypertension ,headache,chest pain,dizziness,loss of balance,lack of concentration,,,,,,,,,,,,
Migraine,acidity,indigestion,headache,blurry vision,excessive hunger,stiff neck,depression,irritability,visual disturbances,,,,,,,,
Cervical spondylosis,back pain,weakness in limbs,neck pain,dizziness,loss of balance,,,,,,,,,,,,
Paralysis (brain hemorrhage),vomiting,headache,weakness of one body side,confusion,,,,,,,,,,,,,
Jaundice,itching,vomiting,fatigue,weight loss,high fever,yellowish skin,dark urine,abdominal pain,,,,,,,,,
Malaria,chills,vomiting,high fever,sweating,headache,nausea,diarrhoea,muscle pain,,,,,,,,,
Chicken pox,itching,skin rash,fatigue,lethargy,high fever,headache,loss of appetite,mild fever,swelled lymph nodes,malaise,red spots over body,,,,,,
Dengue,skin rash,chills,joint pain,vomiting,fatigue,high fever,headache,nausea,loss of appetite,pain behind the eyes,back pain,malaise,muscle pain,red spots over body,,,
Typhoid,chills,vomiting,fatigue,high fever,headache,nausea,constipation,abdominal pain,diarrhoea,sickly look,belly pain,,,,,,
hepatitis A,joint pain,vomiting,yellowish skin,dark urine,nausea,loss of appetite,abdominal pain,diarrhoea,mild fever,yellowing of eyes,muscle pain,,,,,,
Hepatitis B,itching,fatigue,lethargy,yellowish skin,dark urine,loss of appetite,abdominal pain,yellow urine,yellowing of eyes,malaise,blood transfusion,injections,,,,,
Hepatitis C,fatigue,yellowish skin,nausea,loss of appetite,yellowing of eyes,family history,,,,,,,,,,,
Hepatitis D,joint pain,vomiting,fatigue,yellowish skin,dark urine,nausea,loss of appetite,abdominal pain,yellowing of eyes,,,,,,,,
Hepatitis E,joint pain,vomiting,fatigue,high fever,yellowish skin,dark urine,nausea,loss of appetite,abdominal pain,yellowing of eyes,acute liver failure,unconscious,blood in vomit,,,,
Alcoholic hepatitis,vomiting,yellowish skin,abdominal pain,swelling of stomach,bloated stomach,alcohol use,swelling,,,,,,,,,,
Tuberculosis,chills,vomiting,fatigue,weight loss,cough,high fever,breathlessness,sweating,loss of appetite,mild fever,yellowing of eyes,swelled lymph nodes,malaise,phlegm,chest pain,blood in sputum,
Common Cold,continuous sneezing,chills,fatigue,cough,high fever,headache,swelled lymph nodes,malaise,phlegm,throat irritation,redness of eyes,sinus pain,runny nose,congestion,chest pain,loss of smell,muscle pain
Pneumonia,chills,fatigue,cough,high fever,breathlessness,sweating,malaise,phlegm,chest pain,fast heart rate,bloody mucus,,,,,,
Dimorphic hemmorhoids(piles),constipation,pain during bowel movements,pain in anal region,bloody stool,irritation in anus,,,,,,,,,,,,
Heart attack,vomiting,breathlessness,sweating,chest pain,,,,,,,,,,,,,
Varicose veins,fatigue,cramps,bruising,obesity,swollen legs,swollen blood vessels,veins on legs,,,,,,,,,,
Hypothyroidism,fatigue,weight gain,cold hands and feets,mood swings,lethargy,dizziness,puffy face,swollen neck,weak nails,swollen limbs,depression,irritability,irregular periods,,,,
Hyperthyroidism,fatigue,mood swings,weight loss,restlessness,sweating,diarrhoea,fast heart rate,excessive hunger,muscle weakness,irritability,irregular periods,,,,,,
Hypoglycemia,vomiting,fatigue,anxiety,sweating,headache,nausea,blurry vision,excessive hunger,tingling lips,slurring,irritability,fast heart beat,,,,,
Osteoarthristis,joint pain,neck pain,knee pain,hip joint pain,swelling joints,painful walking,,,,,,,,,,,
Arthritis,muscle weakness,stiff neck,swelling joints,movement stiffness,painful walking,,,,,,,,,,,,
(vertigo) Paroymsal  Positional Vertigo,vomiting,headache,nausea,spinning movements,loss of balance,unsteadiness,,,,,,,,,,,
Acne,skin rash,pus filled pimples,blackheads,scurring,,,,,,,,,,,,,
Urinary tract infection,burning pee,bladder discomfort,foul smell of urine,need to pee,,,,,,,,,,,,,
Psoriasis,skin rash,joint pain,skin peeling,silver like dusting,small dents in nails,inflammatory nails,,,,,,,,,,,
Impetigo,skin rash,high fever,blister,red sore around nose,yellow crust ooze,,,,,,,,,,,,
Fungal infection,itching,skin rash,skin bumps,discolored skin patches,,,,,,,,,,,,,
Allergy,continuous sneezing,shivering,chills,watery eyes,,,,,,,,,,,,,
GERD,stomach pain,acidity,ulcers on tongue,vomiting,cough,chest pain,,,,,,,,,,,
Chronic cholestasis,itching,vomiting,yellowish skin,nausea,loss of appetite,abdominal pain,yellowing of eyes,,,,,,,,,,
Drug Reaction,itching,skin rash,stomach pain,burning pee,spotting urine,,,,,,,,,,,,
Peptic ulcer diseae,vomiting,indigestion,loss of appetite,abdominal pain,farting,itching inside,,,,,,,,,,,
AIDS,muscle wasting,patches in throat,high fever,extra marital contacts,,,,,,,,,,,,,
Diabetes ,fatigue,weight loss,restlessness,lethargy,irregular sugar level,blurry vision,obesity,excessive hunger,increased appetite,peeing a lot,,,,,,,
Gastroenteritis,vomiting,sunken eyes,dehydration,diarrhoea,,,,,,,,,,,,,
Bronchial Asthma,fatigue,cough,high fever,breathlessness,family history,mucus,,,,,,,,,,,
Hypertension ,headache,chest pain,dizziness,loss of balance,lack of concentration,,,,,,,,,,,,
Migraine,acidity,indigestion,headache,blurry vision,excessive hunger,stiff neck,depression,irritability,visual disturbances,,,,,,,,
Cervical spondylosis,back pain,weakness in limbs,neck pain,dizziness,loss of balance,,,,,,,,,,,,
Paralysis (brain hemorrhage),vomiting,headache,weakness of one body side,confusion,,,,,,,,,,,,,
Jaundice,itching,vomiting,fatigue,weight loss,high fever,yellowish skin,dark urine,abdominal pain,,,,,,,,,
Malaria,chills,vomiting,high fever,sweating,headache,nausea,diarrhoea,muscle pain,,,,,,,,,
Chicken pox,itching,skin rash,fatigue,lethargy,high fever,headache,loss of appetite,mild fever,swelled lymph nodes,malaise,red spots over body,,,,,,
Dengue,skin rash,chills,joint pain,vomiting,fatigue,high fever,headache,nausea,loss of appetite,pain behind the eyes,back pain,malaise,muscle pain,red spots over body,,,
Typhoid,chills,vomiting,fatigue,high fever,headache,nausea,constipation,abdominal pain,diarrhoea,sickly look,belly pain,,,,,,
hepatitis A,joint pain,vomiting,yellowish skin,dark urine,nausea,loss of appetite,abdominal pain,diarrhoea,mild fever,yellowing of eyes,muscle pain,,,,,,
Hepatitis B,itching,fatigue,lethargy,yellowish skin,dark urine,loss of appetite,abdominal pain,yellow urine,yellowing of eyes,malaise,blood transfusion,injections,,,,,
Hepatitis C,fatigue,yellowish skin,nausea,loss of appetite,yellowing of eyes,family history,,,,,,,,,,,
Hepatitis D,joint pain,vomiting,fatigue,yellowish skin,dark urine,nausea,loss of appetite,abdominal pain,yellowing of eyes,,,,,,,,
Hepatitis E,joint pain,vomiting,fatigue,high fever,yellowish skin,dark urine,nausea,loss of appetite,abdominal pain,yellowing of eyes,acute liver failure,unconscious,blood in vomit,,,,
Alcoholic hepatitis,vomiting,yellowish skin,abdominal pain,swelling of stomach,bloated stomach,alcohol use,swelling,,,,,,,,,,
Tuberculosis,chills,vomiting,fatigue,weight loss,cough,high fever,breathlessness,sweating,loss of appetite,mild fever,yellowing of eyes,swelled lymph nodes,malaise,phlegm,chest pain,blood in sputum,
Common Cold,continuous sneezing,chills,fatigue,cough,high fever,headache,swelled lymph nodes,malaise,phlegm,throat irritation,redness of eyes,sinus pain,runny nose,congestion,chest pain,loss of smell,muscle pain
Pneumonia,chills,fatigue,cough,high fever,breathlessness,sweating,malaise,phlegm,chest pain,fast heart rate,bloody mucus,,,,,,
Dimorphic hemmorhoids(piles),constipation,pain during bowel movements,pain in anal region,bloody stool,irritation in anus,,,,,,,,,,,,
Heart attack,vomiting,breathlessness,sweating,chest pain,,,,,,,,,,,,,
Varicose veins,fatigue,cramps,bruising,obesity,swollen legs,swollen blood vessels,veins on legs,,,,,,,,,,
Hypothyroidism,fatigue,weight gain,cold hands and feets,mood swings,lethargy,dizziness,puffy face,swollen neck,weak nails,swollen limbs,depression,irritability,irregular periods,,,,
Hyperthyroidism,fatigue,mood swings,weight loss,restlessness,sweating,diarrhoea,fast heart rate,excessive hunger,muscle weakness,irritability,irregular periods,,,,,,
Hypoglycemia,vomiting,fatigue,anxiety,sweating,headache,nausea,blurry vision,excessive hunger,tingling lips,slurring,irritability,fast heart beat,,,,,
Osteoarthristis,joint pain,neck pain,knee pain,hip joint pain,swelling joints,painful walking,,,,,,,,,,,
Arthritis,muscle weakness,stiff neck,swelling joints,movement stiffness,painful walking,,,,,,,,,,,,
(vertigo) Paroymsal  Positional Vertigo,vomiting,headache,nausea,spinning movements,loss of balance,unsteadiness,,,,,,,,,,,
Acne,skin rash,pus filled pimples,blackheads,scurring,,,,,,,,,,,,,
Urinary tract infection,burning pee,bladder discomfort,foul smell of urine,need to pee,,,,,,,,,,,,,
Psoriasis,skin rash,joint pain,skin peeling,silver like dusting,small dents in nails,inflammatory nails,,,,,,,,,,,
Impetigo,skin rash,high fever,blister,red sore around nose,yellow crust ooze,,,,,,,,,,,,
Fungal infection,itching,skin rash,skin bumps,discolored skin patches,,,,,,,,,,,,,
Allergy,continuous sneezing,shivering,chills,watery eyes,,,,,,,,,,,,,
GERD,stomach pain,acidity,ulcers on tongue,vomiting,cough,chest pain,,,,,,,,,,,
Chronic cholestasis,itching,vomiting,yellowish skin,nausea,loss of appetite,abdominal pain,yellowing of eyes,,,,,,,,,,
Drug Reaction,itching,skin rash,stomach pain,burning pee,spotting urine,,,,,,,,,,,,
Peptic ulcer diseae,vomiting,indigestion,loss of appetite,abdominal pain,farting,itching inside,,,,,,,,,,,
AIDS,muscle wasting,patches in throat,high fever,extra marital contacts,,,,,,,,,,,,,
Diabetes ,fatigue,weight loss,restlessness,lethargy,irregular sugar level,blurry vision,obesity,excessive hunger,increased appetite,peeing a lot,,,,,,,
Gastroenteritis,vomiting,sunken eyes,dehydration,diarrhoea,,,,,,,,,,,,,
Bronchial Asthma,fatigue,cough,high fever,breathlessness,family history,mucus,,,,,,,,,,,
Hypertension ,headache,chest pain,dizziness,loss of balance,lack of concentration,,,,,,,,,,,,
Migraine,acidity,indigestion,headache,blurry vision,excessive hunger,stiff neck,depression,irritability,visual disturbances,,,,,,,,
Cervical spondylosis,back pain,weakness in limbs,neck pain,dizziness,loss of balance,,,,,,,,,,,,
Paralysis (brain hemorrhage),vomiting,headache,weakness of one body side,confusion,,,,,,,,,,,,,
Jaundice,itching,vomiting,fatigue,weight loss,high fever,yellowish skin,dark urine,abdominal pain,,,,,,,,,
Malaria,chills,vomiting,high fever,sweating,headache,nausea,diarrhoea,muscle pain,,,,,,,,,
Chicken pox,itching,skin rash,fatigue,lethargy,high fever,headache,loss of appetite,mild fever,swelled lymph nodes,malaise,red spots over body,,,,,,
Dengue,skin rash,chills,joint pain,vomiting,fatigue,high fever,headache,nausea,loss of appetite,pain behind the eyes,back pain,malaise,muscle pain,red spots over body,,,
Typhoid,chills,vomiting,fatigue,high fever,headache,nausea,constipation,abdominal pain,diarrhoea,sickly look,belly pain,,,,,,
hepatitis A,joint pain,vomiting,yellowish skin,dark urine,nausea,loss of appetite,abdominal pain,diarrhoea,mild fever,yellowing of eyes,muscle pain,,,,,,
Hepatitis B,itching,fatigue,lethargy,yellowish skin,dark urine,loss of appetite,abdominal pain,yellow urine,yellowing of eyes,malaise,blood transfusion,injections,,,,,
Hepatitis C,fatigue,yellowish skin,nausea,loss of appetite,yellowing of eyes,family history,,,,,,,,,,,
Hepatitis D,joint pain,vomiting,fatigue,yellowish skin,dark urine,nausea,loss of appetite,abdominal pain,yellowing of eyes,,,,,,,,
Hepatitis E,joint pain,vomiting,fatigue,high fever,yellowish skin,dark urine,nausea,loss of appetite,abdominal pain,yellowing of eyes,acute liver failure,unconscious,blood in vomit,,,,
Alcoholic hepatitis,vomiting,yellowish skin,abdominal pain,swelling of stomach,bloated stomach,alcohol use,swelling,,,,,,,,,,
Tuberculosis,chills,vomiting,fatigue,weight loss,cough,high fever,breathlessness,sweating,loss of appetite,mild fever,yellowing of eyes,swelled lymph nodes,malaise,phlegm,chest pain,blood in sputum,
Common Cold,continuous sneezing,chills,fatigue,cough,high fever,headache,swelled lymph nodes,malaise,phlegm,throat irritation,redness of eyes,sinus pain,runny nose,congestion,chest pain,loss of smell,muscle pain
Pneumonia,chills,fatigue,cough,high fever,breathlessness,sweating,malaise,phlegm,chest pain,fast heart rate,bloody mucus,,,,,,
Dimorphic hemmorhoids(piles),constipation,pain during bowel movements,pain in anal region,bloody stool,irritation in anus,,,,,,,,,,,,
Heart attack,vomiting,breathlessness,sweating,chest pain,,,,,,,,,,,,,
Varicose veins,fatigue,cramps,bruising,obesity,swollen legs,swollen blood vessels,veins on legs,,,,,,,,,,
Hypothyroidism,fatigue,weight gain,cold hands and feets,mood swings,lethargy,dizziness,puffy face,swollen neck,weak nails,swollen limbs,depression,irritability,irregular periods,,,,
Hyperthyroidism,fatigue,mood swings,weight loss,restlessness,sweating,diarrhoea,fast heart rate,excessive hunger,muscle weakness,irritability,irregular periods,,,,,,
Hypoglycemia,vomiting,fatigue,anxiety,sweating,headache,nausea,blurry vision,excessive hunger,tingling lips,slurring,irritability,fast heart beat,,,,,
Osteoarthristis,joint pain,neck pain,knee pain,hip joint pain,swelling joints,painful walking,,,,,,,,,,,
Arthritis,muscle weakness,stiff neck,swelling joints,movement stiffness,painful walking,,,,,,,,,,,,
(vertigo) Paroymsal  Positional Vertigo,vomiting,headache,nausea,spinning movements,loss of balance,unsteadiness,,,,,,,,,,,
Acne,skin rash,pus filled pimples,blackheads,scurring,,,,,,,,,,,,,
Urinary tract infection,burning pee,bladder discomfort,foul smell of urine,need to pee,,,,,,,,,,,,,
Psoriasis,skin rash,joint pain,skin peeling,silver like dusting,small dents in nails,inflammatory nails,,,,,,,,,,,
Impetigo,skin rash,high fever,blister,red sore around nose,yellow crust ooze,,,,,,,,,,,,
Fungal infection,itching,skin rash,skin bumps,discolored skin patches,,,,,,,,,,,,,
Allergy,continuous sneezing,shivering,chills,watery eyes,,,,,,,,,,,,,
GERD,stomach pain,acidity,ulcers on tongue,vomiting,cough,chest pain,,,,,,,,,,,
Chronic cholestasis,itching,vomiting,yellowish skin,nausea,loss of appetite,abdominal pain,yellowing of eyes,,,,,,,,,,
Drug Reaction,itching,skin rash,stomach pain,burning pee,spotting urine,,,,,,,,,,,,
Peptic ulcer diseae,vomiting,indigestion,loss of appetite,abdominal pain,farting,itching inside,,,,,,,,,,,
AIDS,muscle wasting,patches in throat,high fever,extra marital contacts,,,,,,,,,,,,,
Diabetes ,fatigue,weight loss,restlessness,lethargy,irregular sugar level,blurry vision,obesity,excessive hunger,increased appetite,peeing a lot,,,,,,,
Gastroenteritis,vomiting,sunken eyes,dehydration,diarrhoea,,,,,,,,,,,,,
Bronchial Asthma,fatigue,cough,high fever,breathlessness,family history,mucus,,,,,,,,,,,
Hypertension ,headache,chest pain,dizziness,loss of balance,lack of concentration,,,,,,,,,,,,
Migraine,acidity,indigestion,headache,blurry vision,excessive hunger,stiff neck,depression,irritability,visual disturbances,,,,,,,,
Cervical spondylosis,back pain,weakness in limbs,neck pain,dizziness,loss of balance,,,,,,,,,,,,
Paralysis (brain hemorrhage),vomiting,headache,weakness of one body side,confusion,,,,,,,,,,,,,
Jaundice,itching,vomiting,fatigue,weight loss,high fever,yellowish skin,dark urine,abdominal pain,,,,,,,,,
Malaria,chills,vomiting,high fever,sweating,headache,nausea,diarrhoea,muscle pain,,,,,,,,,
Chicken pox,itching,skin rash,fatigue,lethargy,high fever,headache,loss of appetite,mild fever,swelled lymph nodes,malaise,red spots over body,,,,,,
Dengue,skin rash,chills,joint pain,vomiting,fatigue,high fever,headache,nausea,loss of appetite,pain behind the eyes,back pain,malaise,muscle pain,red spots over body,,,
Typhoid,chills,vomiting,fatigue,high fever,headache,nausea,constipation,abdominal pain,diarrhoea,sickly look,belly pain,,,,,,
hepatitis A,joint pain,vomiting,yellowish skin,dark urine,nausea,loss of appetite,abdominal pain,diarrhoea,mild fever,yellowing of eyes,muscle pain,,,,,,
Hepatitis B,itching,fatigue,lethargy,yellowish skin,dark urine,loss of appetite,abdominal pain,yellow urine,yellowing of eyes,malaise,blood transfusion,injections,,,,,
Hepatitis C,fatigue,yellowish skin,nausea,loss of appetite,yellowing of eyes,family history,,,,,,,,,,,
Hepatitis D,joint pain,vomiting,fatigue,yellowish skin,dark urine,nausea,loss of appetite,abdominal pain,yellowing of eyes,,,,,,,,
Hepatitis E,joint pain,vomiting,fatigue,high fever,yellowish skin,dark urine,nausea,loss of appetite,abdominal pain,yellowing of eyes,acute liver failure,unconscious,blood in vomit,,,,
Alcoholic hepatitis,vomiting,yellowish skin,abdominal pain,swelling of stomach,bloated stomach,alcohol use,swelling,,,,,,,,,,
Tuberculosis,chills,vomiting,fatigue,weight loss,cough,high fever,breathlessness,sweating,loss of appetite,mild fever,yellowing of eyes,swelled lymph nodes,malaise,phlegm,chest pain,blood in sputum,
Common Cold,continuous sneezing,chills,fatigue,cough,high fever,headache,swelled lymph nodes,malaise,phlegm,throat irritation,redness of eyes,sinus pain,runny nose,congestion,chest pain,loss of smell,muscle pain
Pneumonia,chills,fatigue,cough,high fever,breathlessness,sweating,malaise,phlegm,chest pain,fast heart rate,bloody mucus,,,,,,
Dimorphic hemmorhoids(piles),constipation,pain during bowel movements,pain in anal region,bloody stool,irritation in anus,,,,,,,,,,,,
Heart attack,vomiting,breathlessness,sweating,chest pain,,,,,,,,,,,,,
Varicose veins,fatigue,cramps,bruising,obesity,swollen legs,swollen blood vessels,veins on legs,,,,,,,,,,
Hypothyroidism,fatigue,weight gain,cold hands and feets,mood swings,lethargy,dizziness,puffy face,swollen neck,weak nails,swollen limbs,depression,irritability,irregular periods,,,,
Hyperthyroidism,fatigue,mood swings,weight loss,restlessness,sweating,diarrhoea,fast heart rate,excessive hunger,muscle weakness,irritability,irregular periods,,,,,,
Hypoglycemia,vomiting,fatigue,anxiety,sweating,headache,nausea,blurry vision,excessive hunger,tingling lips,slurring,irritability,fast heart beat,,,,,
Osteoarthristis,joint pain,neck pain,knee pain,hip joint pain,swelling joints,painful walking,,,,,,,,,,,
Arthritis,muscle weakness,stiff neck,swelling joints,movement stiffness,painful walking,,,,,,,,,,,,
(vertigo) Paroymsal  Positional Vertigo,vomiting,headache,nausea,spinning movements,loss of balance,unsteadiness,,,,,,,,,,,
Acne,skin rash,pus filled pimples,blackheads,scurring,,,,,,,,,,,,,
Urinary tract infection,burning pee,bladder discomfort,foul smell of urine,need to pee,,,,,,,,,,,,,
Psoriasis,skin rash,joint pain,skin peeling,silver like dusting,small dents in nails,inflammatory nails,,,,,,,,,,,
Impetigo,skin rash,high fever,blister,red sore around nose,yellow crust ooze,,,,,,,,,,,,
Fungal infection,itching,skin rash,skin bumps,discolored skin patches,,,,,,,,,,,,,
Allergy,continuous sneezing,shivering,chills,watery eyes,,,,,,,,,,,,,
GERD,stomach pain,acidity,ulcers on tongue,vomiting,cough,chest pain,,,,,,,,,,,
Chronic cholestasis,itching,vomiting,yellowish skin,nausea,loss of appetite,abdominal pain,yellowing of eyes,,,,,,,,,,
Drug Reaction,itching,skin rash,stomach pain,burning pee,spotting urine,,,,,,,,,,,,
Peptic ulcer diseae,vomiting,indigestion,loss of appetite,abdominal pain,farting,itching inside,,,,,,,,,,,
AIDS,muscle wasting,patches in throat,high fever,extra marital contacts,,,,,,,,,,,,,
Diabetes ,fatigue,weight loss,restlessness,lethargy,irregular sugar level,blurry vision,obesity,excessive hunger,increased appetite,peeing a lot,,,,,,,
Gastroenteritis,vomiting,sunken eyes,dehydration,diarrhoea,,,,,,,,,,,,,
Bronchial Asthma,fatigue,cough,high fever,breathlessness,family history,mucus,,,,,,,,,,,
Hypertension ,headache,chest pain,dizziness,loss of balance,lack of concentration,,,,,,,,,,,,
Migraine,acidity,indigestion,headache,blurry vision,excessive hunger,stiff neck,depression,irritability,visual disturbances,,,,,,,,
Cervical spondylosis,back pain,weakness in limbs,neck pain,dizziness,loss of balance,,,,,,,,,,,,
Paralysis (brain hemorrhage),vomiting,headache,weakness of one body side,confusion,,,,,,,,,,,,,
Jaundice,itching,vomiting,fatigue,weight loss,high fever,yellowish skin,dark urine,abdominal pain,,,,,,,,,
Malaria,chills,vomiting,high fever,sweating,headache,nausea,diarrhoea,muscle pain,,,,,,,,,
Chicken pox,itching,skin rash,fatigue,lethargy,high fever,headache,loss of appetite,mild fever,swelled lymph nodes,malaise,red spots over body,,,,,,
Dengue,skin rash,chills,joint pain,vomiting,fatigue,high fever,headache,nausea,loss of appetite,pain behind the eyes,back pain,malaise,muscle pain,red spots over body,,,
Typhoid,chills,vomiting,fatigue,high fever,headache,nausea,constipation,abdominal pain,diarrhoea,sickly look,belly pain,,,,,,
hepatitis A,joint pain,vomiting,yellowish skin,dark urine,nausea,loss of appetite,abdominal pain,diarrhoea,mild fever,yellowing of eyes,muscle pain,,,,,,
Hepatitis B,itching,fatigue,lethargy,yellowish skin,dark urine,loss of appetite,abdominal pain,yellow urine,yellowing of eyes,malaise,blood transfusion,injections,,,,,
Hepatitis C,fatigue,yellowish skin,nausea,loss of appetite,yellowing of eyes,family history,,,,,,,,,,,
Hepatitis D,joint pain,vomiting,fatigue,yellowish skin,dark urine,nausea,loss of appetite,abdominal pain,yellowing of eyes,,,,,,,,
Hepatitis E,joint pain,vomiting,fatigue,high fever,yellowish skin,dark urine,nausea,loss of appetite,abdominal pain,yellowing of eyes,acute liver failure,unconscious,blood in vomit,,,,
Alcoholic hepatitis,vomiting,yellowish skin,abdominal pain,swelling of stomach,bloated stomach,alcohol use,swelling,,,,,,,,,,
Tuberculosis,chills,vomiting,fatigue,weight loss,cough,high fever,breathlessness,sweating,loss of appetite,mild fever,yellowing of eyes,swelled lymph nodes,malaise,phlegm,chest pain,blood in sputum,
Common Cold,continuous sneezing,chills,fatigue,cough,high fever,headache,swelled lymph nodes,malaise,phlegm,throat irritation,redness of eyes,sinus pain,runny nose,congestion,chest pain,loss of smell,muscle pain
Pneumonia,chills,fatigue,cough,high fever,breathlessness,sweating,malaise,phlegm,chest pain,fast heart rate,bloody mucus,,,,,,
Dimorphic hemmorhoids(piles),constipation,pain during bowel movements,pain in anal region,bloody stool,irritation in anus,,,,,,,,,,,,
Heart attack,vomiting,breathlessness,sweating,chest pain,,,,,,,,,,,,,
Varicose veins,fatigue,cramps,bruising,obesity,swollen legs,swollen blood vessels,veins on legs,,,,,,,,,,
Hypothyroidism,fatigue,weight gain,cold hands and feets,mood swings,lethargy,dizziness,puffy face,swollen neck,weak nails,swollen limbs,depression,irritability,irregular periods,,,,
Hyperthyroidism,fatigue,mood swings,weight loss,restlessness,sweating,diarrhoea,fast heart rate,excessive hunger,muscle weakness,irritability,irregular periods,,,,,,
Hypoglycemia,vomiting,fatigue,anxiety,sweating,headache,nausea,blurry vision,excessive hunger,tingling lips,slurring,irritability,fast heart beat,,,,,
Osteoarthristis,joint pain,neck pain,knee pain,hip joint pain,swelling joints,painful walking,,,,,,,,,,,
Arthritis,muscle weakness,stiff neck,swelling joints,movement stiffness,painful walking,,,,,,,,,,,,
(vertigo) Paroymsal  Positional Vertigo,vomiting,headache,nausea,spinning movements,loss of balance,unsteadiness,,,,,,,,,,,
Acne,skin rash,pus filled pimples,blackheads,scurring,,,,,,,,,,,,,
Urinary tract infection,burning pee,bladder discomfort,foul smell of urine,need to pee,,,,,,,,,,,,,
Psoriasis,skin rash,joint pain,skin peeling,silver like dusting,small dents in nails,inflammatory nails,,,,,,,,,,,
Impetigo,skin rash,high fever,blister,red sore around nose,yellow crust ooze,,,,,,,,,,,,
Fungal infection,itching,skin rash,skin bumps,discolored skin patches,,,,,,,,,,,,,
Allergy,continuous sneezing,shivering,chills,watery eyes,,,,,,,,,,,,,
GERD,stomach pain,acidity,ulcers on tongue,vomiting,cough,chest pain,,,,,,,,,,,
Chronic cholestasis,itching,vomiting,yellowish skin,nausea,loss of appetite,abdominal pain,yellowing of eyes,,,,,,,,,,
Drug Reaction,itching,skin rash,stomach pain,burning pee,spotting urine,,,,,,,,,,,,
Peptic ulcer diseae,vomiting,indigestion,loss of appetite,abdominal pain,farting,itching inside,,,,,,,,,,,
AIDS,muscle wasting,patches in throat,high fever,extra marital contacts,,,,,,,,,,,,,
Diabetes ,fatigue,weight loss,restlessness,lethargy,irregular sugar level,blurry vision,obesity,excessive hunger,increased appetite,peeing a lot,,,,,,,
Gastroenteritis,vomiting,sunken eyes,dehydration,diarrhoea,,,,,,,,,,,,,
Bronchial Asthma,fatigue,cough,high fever,breathlessness,family history,mucus,,,,,,,,,,,
Hypertension ,headache,chest pain,dizziness,loss of balance,lack of concentration,,,,,,,,,,,,
Migraine,acidity,indigestion,headache,blurry vision,excessive hunger,stiff neck,depression,irritability,visual disturbances,,,,,,,,
Cervical spondylosis,back pain,weakness in limbs,neck pain,dizziness,loss of balance,,,,,,,,,,,,
Paralysis (brain hemorrhage),vomiting,headache,weakness of one body side,confusion,,,,,,,,,,,,,
Jaundice,itching,vomiting,fatigue,weight loss,high fever,yellowish skin,dark urine,abdominal pain,,,,,,,,,
Malaria,chills,vomiting,high fever,sweating,headache,nausea,diarrhoea,muscle pain,,,,,,,,,
Chicken pox,itching,skin rash,fatigue,lethargy,high fever,headache,loss of appetite,mild fever,swelled lymph nodes,malaise,red spots over body,,,,,,
Dengue,skin rash,chills,joint pain,vomiting,fatigue,high fever,headache,nausea,loss of appetite,pain behind the eyes,back pain,malaise,muscle pain,red spots over body,,,
Typhoid,chills,vomiting,fatigue,high fever,headache,nausea,constipation,abdominal pain,diarrhoea,sickly look,belly pain,,,,,,
hepatitis A,joint pain,vomiting,yellowish skin,dark urine,nausea,loss of appetite,abdominal pain,diarrhoea,mild fever,yellowing of eyes,muscle pain,,,,,,
Hepatitis B,itching,fatigue,lethargy,yellowish skin,dark urine,loss of appetite,abdominal pain,yellow urine,yellowing of eyes,malaise,blood transfusion,injections,,,,,
Hepatitis C,fatigue,yellowish skin,nausea,loss of appetite,yellowing of eyes,family history,,,,,,,,,,,
Hepatitis D,joint pain,vomiting,fatigue,yellowish skin,dark urine,nausea,loss of appetite,abdominal pain,yellowing of eyes,,,,,,,,
Hepatitis E,joint pain,vomiting,fatigue,high fever,yellowish skin,dark urine,nausea,loss of appetite,abdominal pain,yellowing of eyes,acute liver failure,unconscious,blood in vomit,,,,
Alcoholic hepatitis,vomiting,yellowish skin,abdominal pain,swelling of stomach,bloated stomach,alcohol use,swelling,,,,,,,,,,
Tuberculosis,chills,vomiting,fatigue,weight loss,cough,high fever,breathlessness,sweating,loss of appetite,mild fever,yellowing of eyes,swelled lymph nodes,malaise,phlegm,chest pain,blood in sputum,
Common Cold,continuous sneezing,chills,fatigue,cough,high fever,headache,swelled lymph nodes,malaise,phlegm,throat irritation,redness of eyes,sinus pain,runny nose,congestion,chest pain,loss of smell,muscle pain
Pneumonia,chills,fatigue,cough,high fever,breathlessness,sweating,malaise,phlegm,chest pain,fast heart rate,bloody mucus,,,,,,
Dimorphic hemmorhoids(piles),constipation,pain during bowel movements,pain in anal region,bloody stool,irritation in anus,,,,,,,,,,,,
Heart attack,vomiting,breathlessness,sweating,chest pain,,,,,,,,,,,,,
Varicose veins,fatigue,cramps,bruising,obesity,swollen legs,swollen blood vessels,veins on legs,,,,,,,,,,
Hypothyroidism,fatigue,weight gain,cold hands and feets,mood swings,lethargy,dizziness,puffy face,swollen neck,weak nails,swollen limbs,depression,irritability,irregular periods,,,,
Hyperthyroidism,fatigue,mood swings,weight loss,restlessness,sweating,diarrhoea,fast heart rate,excessive hunger,muscle weakness,irritability,irregular periods,,,,,,
Hypoglycemia,vomiting,fatigue,anxiety,sweating,headache,nausea,blurry vision,excessive hunger,tingling lips,slurring,irritability,fast heart beat,,,,,
Osteoarthristis,joint pain,neck pain,knee pain,hip joint pain,swelling joints,painful walking,,,,,,,,,,,
Arthritis,muscle weakness,stiff neck,swelling joints,movement stiffness,painful walking,,,,,,,,,,,,
(vertigo) Paroymsal  Positional Vertigo,vomiting,headache,nausea,spinning movements,loss of balance,unsteadiness,,,,,,,,,,,
Acne,skin rash,pus filled pimples,blackheads,scurring,,,,,,,,,,,,,
Urinary tract infection,burning pee,bladder discomfort,foul smell of urine,need to pee,,,,,,,,,,,,,
Psoriasis,skin rash,joint pain,skin peeling,silver like dusting,small dents in nails,inflammatory nails,,,,,,,,,,,
Impetigo,skin rash,high fever,blister,red sore around nose,yellow crust ooze,,,,,,,,,,,,
Fungal infection,itching,skin rash,skin bumps,discolored skin patches,,,,,,,,,,,,,
Allergy,continuous sneezing,shivering,chills,watery eyes,,,,,,,,,,,,,
GERD,stomach pain,acidity,ulcers on tongue,vomiting,cough,chest pain,,,,,,,,,,,
Chronic cholestasis,itching,vomiting,yellowish skin,nausea,loss of appetite,abdominal pain,yellowing of eyes,,,,,,,,,,
Drug Reaction,itching,skin rash,stomach pain,burning pee,spotting urine,,,,,,,,,,,,
Peptic ulcer diseae,vomiting,indigestion,loss of appetite,abdominal pain,farting,itching inside,,,,,,,,,,,
AIDS,muscle wasting,patches in throat,high fever,extra marital contacts,,,,,,,,,,,,,
Diabetes ,fatigue,weight loss,restlessness,lethargy,irregular sugar level,blurry vision,obesity,excessive hunger,increased appetite,peeing a lot,,,,,,,
Gastroenteritis,vomiting,sunken eyes,dehydration,diarrhoea,,,,,,,,,,,,,
Bronchial Asthma,fatigue,cough,high fever,breathlessness,family history,mucus,,,,,,,,,,,
Hypertension ,headache,chest pain,dizziness,loss of balance,lack of concentration,,,,,,,,,,,,
Migraine,acidity,indigestion,headache,blurry vision,excessive hunger,stiff neck,depression,irritability,visual disturbances,,,,,,,,
Cervical spondylosis,back pain,weakness in limbs,neck pain,dizziness,loss of balance,,,,,,,,,,,,
Paralysis (brain hemorrhage),vomiting,headache,weakness of one body side,confusion,,,,,,,,,,,,,
Jaundice,itching,vomiting,fatigue,weight loss,high fever,yellowish skin,dark urine,abdominal pain,,,,,,,,,
Malaria,chills,vomiting,high fever,sweating,headache,nausea,diarrhoea,muscle pain,,,,,,,,,
Chicken pox,itching,skin rash,fatigue,lethargy,high fever,headache,loss of appetite,mild fever,swelled lymph nodes,malaise,red spots over body,,,,,,
Dengue,skin rash,chills,joint pain,vomiting,fatigue,high fever,headache,nausea,loss of appetite,pain behind the eyes,back pain,malaise,muscle pain,red spots over body,,,
Typhoid,chills,vomiting,fatigue,high fever,headache,nausea,constipation,abdominal pain,diarrhoea,sickly look,belly pain,,,,,,
hepatitis A,joint pain,vomiting,yellowish skin,dark urine,nausea,loss of appetite,abdominal pain,diarrhoea,mild fever,yellowing of eyes,muscle pain,,,,,,
Hepatitis B,itching,fatigue,lethargy,yellowish skin,dark urine,loss of appetite,abdominal pain,yellow urine,yellowing of eyes,malaise,blood transfusion,injections,,,,,
Hepatitis C,fatigue,yellowish skin,nausea,loss of appetite,yellowing of eyes,family history,,,,,,,,,,,
Hepatitis D,joint pain,vomiting,fatigue,yellowish skin,dark urine,nausea,loss of appetite,abdominal pain,yellowing of eyes,,,,,,,,
Hepatitis E,joint pain,vomiting,fatigue,high fever,yellowish skin,dark urine,nausea,loss of appetite,abdominal pain,yellowing of eyes,acute liver failure,unconscious,blood in vomit,,,,
Alcoholic hepatitis,vomiting,yellowish skin,abdominal pain,swelling of stomach,bloated stomach,alcohol use,swelling,,,,,,,,,,
Tuberculosis,chills,vomiting,fatigue,weight loss,cough,high fever,breathlessness,sweating,loss of appetite,mild fever,yellowing of eyes,swelled lymph nodes,malaise,phlegm,chest pain,blood in sputum,
Common Cold,continuous sneezing,chills,fatigue,cough,high fever,headache,swelled lymph nodes,malaise,phlegm,throat irritation,redness of eyes,sinus pain,runny nose,congestion,chest pain,loss of smell,muscle pain
Pneumonia,chills,fatigue,cough,high fever,breathlessness,sweating,malaise,phlegm,chest pain,fast heart rate,bloody mucus,,,,,,
Dimorphic hemmorhoids(piles),constipation,pain during bowel movements,pain in anal region,bloody stool,irritation in anus,,,,,,,,,,,,
Heart attack,vomiting,breathlessness,sweating,chest pain,,,,,,,,,,,,,
Varicose veins,fatigue,cramps,bruising,obesity,swollen legs,swollen blood vessels,veins on legs,,,,,,,,,,
Hypothyroidism,fatigue,weight gain,cold hands and feets,mood swings,lethargy,dizziness,puffy face,swollen neck,weak nails,swollen limbs,depression,irritability,irregular periods,,,,
Hyperthyroidism,fatigue,mood swings,weight loss,restlessness,sweating,diarrhoea,fast heart rate,excessive hunger,muscle weakness,irritability,irregular periods,,,,,,
Hypoglycemia,vomiting,fatigue,anxiety,sweating,headache,nausea,blurry vision,excessive hunger,tingling lips,slurring,irritability,fast heart beat,,,,,
Osteoarthristis,joint pain,neck pain,knee pain,hip joint pain,swelling joints,painful walking,,,,,,,,,,,
Arthritis,muscle weakness,stiff neck,swelling joints,movement stiffness,painful walking,,,,,,,,,,,,
(vertigo) Paroymsal  Positional Vertigo,vomiting,headache,nausea,spinning movements,loss of balance,unsteadiness,,,,,,,,,,,
Acne,skin rash,pus filled pimples,blackheads,scurring,,,,,,,,,,,,,
Urinary tract infection,burning pee,bladder discomfort,foul smell of urine,need to pee,,,,,,,,,,,,,
Psoriasis,skin rash,joint pain,skin peeling,silver like dusting,small dents in nails,inflammatory nails,,,,,,,,,,,
Impetigo,skin rash,high fever,blister,red sore around nose,yellow crust ooze,,,,,,,,,,,,
Fungal infection,itching,skin rash,skin bumps,discolored skin patches,,,,,,,,,,,,,
Allergy,continuous sneezing,shivering,chills,watery eyes,,,,,,,,,,,,,
GERD,stomach pain,acidity,ulcers on tongue,vomiting,cough,chest pain,,,,,,,,,,,
Chronic cholestasis,itching,vomiting,yellowish skin,nausea,loss of appetite,abdominal pain,yellowing of eyes,,,,,,,,,,
Drug Reaction,itching,skin rash,stomach pain,burning pee,spotting urine,,,,,,,,,,,,
Peptic ulcer diseae,vomiting,indigestion,loss of appetite,abdominal pain,farting,itching inside,,,,,,,,,,,
AIDS,muscle wasting,patches in throat,high fever,extra marital contacts,,,,,,,,,,,,,
Diabetes ,fatigue,weight loss,restlessness,lethargy,irregular sugar level,blurry vision,obesity,excessive hunger,increased appetite,peeing a lot,,,,,,,
Gastroenteritis,vomiting,sunken eyes,dehydration,diarrhoea,,,,,,,,,,,,,
Bronchial Asthma,fatigue,cough,high fever,breathlessness,family history,mucus,,,,,,,,,,,
Hypertension ,headache,chest pain,dizziness,loss of balance,lack of concentration,,,,,,,,,,,,
Migraine,acidity,indigestion,headache,blurry vision,excessive hunger,stiff neck,depression,irritability,visual disturbances,,,,,,,,
Cervical spondylosis,back pain,weakness in limbs,neck pain,dizziness,loss of balance,,,,,,,,,,,,
Paralysis (brain hemorrhage),vomiting,headache,weakness of one body side,confusion,,,,,,,,,,,,,
Jaundice,itching,vomiting,fatigue,weight loss,high fever,yellowish skin,dark urine,abdominal pain,,,,,,,,,
Malaria,chills,vomiting,high fever,sweating,headache,nausea,diarrhoea,muscle pain,,,,,,,,,
Chicken pox,itching,skin rash,fatigue,lethargy,high fever,headache,loss of appetite,mild fever,swelled lymph nodes,malaise,red spots over body,,,,,,
Dengue,skin rash,chills,joint pain,vomiting,fatigue,high fever,headache,nausea,loss of appetite,pain behind the eyes,back pain,malaise,muscle pain,red spots over body,,,
Typhoid,chills,vomiting,fatigue,high fever,headache,nausea,constipation,abdominal pain,diarrhoea,sickly look,belly pain,,,,,,
hepatitis A,joint pain,vomiting,yellowish skin,dark urine,nausea,loss of appetite,abdominal pain,diarrhoea,mild fever,yellowing of eyes,muscle pain,,,,,,
Hepatitis B,itching,fatigue,lethargy,yellowish skin,dark urine,loss of appetite,abdominal pain,yellow urine,yellowing of eyes,malaise,blood transfusion,injections,,,,,
Hepatitis C,fatigue,yellowish skin,nausea,loss of appetite,yellowing of eyes,family history,,,,,,,,,,,
Hepatitis D,joint pain,vomiting,fatigue,yellowish skin,dark urine,nausea,loss of appetite,abdominal pain,yellowing of eyes,,,,,,,,
Hepatitis E,joint pain,vomiting,fatigue,high fever,yellowish skin,dark urine,nausea,loss of appetite,abdominal pain,yellowing of eyes,acute liver failure,unconscious,blood in vomit,,,,
Alcoholic hepatitis,vomiting,yellowish skin,abdominal pain,swelling of stomach,bloated stomach,alcohol use,swelling,,,,,,,,,,
Tuberculosis,chills,vomiting,fatigue,weight loss,cough,high fever,breathlessness,sweating,loss of appetite,mild fever,yellowing of eyes,swelled lymph nodes,malaise,phlegm,chest pain,blood in sputum,
Common Cold,continuous sneezing,chills,fatigue,cough,high fever,headache,swelled lymph nodes,malaise,phlegm,throat irritation,redness of eyes,sinus pain,runny nose,congestion,chest pain,loss of smell,muscle pain
Pneumonia,chills,fatigue,cough,high fever,breathlessness,sweating,malaise,phlegm,chest pain,fast heart rate,bloody mucus,,,,,,
Dimorphic hemmorhoids(piles),constipation,pain during bowel movements,pain in anal region,bloody stool,irritation in anus,,,,,,,,,,,,
Heart attack,vomiting,breathlessness,sweating,chest pain,,,,,,,,,,,,,
Varicose veins,fatigue,cramps,bruising,obesity,swollen legs,swollen blood vessels,veins on legs,,,,,,,,,,
Hypothyroidism,fatigue,weight gain,cold hands and feets,mood swings,lethargy,dizziness,puffy face,swollen neck,weak nails,swollen limbs,depression,irritability,irregular periods,,,,
Hyperthyroidism,fatigue,mood swings,weight loss,restlessness,sweating,diarrhoea,fast heart rate,excessive hunger,muscle weakness,irritability,irregular periods,,,,,,
Hypoglycemia,vomiting,fatigue,anxiety,sweating,headache,nausea,blurry vision,excessive hunger,tingling lips,slurring,irritability,fast heart beat,,,,,
Osteoarthristis,joint pain,neck pain,knee pain,hip joint pain,swelling joints,painful walking,,,,,,,,,,,
Arthritis,muscle weakness,stiff neck,swelling joints,movement stiffness,painful walking,,,,,,,,,,,,
(vertigo) Paroymsal  Positional Vertigo,vomiting,headache,nausea,spinning movements,loss of balance,unsteadiness,,,,,,,,,,,
Acne,skin rash,pus filled pimples,blackheads,scurring,,,,,,,,,,,,,
Urinary tract infection,burning pee,bladder discomfort,foul smell of urine,need to pee,,,,,,,,,,,,,
Psoriasis,skin rash,joint pain,skin peeling,silver like dusting,small dents in nails,inflammatory nails,,,,,,,,,,,
Impetigo,skin rash,high fever,blister,red sore around nose,yellow crust ooze,,,,,,,,,,,,
Fungal infection,itching,skin rash,skin bumps,discolored skin patches,,,,,,,,,,,,,
Allergy,continuous sneezing,shivering,chills,watery eyes,,,,,,,,,,,,,
GERD,stomach pain,acidity,ulcers on tongue,vomiting,cough,chest pain,,,,,,,,,,,
Chronic cholestasis,itching,vomiting,yellowish skin,nausea,loss of appetite,abdominal pain,yellowing of eyes,,,,,,,,,,
Drug Reaction,itching,skin rash,stomach pain,burning pee,spotting urine,,,,,,,,,,,,
Peptic ulcer diseae,vomiting,indigestion,loss of appetite,abdominal pain,farting,itching inside,,,,,,,,,,,
AIDS,muscle wasting,patches in throat,high fever,extra marital contacts,,,,,,,,,,,,,
Diabetes ,fatigue,weight loss,restlessness,lethargy,irregular sugar level,blurry vision,obesity,excessive hunger,increased appetite,peeing a lot,,,,,,,
Gastroenteritis,vomiting,sunken eyes,dehydration,diarrhoea,,,,,,,,,,,,,
Bronchial Asthma,fatigue,cough,high fever,breathlessness,family history,mucus,,,,,,,,,,,
Hypertension ,headache,chest pain,dizziness,loss of balance,lack of concentration,,,,,,,,,,,,
Migraine,acidity,indigestion,headache,blurry vision,excessive hunger,stiff neck,depression,irritability,visual disturbances,,,,,,,,
Cervical spondylosis,back pain,weakness in limbs,neck pain,dizziness,loss of balance,,,,,,,,,,,,
Paralysis (brain hemorrhage),vomiting,headache,weakness of one body side,confusion,,,,,,,,,,,,,
Jaundice,itching,vomiting,fatigue,weight loss,high fever,yellowish skin,dark urine,abdominal pain,,,,,,,,,
Malaria,chills,vomiting,high fever,sweating,headache,nausea,diarrhoea,muscle pain,,,,,,,,,
Chicken pox,itching,skin rash,fatigue,lethargy,high fever,headache,loss of appetite,mild fever,swelled lymph nodes,malaise,red spots over body,,,,,,
Dengue,skin rash,chills,joint pain,vomiting,fatigue,high fever,headache,nausea,loss of appetite,pain behind the eyes,back pain,malaise,muscle pain,red spots over body,,,
Typhoid,chills,vomiting,fatigue,high fever,headache,nausea,constipation,abdominal pain,diarrhoea,sickly look,belly pain,,,,,,
hepatitis A,joint pain,vomiting,yellowish skin,dark urine,nausea,loss of appetite,abdominal pain,diarrhoea,mild fever,yellowing of eyes,muscle pain,,,,,,
Hepatitis B,itching,fatigue,lethargy,yellowish skin,dark urine,loss of appetite,abdominal pain,yellow urine,yellowing of eyes,malaise,blood transfusion,injections,,,,,
Hepatitis C,fatigue,yellowish skin,nausea,loss of appetite,yellowing of eyes,family history,,,,,,,,,,,
Hepatitis D,joint pain,vomiting,fatigue,yellowish skin,dark urine,nausea,loss of appetite,abdominal pain,yellowing of eyes,,,,,,,,
Hepatitis E,joint pain,vomiting,fatigue,high fever,yellowish skin,dark urine,nausea,loss of appetite,abdominal pain,yellowing of eyes,acute liver failure,unconscious,blood in vomit,,,,
Alcoholic hepatitis,vomiting,yellowish skin,abdominal pain,swelling of stomach,bloated stomach,alcohol use,swelling,,,,,,,,,,
Tuberculosis,chills,vomiting,fatigue,weight loss,cough,high fever,breathlessness,sweating,loss of appetite,mild fever,yellowing of eyes,swelled lymph nodes,malaise,phlegm,chest pain,blood in sputum,
Common Cold,continuous sneezing,chills,fatigue,cough,high fever,headache,swelled lymph nodes,malaise,phlegm,throat irritation,redness of eyes,sinus pain,runny nose,congestion,chest pain,loss of smell,muscle pain
Pneumonia,chills,fatigue,cough,high fever,breathlessness,sweating,malaise,phlegm,chest pain,fast heart rate,bloody mucus,,,,,,
Dimorphic hemmorhoids(piles),constipation,pain during bowel movements,pain in anal region,bloody stool,irritation in anus,,,,,,,,,,,,
Heart attack,vomiting,breathlessness,sweating,chest pain,,,,,,,,,,,,,
Varicose veins,fatigue,cramps,bruising,obesity,swollen legs,swollen blood vessels,veins on legs,,,,,,,,,,
Hypothyroidism,fatigue,weight gain,cold hands and feets,mood swings,lethargy,dizziness,puffy face,swollen neck,weak nails,swollen limbs,depression,irritability,irregular periods,,,,
Hyperthyroidism,fatigue,mood swings,weight loss,restlessness,sweating,diarrhoea,fast heart rate,excessive hunger,muscle weakness,irritability,irregular periods,,,,,,
Hypoglycemia,vomiting,fatigue,anxiety,sweating,headache,nausea,blurry vision,excessive hunger,tingling lips,slurring,irritability,fast heart beat,,,,,
Osteoarthristis,joint pain,neck pain,knee pain,hip joint pain,swelling joints,painful walking,,,,,,,,,,,
Arthritis,muscle weakness,stiff neck,swelling joints,movement stiffness,painful walking,,,,,,,,,,,,
(vertigo) Paroymsal  Positional Vertigo,vomiting,headache,nausea,spinning movements,loss of balance,unsteadiness,,,,,,,,,,,
Acne,skin rash,pus filled pimples,blackheads,scurring,,,,,,,,,,,,,
Urinary tract infection,burning pee,bladder discomfort,foul smell of urine,need to pee,,,,,,,,,,,,,
Psoriasis,skin rash,joint pain,skin peeling,silver like dusting,small dents in nails,inflammatory nails,,,,,,,,,,,
Impetigo,skin rash,high fever,blister,red sore around nose,yellow crust ooze,,,,,,,,,,,,
Fungal infection,itching,skin rash,skin bumps,discolored skin patches,,,,,,,,,,,,,
Allergy,continuous sneezing,shivering,chills,watery eyes,,,,,,,,,,,,,
GERD,stomach pain,acidity,ulcers on tongue,vomiting,cough,chest pain,,,,,,,,,,,
Chronic cholestasis,itching,vomiting,yellowish skin,nausea,loss of appetite,abdominal pain,yellowing of eyes,,,,,,,,,,
Drug Reaction,itching,skin rash,stomach pain,burning pee,spotting urine,,,,,,,,,,,,
Peptic ulcer diseae,vomiting,indigestion,loss of appetite,abdominal pain,farting,itching inside,,,,,,,,,,,
AIDS,muscle wasting,patches in throat,high fever,extra marital contacts,,,,,,,,,,,,,
Diabetes ,fatigue,weight loss,restlessness,lethargy,irregular sugar level,blurry vision,obesity,excessive hunger,increased appetite,peeing a lot,,,,,,,
Gastroenteritis,vomiting,sunken eyes,dehydration,diarrhoea,,,,,,,,,,,,,
Bronchial Asthma,fatigue,cough,high fever,breathlessness,family history,mucus,,,,,,,,,,,
Hypertension ,headache,chest pain,dizziness,loss of balance,lack of concentration,,,,,,,,,,,,
Migraine,acidity,indigestion,headache,blurry vision,excessive hunger,stiff neck,depression,irritability,visual disturbances,,,,,,,,
Cervical spondylosis,back pain,weakness in limbs,neck pain,dizziness,loss of balance,,,,,,,,,,,,
Paralysis (brain hemorrhage),vomiting,headache,weakness of one body side,confusion,,,,,,,,,,,,,
Jaundice,itching,vomiting,fatigue,weight loss,high fever,yellowish skin,dark urine,abdominal pain,,,,,,,,,
Malaria,chills,vomiting,high fever,sweating,headache,nausea,diarrhoea,muscle pain,,,,,,,,,
Chicken pox,itching,skin rash,fatigue,lethargy,high fever,headache,loss of appetite,mild fever,swelled lymph nodes,malaise,red spots over body,,,,,,
Dengue,skin rash,chills,joint pain,vomiting,fatigue,high fever,headache,nausea,loss of appetite,pain behind the eyes,back pain,malaise,muscle pain,red spots over body,,,
Typhoid,chills,vomiting,fatigue,high fever,headache,nausea,constipation,abdominal pain,diarrhoea,sickly look,belly pain,,,,,,
hepatitis A,joint pain,vomiting,yellowish skin,dark urine,nausea,loss of appetite,abdominal pain,diarrhoea,mild fever,yellowing of eyes,muscle pain,,,,,,
Hepatitis B,itching,fatigue,lethargy,yellowish skin,dark urine,loss of appetite,abdominal pain,yellow urine,yellowing of eyes,malaise,blood transfusion,injections,,,,,
Hepatitis C,fatigue,yellowish skin,nausea,loss of appetite,yellowing of eyes,family history,,,,,,,,,,,
Hepatitis D,joint pain,vomiting,fatigue,yellowish skin,dark urine,nausea,loss of appetite,abdominal pain,yellowing of eyes,,,,,,,,
Hepatitis E,joint pain,vomiting,fatigue,high fever,yellowish skin,dark urine,nausea,loss of appetite,abdominal pain,yellowing of eyes,acute liver failure,unconscious,blood in vomit,,,,
Alcoholic hepatitis,vomiting,yellowish skin,abdominal pain,swelling of stomach,bloated stomach,alcohol use,swelling,,,,,,,,,,
Tuberculosis,chills,vomiting,fatigue,weight loss,cough,high fever,breathlessness,sweating,loss of appetite,mild fever,yellowing of eyes,swelled lymph nodes,malaise,phlegm,chest pain,blood in sputum,
Common Cold,continuous sneezing,chills,fatigue,cough,high fever,headache,swelled lymph nodes,malaise,phlegm,throat irritation,redness of eyes,sinus pain,runny nose,congestion,chest pain,loss of smell,muscle pain
Pneumonia,chills,fatigue,cough,high fever,breathlessness,sweating,malaise,phlegm,chest pain,fast heart rate,bloody mucus,,,,,,
Dimorphic hemmorhoids(piles),constipation,pain during bowel movements,pain in anal region,bloody stool,irritation in anus,,,,,,,,,,,,
Heart attack,vomiting,breathlessness,sweating,chest pain,,,,,,,,,,,,,
Varicose veins,fatigue,cramps,bruising,obesity,swollen legs,swollen blood vessels,veins on legs,,,,,,,,,,
Hypothyroidism,fatigue,weight gain,cold hands and feets,mood swings,lethargy,dizziness,puffy face,swollen neck,weak nails,swollen limbs,depression,irritability,irregular periods,,,,
Hyperthyroidism,fatigue,mood swings,weight loss,restlessness,sweating,diarrhoea,fast heart rate,excessive hunger,muscle weakness,irritability,irregular periods,,,,,,
Hypoglycemia,vomiting,fatigue,anxiety,sweating,headache,nausea,blurry vision,excessive hunger,tingling lips,slurring,irritability,fast heart beat,,,,,
Osteoarthristis,joint pain,neck pain,knee pain,hip joint pain,swelling joints,painful walking,,,,,,,,,,,
Arthritis,muscle weakness,stiff neck,swelling joints,movement stiffness,painful walking,,,,,,,,,,,,
(vertigo) Paroymsal  Positional Vertigo,vomiting,headache,nausea,spinning movements,loss of balance,unsteadiness,,,,,,,,,,,
Acne,skin rash,pus filled pimples,blackheads,scurring,,,,,,,,,,,,,
Urinary tract infection,burning pee,bladder discomfort,foul smell of urine,need to pee,,,,,,,,,,,,,
Psoriasis,skin rash,joint pain,skin peeling,silver like dusting,small dents in nails,inflammatory nails,,,,,,,,,,,
Impetigo,skin rash,high fever,blister,red sore around nose,yellow crust ooze,,,,,,,,,,,,
Fungal infection,itching,skin rash,skin bumps,discolored skin patches,,,,,,,,,,,,,
Allergy,continuous sneezing,shivering,chills,watery eyes,,,,,,,,,,,,,
GERD,stomach pain,acidity,ulcers on tongue,vomiting,cough,chest pain,,,,,,,,,,,
Chronic cholestasis,itching,vomiting,yellowish skin,nausea,loss of appetite,abdominal pain,yellowing of eyes,,,,,,,,,,
Drug Reaction,itching,skin rash,stomach pain,burning pee,spotting urine,,,,,,,,,,,,
Peptic ulcer diseae,vomiting,indigestion,loss of appetite,abdominal pain,farting,itching inside,,,,,,,,,,,
AIDS,muscle wasting,patches in throat,high fever,extra marital contacts,,,,,,,,,,,,,
Diabetes ,fatigue,weight loss,restlessness,lethargy,irregular sugar level,blurry vision,obesity,excessive hunger,increased appetite,peeing a lot,,,,,,,
Gastroenteritis,vomiting,sunken eyes,dehydration,diarrhoea,,,,,,,,,,,,,
Bronchial Asthma,fatigue,cough,high fever,breathlessness,family history,mucus,,,,,,,,,,,
Hypertension ,headache,chest pain,dizziness,loss of balance,lack of concentration,,,,,,,,,,,,
Migraine,acidity,indigestion,headache,blurry vision,excessive hunger,stiff neck,depression,irritability,visual disturbances,,,,,,,,
Cervical spondylosis,back pain,weakness in limbs,neck pain,dizziness,loss of balance,,,,,,,,,,,,
Paralysis (brain hemorrhage),vomiting,headache,weakness of one body side,confusion,,,,,,,,,,,,,
Jaundice,itching,vomiting,fatigue,weight loss,high fever,yellowish skin,dark urine,abdominal pain,,,,,,,,,
Malaria,chills,vomiting,high fever,sweating,headache,nausea,diarrhoea,muscle pain,,,,,,,,,
Chicken pox,itching,skin rash,fatigue,lethargy,high fever,headache,loss of appetite,mild fever,swelled lymph nodes,malaise,red spots over body,,,,,,
Dengue,skin rash,chills,joint pain,vomiting,fatigue,high fever,headache,nausea,loss of appetite,pain behind the eyes,back pain,malaise,muscle pain,red spots over body,,,
Typhoid,chills,vomiting,fatigue,high fever,headache,nausea,constipation,abdominal pain,diarrhoea,sickly look,belly pain,,,,,,
hepatitis A,joint pain,vomiting,yellowish skin,dark urine,nausea,loss of appetite,abdominal pain,diarrhoea,mild fever,yellowing of eyes,muscle pain,,,,,,
Hepatitis B,itching,fatigue,lethargy,yellowish skin,dark urine,loss of appetite,abdominal pain,yellow urine,yellowing of eyes,malaise,blood transfusion,injections,,,,,
Hepatitis C,fatigue,yellowish skin,nausea,loss of appetite,yellowing of eyes,family history,,,,,,,,,,,
Hepatitis D,joint pain,vomiting,fatigue,yellowish skin,dark urine,nausea,loss of appetite,abdominal pain,yellowing of eyes,,,,,,,,
Hepatitis E,joint pain,vomiting,fatigue,high fever,yellowish skin,dark urine,nausea,loss of appetite,abdominal pain,yellowing of eyes,acute liver failure,unconscious,blood in vomit,,,,
Alcoholic hepatitis,vomiting,yellowish skin,abdominal pain,swelling of stomach,bloated stomach,alcohol use,swelling,,,,,,,,,,
Tuberculosis,chills,vomiting,fatigue,weight loss,cough,high fever,breathlessness,sweating,loss of appetite,mild fever,yellowing of eyes,swelled lymph nodes,malaise,phlegm,chest pain,blood in sputum,
Common Cold,continuous sneezing,chills,fatigue,cough,high fever,headache,swelled lymph nodes,malaise,phlegm,throat irritation,redness of eyes,sinus pain,runny nose,congestion,chest pain,loss of smell,muscle pain
Pneumonia,chills,fatigue,cough,high fever,breathlessness,sweating,malaise,phlegm,chest pain,fast heart rate,bloody mucus,,,,,,
Dimorphic hemmorhoids(piles),constipation,pain during bowel movements,pain in anal region,bloody stool,irritation in anus,,,,,,,,,,,,
Heart attack,vomiting,breathlessness,sweating,chest pain,,,,,,,,,,,,,
Varicose veins,fatigue,cramps,bruising,obesity,swollen legs,swollen blood vessels,veins on legs,,,,,,,,,,
Hypothyroidism,fatigue,weight gain,cold hands and feets,mood swings,lethargy,dizziness,puffy face,swollen neck,weak nails,swollen limbs,depression,irritability,irregular periods,,,,
Hyperthyroidism,fatigue,mood swings,weight loss,restlessness,sweating,diarrhoea,fast heart rate,excessive hunger,muscle weakness,irritability,irregular periods,,,,,,
Hypoglycemia,vomiting,fatigue,anxiety,sweating,headache,nausea,blurry vision,excessive hunger,tingling lips,slurring,irritability,fast heart beat,,,,,
Osteoarthristis,joint pain,neck pain,knee pain,hip joint pain,swelling joints,painful walking,,,,,,,,,,,
Arthritis,muscle weakness,stiff neck,swelling joints,movement stiffness,painful walking,,,,,,,,,,,,
(vertigo) Paroymsal  Positional Vertigo,vomiting,headache,nausea,spinning movements,loss of balance,unsteadiness,,,,,,,,,,,
Acne,skin rash,pus filled pimples,blackheads,scurring,,,,,,,,,,,,,
Urinary tract infection,burning pee,bladder discomfort,foul smell of urine,need to pee,,,,,,,,,,,,,
Psoriasis,skin rash,joint pain,skin peeling,silver like dusting,small dents in nails,inflammatory nails,,,,,,,,,,,
Impetigo,skin rash,high fever,blister,red sore around nose,yellow crust ooze,,,,,,,,,,,,
Fungal infection,itching,skin rash,skin bumps,discolored skin patches,,,,,,,,,,,,,
Allergy,continuous sneezing,shivering,chills,watery eyes,,,,,,,,,,,,,
GERD,stomach pain,acidity,ulcers on tongue,vomiting,cough,chest pain,,,,,,,,,,,
Chronic cholestasis,itching,vomiting,yellowish skin,nausea,loss of appetite,abdominal pain,yellowing of eyes,,,,,,,,,,
Drug Reaction,itching,skin rash,stomach pain,burning pee,spotting urine,,,,,,,,,,,,
Peptic ulcer diseae,vomiting,indigestion,loss of appetite,abdominal pain,farting,itching inside,,,,,,,,,,,
AIDS,muscle wasting,patches in throat,high fever,extra marital contacts,,,,,,,,,,,,,
Diabetes ,fatigue,weight loss,restlessness,lethargy,irregular sugar level,blurry vision,obesity,excessive hunger,increased appetite,peeing a lot,,,,,,,
Gastroenteritis,vomiting,sunken eyes,dehydration,diarrhoea,,,,,,,,,,,,,
Bronchial Asthma,fatigue,cough,high fever,breathlessness,family history,mucus,,,,,,,,,,,
Hypertension ,headache,chest pain,dizziness,loss of balance,lack of concentration,,,,,,,,,,,,
Migraine,acidity,indigestion,headache,blurry vision,excessive hunger,stiff neck,depression,irritability,visual disturbances,,,,,,,,
Cervical spondylosis,back pain,weakness in limbs,neck pain,dizziness,loss of balance,,,,,,,,,,,,
Paralysis (brain hemorrhage),vomiting,headache,weakness of one body side,confusion,,,,,,,,,,,,,
Jaundice,itching,vomiting,fatigue,weight loss,high fever,yellowish skin,dark urine,abdominal pain,,,,,,,,,
Malaria,chills,vomiting,high fever,sweating,headache,nausea,diarrhoea,muscle pain,,,,,,,,,
Chicken pox,itching,skin rash,fatigue,lethargy,high fever,headache,loss of appetite,mild fever,swelled lymph nodes,malaise,red spots over body,,,,,,
Dengue,skin rash,chills,joint pain,vomiting,fatigue,high fever,headache,nausea,loss of appetite,pain behind the eyes,back pain,malaise,muscle pain,red spots over body,,,
Typhoid,chills,vomiting,fatigue,high fever,headache,nausea,constipation,abdominal pain,diarrhoea,sickly look,belly pain,,,,,,
hepatitis A,joint pain,vomiting,yellowish skin,dark urine,nausea,loss of appetite,abdominal pain,diarrhoea,mild fever,yellowing of eyes,muscle pain,,,,,,
Hepatitis B,itching,fatigue,lethargy,yellowish skin,dark urine,loss of appetite,abdominal pain,yellow urine,yellowing of eyes,malaise,blood transfusion,injections,,,,,
Hepatitis C,fatigue,yellowish skin,nausea,loss of appetite,yellowing of eyes,family history,,,,,,,,,,,
Hepatitis D,joint pain,vomiting,fatigue,yellowish skin,dark urine,nausea,loss of appetite,abdominal pain,yellowing of eyes,,,,,,,,
Hepatitis E,joint pain,vomiting,fatigue,high fever,yellowish skin,dark urine,nausea,loss of appetite,abdominal pain,yellowing of eyes,acute liver failure,unconscious,blood in vomit,,,,
Alcoholic hepatitis,vomiting,yellowish skin,abdominal pain,swelling of stomach,bloated stomach,alcohol use,swelling,,,,,,,,,,
Tuberculosis,chills,vomiting,fatigue,weight loss,cough,high fever,breathlessness,sweating,loss of appetite,mild fever,yellowing of eyes,swelled lymph nodes,malaise,phlegm,chest pain,blood in sputum,
Common Cold,continuous sneezing,chills,fatigue,cough,high fever,headache,swelled lymph nodes,malaise,phlegm,throat irritation,redness of eyes,sinus pain,runny nose,congestion,chest pain,loss of smell,muscle pain
Pneumonia,chills,fatigue,cough,high fever,breathlessness,sweating,malaise,phlegm,chest pain,fast heart rate,bloody mucus,,,,,,
Dimorphic hemmorhoids(piles),constipation,pain during bowel movements,pain in anal region,bloody stool,irritation in anus,,,,,,,,,,,,
Heart attack,vomiting,breathlessness,sweating,chest pain,,,,,,,,,,,,,
Varicose veins,fatigue,cramps,bruising,obesity,swollen legs,swollen blood vessels,veins on legs,,,,,,,,,,
Hypothyroidism,fatigue,weight gain,cold hands and feets,mood swings,lethargy,dizziness,puffy face,swollen neck,weak nails,swollen limbs,depression,irritability,irregular periods,,,,
Hyperthyroidism,fatigue,mood swings,weight loss,restlessness,sweating,diarrhoea,fast heart rate,excessive hunger,muscle weakness,irritability,irregular periods,,,,,,
Hypoglycemia,vomiting,fatigue,anxiety,sweating,headache,nausea,blurry vision,excessive hunger,tingling lips,slurring,irritability,fast heart beat,,,,,
Osteoarthristis,joint pain,neck pain,knee pain,hip joint pain,swelling joints,painful walking,,,,,,,,,,,
Arthritis,muscle weakness,stiff neck,swelling joints,movement stiffness,painful walking,,,,,,,,,,,,
(vertigo) Paroymsal  Positional Vertigo,vomiting,headache,nausea,spinning movements,loss of balance,unsteadiness,,,,,,,,,,,
Acne,skin rash,pus filled pimples,blackheads,scurring,,,,,,,,,,,,,
Urinary tract infection,burning pee,bladder discomfort,foul smell of urine,need to pee,,,,,,,,,,,,,
Psoriasis,skin rash,joint pain,skin peeling,silver like dusting,small dents in nails,inflammatory nails,,,,,,,,,,,
Impetigo,skin rash,high fever,blister,red sore around nose,yellow crust ooze,,,,,,,,,,,,
Fungal infection,itching,skin rash,skin bumps,discolored skin patches,,,,,,,,,,,,,
Allergy,continuous sneezing,shivering,chills,watery eyes,,,,,,,,,,,,,
GERD,stomach pain,acidity,ulcers on tongue,vomiting,cough,chest pain,,,,,,,,,,,
Chronic cholestasis,itching,vomiting,yellowish skin,nausea,loss of appetite,abdominal pain,yellowing of eyes,,,,,,,,,,
Drug Reaction,itching,skin rash,stomach pain,burning pee,spotting urine,,,,,,,,,,,,
Peptic ulcer diseae,vomiting,indigestion,loss of appetite,abdominal pain,farting,itching inside,,,,,,,,,,,
AIDS,muscle wasting,patches in throat,high fever,extra marital contacts,,,,,,,,,,,,,
Diabetes ,fatigue,weight loss,restlessness,lethargy,irregular sugar level,blurry vision,obesity,excessive hunger,increased appetite,peeing a lot,,,,,,,
Gastroenteritis,vomiting,sunken eyes,dehydration,diarrhoea,,,,,,,,,,,,,
Bronchial Asthma,fatigue,cough,high fever,breathlessness,family history,mucus,,,,,,,,,,,
Hypertension ,headache,chest pain,dizziness,loss of balance,lack of concentration,,,,,,,,,,,,
Migraine,acidity,indigestion,headache,blurry vision,excessive hunger,stiff neck,depression,irritability,visual disturbances,,,,,,,,
Cervical spondylosis,back pain,weakness in limbs,neck pain,dizziness,loss of balance,,,,,,,,,,,,
Paralysis (brain hemorrhage),vomiting,headache,weakness of one body side,confusion,,,,,,,,,,,,,
Jaundice,itching,vomiting,fatigue,weight loss,high fever,yellowish skin,dark urine,abdominal pain,,,,,,,,,
Malaria,chills,vomiting,high fever,sweating,headache,nausea,diarrhoea,muscle pain,,,,,,,,,
Chicken pox,itching,skin rash,fatigue,lethargy,high fever,headache,loss of appetite,mild fever,swelled lymph nodes,malaise,red spots over body,,,,,,
Dengue,skin rash,chills,joint pain,vomiting,fatigue,high fever,headache,nausea,loss of appetite,pain behind the eyes,back pain,malaise,muscle pain,red spots over body,,,
Typhoid,chills,vomiting,fatigue,high fever,headache,nausea,constipation,abdominal pain,diarrhoea,sickly look,belly pain,,,,,,
hepatitis A,joint pain,vomiting,yellowish skin,dark urine,nausea,loss of appetite,abdominal pain,diarrhoea,mild fever,yellowing of eyes,muscle pain,,,,,,
Hepatitis B,itching,fatigue,lethargy,yellowish skin,dark urine,loss of appetite,abdominal pain,yellow urine,yellowing of eyes,malaise,blood transfusion,injections,,,,,
Hepatitis C,fatigue,yellowish skin,nausea,loss of appetite,yellowing of eyes,family history,,,,,,,,,,,
Hepatitis D,joint pain,vomiting,fatigue,yellowish skin,dark urine,nausea,loss of appetite,abdominal pain,yellowing of eyes,,,,,,,,
Hepatitis E,joint pain,vomiting,fatigue,high fever,yellowish skin,dark urine,nausea,loss of appetite,abdominal pain,yellowing of eyes,acute liver failure,unconscious,blood in vomit,,,,
Alcoholic hepatitis,vomiting,yellowish skin,abdominal pain,swelling of stomach,bloated stomach,alcohol use,swelling,,,,,,,,,,
Tuberculosis,chills,vomiting,fatigue,weight loss,cough,high fever,breathlessness,sweating,loss of appetite,mild fever,yellowing of eyes,swelled lymph nodes,malaise,phlegm,chest pain,blood in sputum,
Common Cold,continuous sneezing,chills,fatigue,cough,high fever,headache,swelled lymph nodes,malaise,phlegm,throat irritation,redness of eyes,sinus pain,runny nose,congestion,chest pain,loss of smell,muscle pain
Pneumonia,chills,fatigue,cough,high fever,breathlessness,sweating,malaise,phlegm,chest pain,fast heart rate,bloody mucus,,,,,,
Dimorphic hemmorhoids(piles),constipation,pain during bowel movements,pain in anal region,bloody stool,irritation in anus,,,,,,,,,,,,
Heart attack,vomiting,breathlessness,sweating,chest pain,,,,,,,,,,,,,
Varicose veins,fatigue,cramps,bruising,obesity,swollen legs,swollen blood vessels,veins on legs,,,,,,,,,,
Hypothyroidism,fatigue,weight gain,cold hands and feets,mood swings,lethargy,dizziness,puffy face,swollen neck,weak nails,swollen limbs,depression,irritability,irregular periods,,,,
Hyperthyroidism,fatigue,mood swings,weight loss,restlessness,sweating,diarrhoea,fast heart rate,excessive hunger,muscle weakness,irritability,irregular periods,,,,,,
Hypoglycemia,vomiting,fatigue,anxiety,sweating,headache,nausea,blurry vision,excessive hunger,tingling lips,slurring,irritability,fast heart beat,,,,,
Osteoarthristis,joint pain,neck pain,knee pain,hip joint pain,swelling joints,painful walking,,,,,,,,,,,
Arthritis,muscle weakness,stiff neck,swelling joints,movement stiffness,painful walking,,,,,,,,,,,,
(vertigo) Paroymsal  Positional Vertigo,vomiting,headache,nausea,spinning movements,loss of balance,unsteadiness,,,,,,,,,,,
Acne,skin rash,pus filled pimples,blackheads,scurring,,,,,,,,,,,,,
Urinary tract infection,burning pee,bladder discomfort,foul smell of urine,need to pee,,,,,,,,,,,,,
Psoriasis,skin rash,joint pain,skin peeling,silver like dusting,small dents in nails,inflammatory nails,,,,,,,,,,,
Impetigo,skin rash,high fever,blister,red sore around nose,yellow crust ooze,,,,,,,,,,,,
Fungal infection,itching,skin rash,skin bumps,discolored skin patches,,,,,,,,,,,,,
Allergy,continuous sneezing,shivering,chills,watery eyes,,,,,,,,,,,,,
GERD,stomach pain,acidity,ulcers on tongue,vomiting,cough,chest pain,,,,,,,,,,,
Chronic cholestasis,itching,vomiting,yellowish skin,nausea,loss of appetite,abdominal pain,yellowing of eyes,,,,,,,,,,
Drug Reaction,itching,skin rash,stomach pain,burning pee,spotting urine,,,,,,,,,,,,
Peptic ulcer diseae,vomiting,indigestion,loss of appetite,abdominal pain,farting,itching inside,,,,,,,,,,,
AIDS,muscle wasting,patches in throat,high fever,extra marital contacts,,,,,,,,,,,,,
Diabetes ,fatigue,weight loss,restlessness,lethargy,irregular sugar level,blurry vision,obesity,excessive hunger,increased appetite,peeing a lot,,,,,,,
Gastroenteritis,vomiting,sunken eyes,dehydration,diarrhoea,,,,,,,,,,,,,
Bronchial Asthma,fatigue,cough,high fever,breathlessness,family history,mucus,,,,,,,,,,,
Hypertension ,headache,chest pain,dizziness,loss of balance,lack of concentration,,,,,,,,,,,,
Migraine,acidity,indigestion,headache,blurry vision,excessive hunger,stiff neck,depression,irritability,visual disturbances,,,,,,,,
Cervical spondylosis,back pain,weakness in limbs,neck pain,dizziness,loss of balance,,,,,,,,,,,,
Paralysis (brain hemorrhage),vomiting,headache,weakness of one body side,confusion,,,,,,,,,,,,,
Jaundice,itching,vomiting,fatigue,weight loss,high fever,yellowish skin,dark urine,abdominal pain,,,,,,,,,
Malaria,chills,vomiting,high fever,sweating,headache,nausea,diarrhoea,muscle pain,,,,,,,,,
Chicken pox,itching,skin rash,fatigue,lethargy,high fever,headache,loss of appetite,mild fever,swelled lymph nodes,malaise,red spots over body,,,,,,
Dengue,skin rash,chills,joint pain,vomiting,fatigue,high fever,headache,nausea,loss of appetite,pain behind the eyes,back pain,malaise,muscle pain,red spots over body,,,
Typhoid,chills,vomiting,fatigue,high fever,headache,nausea,constipation,abdominal pain,diarrhoea,sickly look,belly pain,,,,,,
hepatitis A,joint pain,vomiting,yellowish skin,dark urine,nausea,loss of appetite,abdominal pain,diarrhoea,mild fever,yellowing of eyes,muscle pain,,,,,,
Hepatitis B,itching,fatigue,lethargy,yellowish skin,dark urine,loss of appetite,abdominal pain,yellow urine,yellowing of eyes,malaise,blood transfusion,injections,,,,,
Hepatitis C,fatigue,yellowish skin,nausea,loss of appetite,yellowing of eyes,family history,,,,,,,,,,,
Hepatitis D,joint pain,vomiting,fatigue,yellowish skin,dark urine,nausea,loss of appetite,abdominal pain,yellowing of eyes,,,,,,,,
Hepatitis E,joint pain,vomiting,fatigue,high fever,yellowish skin,dark urine,nausea,loss of appetite,abdominal pain,yellowing of eyes,acute liver failure,unconscious,blood in vomit,,,,
Alcoholic hepatitis,vomiting,yellowish skin,abdominal pain,swelling of stomach,bloated stomach,alcohol use,swelling,,,,,,,,,,
Tuberculosis,chills,vomiting,fatigue,weight loss,cough,high fever,breathlessness,sweating,loss of appetite,mild fever,yellowing of eyes,swelled lymph nodes,malaise,phlegm,chest pain,blood in sputum,
Common Cold,continuous sneezing,chills,fatigue,cough,high fever,headache,swelled lymph nodes,malaise,phlegm,throat irritation,redness of eyes,sinus pain,runny nose,congestion,chest pain,loss of smell,muscle pain
Pneumonia,chills,fatigue,cough,high fever,breathlessness,sweating,malaise,phlegm,chest pain,fast heart rate,bloody mucus,,,,,,
Dimorphic hemmorhoids(piles),constipation,pain during bowel movements,pain in anal region,bloody stool,irritation in anus,,,,,,,,,,,,
Heart attack,vomiting,breathlessness,sweating,chest pain,,,,,,,,,,,,,
Varicose veins,fatigue,cramps,bruising,obesity,swollen legs,swollen blood vessels,veins on legs,,,,,,,,,,
Hypothyroidism,fatigue,weight gain,cold hands and feets,mood swings,lethargy,dizziness,puffy face,swollen neck,weak nails,swollen limbs,depression,irritability,irregular periods,,,,
Hyperthyroidism,fatigue,mood swings,weight loss,restlessness,sweating,diarrhoea,fast heart rate,excessive hunger,muscle weakness,irritability,irregular periods,,,,,,
Hypoglycemia,vomiting,fatigue,anxiety,sweating,headache,nausea,blurry vision,excessive hunger,tingling lips,slurring,irritability,fast heart beat,,,,,
Osteoarthristis,joint pain,neck pain,knee pain,hip joint pain,swelling joints,painful walking,,,,,,,,,,,
Arthritis,muscle weakness,stiff neck,swelling joints,movement stiffness,painful walking,,,,,,,,,,,,
(vertigo) Paroymsal  Positional Vertigo,vomiting,headache,nausea,spinning movements,loss of balance,unsteadiness,,,,,,,,,,,
Acne,skin rash,pus filled pimples,blackheads,scurring,,,,,,,,,,,,,
Urinary tract infection,burning pee,bladder discomfort,foul smell of urine,need to pee,,,,,,,,,,,,,
Psoriasis,skin rash,joint pain,skin peeling,silver like dusting,small dents in nails,inflammatory nails,,,,,,,,,,,
Impetigo,skin rash,high fever,blister,red sore around nose,yellow crust ooze,,,,,,,,,,,,
Fungal infection,itching,skin rash,skin bumps,discolored skin patches,,,,,,,,,,,,,
Allergy,continuous sneezing,shivering,chills,watery eyes,,,,,,,,,,,,,
GERD,stomach pain,acidity,ulcers on tongue,vomiting,cough,chest pain,,,,,,,,,,,
Chronic cholestasis,itching,vomiting,yellowish skin,nausea,loss of appetite,abdominal pain,yellowing of eyes,,,,,,,,,,
Drug Reaction,itching,skin rash,stomach pain,burning pee,spotting urine,,,,,,,,,,,,
Peptic ulcer diseae,vomiting,indigestion,loss of appetite,abdominal pain,farting,itching inside,,,,,,,,,,,
AIDS,muscle wasting,patches in throat,high fever,extra marital contacts,,,,,,,,,,,,,
Diabetes ,fatigue,weight loss,restlessness,lethargy,irregular sugar level,blurry vision,obesity,excessive hunger,increased appetite,peeing a lot,,,,,,,
Gastroenteritis,vomiting,sunken eyes,dehydration,diarrhoea,,,,,,,,,,,,,
Bronchial Asthma,fatigue,cough,high fever,breathlessness,family history,mucus,,,,,,,,,,,
Hypertension ,headache,chest pain,dizziness,loss of balance,lack of concentration,,,,,,,,,,,,
Migraine,acidity,indigestion,headache,blurry vision,excessive hunger,stiff neck,depression,irritability,visual disturbances,,,,,,,,
Cervical spondylosis,back pain,weakness in limbs,neck pain,dizziness,loss of balance,,,,,,,,,,,,
Paralysis (brain hemorrhage),vomiting,headache,weakness of one body side,confusion,,,,,,,,,,,,,
Jaundice,itching,vomiting,fatigue,weight loss,high fever,yellowish skin,dark urine,abdominal pain,,,,,,,,,
Malaria,chills,vomiting,high fever,sweating,headache,nausea,diarrhoea,muscle pain,,,,,,,,,
Chicken pox,itching,skin rash,fatigue,lethargy,high fever,headache,loss of appetite,mild fever,swelled lymph nodes,malaise,red spots over body,,,,,,
Dengue,skin rash,chills,joint pain,vomiting,fatigue,high fever,headache,nausea,loss of appetite,pain behind the eyes,back pain,malaise,muscle pain,red spots over body,,,
Typhoid,chills,vomiting,fatigue,high fever,headache,nausea,constipation,abdominal pain,diarrhoea,sickly look,belly pain,,,,,,
hepatitis A,joint pain,vomiting,yellowish skin,dark urine,nausea,loss of appetite,abdominal pain,diarrhoea,mild fever,yellowing of eyes,muscle pain,,,,,,
Hepatitis B,itching,fatigue,lethargy,yellowish skin,dark urine,loss of appetite,abdominal pain,yellow urine,yellowing of eyes,malaise,blood transfusion,injections,,,,,
Hepatitis C,fatigue,yellowish skin,nausea,loss of appetite,yellowing of eyes,family history,,,,,,,,,,,
Hepatitis D,joint pain,vomiting,fatigue,yellowish skin,dark urine,nausea,loss of appetite,abdominal pain,yellowing of eyes,,,,,,,,
Hepatitis E,joint pain,vomiting,fatigue,high fever,yellowish skin,dark urine,nausea,loss of appetite,abdominal pain,yellowing of eyes,acute liver failure,unconscious,blood in vomit,,,,
Alcoholic hepatitis,vomiting,yellowish skin,abdominal pain,swelling of stomach,bloated stomach,alcohol use,swelling,,,,,,,,,,
Tuberculosis,chills,vomiting,fatigue,weight loss,cough,high fever,breathlessness,sweating,loss of appetite,mild fever,yellowing of eyes,swelled lymph nodes,malaise,phlegm,chest pain,blood in sputum,
Common Cold,continuous sneezing,chills,fatigue,cough,high fever,headache,swelled lymph nodes,malaise,phlegm,throat irritation,redness of eyes,sinus pain,runny nose,congestion,chest pain,loss of smell,muscle pain
Pneumonia,chills,fatigue,cough,high fever,breathlessness,sweating,malaise,phlegm,chest pain,fast heart rate,bloody mucus,,,,,,
Dimorphic hemmorhoids(piles),constipation,pain during bowel movements,pain in anal region,bloody stool,irritation in anus,,,,,,,,,,,,
Heart attack,vomiting,breathlessness,sweating,chest pain,,,,,,,,,,,,,
Varicose veins,fatigue,cramps,bruising,obesity,swollen legs,swollen blood vessels,veins on legs,,,,,,,,,,
Hypothyroidism,fatigue,weight gain,cold hands and feets,mood swings,lethargy,dizziness,puffy face,swollen neck,weak nails,swollen limbs,depression,irritability,irregular periods,,,,
Hyperthyroidism,fatigue,mood swings,weight loss,restlessness,sweating,diarrhoea,fast heart rate,excessive hunger,muscle weakness,irritability,irregular periods,,,,,,
Hypoglycemia,vomiting,fatigue,anxiety,sweating,headache,nausea,blurry vision,excessive hunger,tingling lips,slurring,irritability,fast heart beat,,,,,
Osteoarthristis,joint pain,neck pain,knee pain,hip joint pain,swelling joints,painful walking,,,,,,,,,,,
Arthritis,muscle weakness,stiff neck,swelling joints,movement stiffness,painful walking,,,,,,,,,,,,
(vertigo) Paroymsal  Positional Vertigo,vomiting,headache,nausea,spinning movements,loss of balance,unsteadiness,,,,,,,,,,,
Acne,skin rash,pus filled pimples,blackheads,scurring,,,,,,,,,,,,,
Urinary tract infection,burning pee,bladder discomfort,foul smell of urine,need to pee,,,,,,,,,,,,,
Psoriasis,skin rash,joint pain,skin peeling,silver like dusting,small dents in nails,inflammatory nails,,,,,,,,,,,
Impetigo,skin rash,high fever,blister,red sore around nose,yellow crust ooze,,,,,,,,,,,,
Fungal infection,itching,skin rash,skin bumps,discolored skin patches,,,,,,,,,,,,,
Allergy,continuous sneezing,shivering,chills,watery eyes,,,,,,,,,,,,,
GERD,stomach pain,acidity,ulcers on tongue,vomiting,cough,chest pain,,,,,,,,,,,
Chronic cholestasis,itching,vomiting,yellowish skin,nausea,loss of appetite,abdominal pain,yellowing of eyes,,,,,,,,,,
Drug Reaction,itching,skin rash,stomach pain,burning pee,spotting urine,,,,,,,,,,,,
Peptic ulcer diseae,vomiting,indigestion,loss of appetite,abdominal pain,farting,itching inside,,,,,,,,,,,
AIDS,muscle wasting,patches in throat,high fever,extra marital contacts,,,,,,,,,,,,,
Diabetes ,fatigue,weight loss,restlessness,lethargy,irregular sugar level,blurry vision,obesity,excessive hunger,increased appetite,peeing a lot,,,,,,,
Gastroenteritis,vomiting,sunken eyes,dehydration,diarrhoea,,,,,,,,,,,,,
Bronchial Asthma,fatigue,cough,high fever,breathlessness,family history,mucus,,,,,,,,,,,
Hypertension ,headache,chest pain,dizziness,loss of balance,lack of concentration,,,,,,,,,,,,
Migraine,acidity,indigestion,headache,blurry vision,excessive hunger,stiff neck,depression,irritability,visual disturbances,,,,,,,,
Cervical spondylosis,back pain,weakness in limbs,neck pain,dizziness,loss of balance,,,,,,,,,,,,
Paralysis (brain hemorrhage),vomiting,headache,weakness of one body side,confusion,,,,,,,,,,,,,
Jaundice,itching,vomiting,fatigue,weight loss,high fever,yellowish skin,dark urine,abdominal pain,,,,,,,,,
Malaria,chills,vomiting,high fever,sweating,headache,nausea,diarrhoea,muscle pain,,,,,,,,,
Chicken pox,itching,skin rash,fatigue,lethargy,high fever,headache,loss of appetite,mild fever,swelled lymph nodes,malaise,red spots over body,,,,,,
Dengue,skin rash,chills,joint pain,vomiting,fatigue,high fever,headache,nausea,loss of appetite,pain behind the eyes,back pain,malaise,muscle pain,red spots over body,,,
Typhoid,chills,vomiting,fatigue,high fever,headache,nausea,constipation,abdominal pain,diarrhoea,sickly look,belly pain,,,,,,
hepatitis A,joint pain,vomiting,yellowish skin,dark urine,nausea,loss of appetite,abdominal pain,diarrhoea,mild fever,yellowing of eyes,muscle pain,,,,,,
Hepatitis B,itching,fatigue,lethargy,yellowish skin,dark urine,loss of appetite,abdominal pain,yellow urine,yellowing of eyes,malaise,blood transfusion,injections,,,,,
Hepatitis C,fatigue,yellowish skin,nausea,loss of appetite,yellowing of eyes,family history,,,,,,,,,,,
Hepatitis D,joint pain,vomiting,fatigue,yellowish skin,dark urine,nausea,loss of appetite,abdominal pain,yellowing of eyes,,,,,,,,
Hepatitis E,joint pain,vomiting,fatigue,high fever,yellowish skin,dark urine,nausea,loss of appetite,abdominal pain,yellowing of eyes,acute liver failure,unconscious,blood in vomit,,,,
Alcoholic hepatitis,vomiting,yellowish skin,abdominal pain,swelling of stomach,bloated stomach,alcohol use,swelling,,,,,,,,,,
Tuberculosis,chills,vomiting,fatigue,weight loss,cough,high fever,breathlessness,sweating,loss of appetite,mild fever,yellowing of eyes,swelled lymph nodes,malaise,phlegm,chest pain,blood in sputum,
Common Cold,continuous sneezing,chills,fatigue,cough,high fever,headache,swelled lymph nodes,malaise,phlegm,throat irritation,redness of eyes,sinus pain,runny nose,congestion,chest pain,loss of smell,muscle pain
Pneumonia,chills,fatigue,cough,high fever,breathlessness,sweating,malaise,phlegm,chest pain,fast heart rate,bloody mucus,,,,,,
Dimorphic hemmorhoids(piles),constipation,pain during bowel movements,pain in anal region,bloody stool,irritation in anus,,,,,,,,,,,,
Heart attack,vomiting,breathlessness,sweating,chest pain,,,,,,,,,,,,,
Varicose veins,fatigue,cramps,bruising,obesity,swollen legs,swollen blood vessels,veins on legs,,,,,,,,,,
Hypothyroidism,fatigue,weight gain,cold hands and feets,mood swings,lethargy,dizziness,puffy face,swollen neck,weak nails,swollen limbs,depression,irritability,irregular periods,,,,
Hyperthyroidism,fatigue,mood swings,weight loss,restlessness,sweating,diarrhoea,fast heart rate,excessive hunger,muscle weakness,irritability,irregular periods,,,,,,
Hypoglycemia,vomiting,fatigue,anxiety,sweating,headache,nausea,blurry vision,excessive hunger,tingling lips,slurring,irritability,fast heart beat,,,,,
Osteoarthristis,joint pain,neck pain,knee pain,hip joint pain,swelling joints,painful walking,,,,,,,,,,,
Arthritis,muscle weakness,stiff neck,swelling joints,movement stiffness,painful walking,,,,,,,,,,,,
(vertigo) Paroymsal  Positional Vertigo,vomiting,headache,nausea,spinning movements,loss of balance,unsteadiness,,,,,,,,,,,
Acne,skin rash,pus filled pimples,blackheads,scurring,,,,,,,,,,,,,
Urinary tract infection,burning pee,bladder discomfort,foul smell of urine,need to pee,,,,,,,,,,,,,
Psoriasis,skin rash,joint pain,skin peeling,silver like dusting,small dents in nails,inflammatory nails,,,,,,,,,,,
Impetigo,skin rash,high fever,blister,red sore around nose,yellow crust ooze,,,,,,,,,,,,
Fungal infection,itching,skin rash,skin bumps,discolored skin patches,,,,,,,,,,,,,
Allergy,continuous sneezing,shivering,chills,watery eyes,,,,,,,,,,,,,
GERD,stomach pain,acidity,ulcers on tongue,vomiting,cough,chest pain,,,,,,,,,,,
Chronic cholestasis,itching,vomiting,yellowish skin,nausea,loss of appetite,abdominal pain,yellowing of eyes,,,,,,,,,,
Drug Reaction,itching,skin rash,stomach pain,burning pee,spotting urine,,,,,,,,,,,,
Peptic ulcer diseae,vomiting,indigestion,loss of appetite,abdominal pain,farting,itching inside,,,,,,,,,,,
AIDS,muscle wasting,patches in throat,high fever,extra marital contacts,,,,,,,,,,,,,
Diabetes ,fatigue,weight loss,restlessness,lethargy,irregular sugar level,blurry vision,obesity,excessive hunger,increased appetite,peeing a lot,,,,,,,
Gastroenteritis,vomiting,sunken eyes,dehydration,diarrhoea,,,,,,,,,,,,,
Bronchial Asthma,fatigue,cough,high fever,breathlessness,family history,mucus,,,,,,,,,,,
Hypertension ,headache,chest pain,dizziness,loss of balance,lack of concentration,,,,,,,,,,,,
Migraine,acidity,indigestion,headache,blurry vision,excessive hunger,stiff neck,depression,irritability,visual disturbances,,,,,,,,
Cervical spondylosis,back pain,weakness in limbs,neck pain,dizziness,loss of balance,,,,,,,,,,,,
Paralysis (brain hemorrhage),vomiting,headache,weakness of one body side,confusion,,,,,,,,,,,,,
Jaundice,itching,vomiting,fatigue,weight loss,high fever,yellowish skin,dark urine,abdominal pain,,,,,,,,,
Malaria,chills,vomiting,high fever,sweating,headache,nausea,diarrhoea,muscle pain,,,,,,,,,
Chicken pox,itching,skin rash,fatigue,lethargy,high fever,headache,loss of appetite,mild fever,swelled lymph nodes,malaise,red spots over body,,,,,,
Dengue,skin rash,chills,joint pain,vomiting,fatigue,high fever,headache,nausea,loss of appetite,pain behind the eyes,back pain,malaise,muscle pain,red spots over body,,,
Typhoid,chills,vomiting,fatigue,high fever,headache,nausea,constipation,abdominal pain,diarrhoea,sickly look,belly pain,,,,,,
hepatitis A,joint pain,vomiting,yellowish skin,dark urine,nausea,loss of appetite,abdominal pain,diarrhoea,mild fever,yellowing of eyes,muscle pain,,,,,,
Hepatitis B,itching,fatigue,lethargy,yellowish skin,dark urine,loss of appetite,abdominal pain,yellow urine,yellowing of eyes,malaise,blood transfusion,injections,,,,,
Hepatitis C,fatigue,yellowish skin,nausea,loss of appetite,yellowing of eyes,family history,,,,,,,,,,,
Hepatitis D,joint pain,vomiting,fatigue,yellowish skin,dark urine,nausea,loss of appetite,abdominal pain,yellowing of eyes,,,,,,,,
Hepatitis E,joint pain,vomiting,fatigue,high fever,yellowish skin,dark urine,nausea,loss of appetite,abdominal pain,yellowing of eyes,acute liver failure,unconscious,blood in vomit,,,,
Alcoholic hepatitis,vomiting,yellowish skin,abdominal pain,swelling of stomach,bloated stomach,alcohol use,swelling,,,,,,,,,,
Tuberculosis,chills,vomiting,fatigue,weight loss,cough,high fever,breathlessness,sweating,loss of appetite,mild fever,yellowing of eyes,swelled lymph nodes,malaise,phlegm,chest pain,blood in sputum,
Common Cold,continuous sneezing,chills,fatigue,cough,high fever,headache,swelled lymph nodes,malaise,phlegm,throat irritation,redness of eyes,sinus pain,runny nose,congestion,chest pain,loss of smell,muscle pain
Pneumonia,chills,fatigue,cough,high fever,breathlessness,sweating,malaise,phlegm,chest pain,fast heart rate,bloody mucus,,,,,,
Dimorphic hemmorhoids(piles),constipation,pain during bowel movements,pain in anal region,bloody stool,irritation in anus,,,,,,,,,,,,
Heart attack,vomiting,breathlessness,sweating,chest pain,,,,,,,,,,,,,
Varicose veins,fatigue,cramps,bruising,obesity,swollen legs,swollen blood vessels,veins on legs,,,,,,,,,,
Hypothyroidism,fatigue,weight gain,cold hands and feets,mood swings,lethargy,dizziness,puffy face,swollen neck,weak nails,swollen limbs,depression,irritability,irregular periods,,,,
Hyperthyroidism,fatigue,mood swings,weight loss,restlessness,sweating,diarrhoea,fast heart rate,excessive hunger,muscle weakness,irritability,irregular periods,,,,,,
Hypoglycemia,vomiting,fatigue,anxiety,sweating,headache,nausea,blurry vision,excessive hunger,tingling lips,slurring,irritability,fast heart beat,,,,,
Osteoarthristis,joint pain,neck pain,knee pain,hip joint pain,swelling joints,painful walking,,,,,,,,,,,
Arthritis,muscle weakness,stiff neck,swelling joints,movement stiffness,painful walking,,,,,,,,,,,,
(vertigo) Paroymsal  Positional Vertigo,vomiting,headache,nausea,spinning movements,loss of balance,unsteadiness,,,,,,,,,,,
Acne,skin rash,pus filled pimples,blackheads,scurring,,,,,,,,,,,,,
Urinary tract infection,burning pee,bladder discomfort,foul smell of urine,need to pee,,,,,,,,,,,,,
Psoriasis,skin rash,joint pain,skin peeling,silver like dusting,small dents in nails,inflammatory nails,,,,,,,,,,,
Impetigo,skin rash,high fever,blister,red sore around nose,yellow crust ooze,,,,,,,,,,,,
Fungal infection,itching,skin rash,skin bumps,discolored skin patches,,,,,,,,,,,,,
Allergy,continuous sneezing,shivering,chills,watery eyes,,,,,,,,,,,,,
GERD,stomach pain,acidity,ulcers on tongue,vomiting,cough,chest pain,,,,,,,,,,,
Chronic cholestasis,itching,vomiting,yellowish skin,nausea,loss of appetite,abdominal pain,yellowing of eyes,,,,,,,,,,
Drug Reaction,itching,skin rash,stomach pain,burning pee,spotting urine,,,,,,,,,,,,
Peptic ulcer diseae,vomiting,indigestion,loss of appetite,abdominal pain,farting,itching inside,,,,,,,,,,,
AIDS,muscle wasting,patches in throat,high fever,extra marital contacts,,,,,,,,,,,,,
Diabetes ,fatigue,weight loss,restlessness,lethargy,irregular sugar level,blurry vision,obesity,excessive hunger,increased appetite,peeing a lot,,,,,,,
Gastroenteritis,vomiting,sunken eyes,dehydration,diarrhoea,,,,,,,,,,,,,
Bronchial Asthma,fatigue,cough,high fever,breathlessness,family history,mucus,,,,,,,,,,,
Hypertension ,headache,chest pain,dizziness,loss of balance,lack of concentration,,,,,,,,,,,,
Migraine,acidity,indigestion,headache,blurry vision,excessive hunger,stiff neck,depression,irritability,visual disturbances,,,,,,,,
Cervical spondylosis,back pain,weakness in limbs,neck pain,dizziness,loss of balance,,,,,,,,,,,,
Paralysis (brain hemorrhage),vomiting,headache,weakness of one body side,confusion,,,,,,,,,,,,,
Jaundice,itching,vomiting,fatigue,weight loss,high fever,yellowish skin,dark urine,abdominal pain,,,,,,,,,
Malaria,chills,vomiting,high fever,sweating,headache,nausea,diarrhoea,muscle pain,,,,,,,,,
Chicken pox,itching,skin rash,fatigue,lethargy,high fever,headache,loss of appetite,mild fever,swelled lymph nodes,malaise,red spots over body,,,,,,
Dengue,skin rash,chills,joint pain,vomiting,fatigue,high fever,headache,nausea,loss of appetite,pain behind the eyes,back pain,malaise,muscle pain,red spots over body,,,
Typhoid,chills,vomiting,fatigue,high fever,headache,nausea,constipation,abdominal pain,diarrhoea,sickly look,belly pain,,,,,,
hepatitis A,joint pain,vomiting,yellowish skin,dark urine,nausea,loss of appetite,abdominal pain,diarrhoea,mild fever,yellowing of eyes,muscle pain,,,,,,
Hepatitis B,itching,fatigue,lethargy,yellowish skin,dark urine,loss of appetite,abdominal pain,yellow urine,yellowing of eyes,malaise,blood transfusion,injections,,,,,
Hepatitis C,fatigue,yellowish skin,nausea,loss of appetite,yellowing of eyes,family history,,,,,,,,,,,
Hepatitis D,joint pain,vomiting,fatigue,yellowish skin,dark urine,nausea,loss of appetite,abdominal pain,yellowing of eyes,,,,,,,,
Hepatitis E,joint pain,vomiting,fatigue,high fever,yellowish skin,dark urine,nausea,loss of appetite,abdominal pain,yellowing of eyes,acute liver failure,unconscious,blood in vomit,,,,
Alcoholic hepatitis,vomiting,yellowish skin,abdominal pain,swelling of stomach,bloated stomach,alcohol use,swelling,,,,,,,,,,
Tuberculosis,chills,vomiting,fatigue,weight loss,cough,high fever,breathlessness,sweating,loss of appetite,mild fever,yellowing of eyes,swelled lymph nodes,malaise,phlegm,chest pain,blood in sputum,
Common Cold,continuous sneezing,chills,fatigue,cough,high fever,headache,swelled lymph nodes,malaise,phlegm,throat irritation,redness of eyes,sinus pain,runny nose,congestion,chest pain,loss of smell,muscle pain
Pneumonia,chills,fatigue,cough,high fever,breathlessness,sweating,malaise,phlegm,chest pain,fast heart rate,bloody mucus,,,,,,
Dimorphic hemmorhoids(piles),constipation,pain during bowel movements,pain in anal region,bloody stool,irritation in anus,,,,,,,,,,,,
Heart attack,vomiting,breathlessness,sweating,chest pain,,,,,,,,,,,,,
Varicose veins,fatigue,cramps,bruising,obesity,swollen legs,swollen blood vessels,veins on legs,,,,,,,,,,
Hypothyroidism,fatigue,weight gain,cold hands and feets,mood swings,lethargy,dizziness,puffy face,swollen neck,weak nails,swollen limbs,depression,irritability,irregular periods,,,,
Hyperthyroidism,fatigue,mood swings,weight loss,restlessness,sweating,diarrhoea,fast heart rate,excessive hunger,muscle weakness,irritability,irregular periods,,,,,,
Hypoglycemia,vomiting,fatigue,anxiety,sweating,headache,nausea,blurry vision,excessive hunger,tingling lips,slurring,irritability,fast heart beat,,,,,
Osteoarthristis,joint pain,neck pain,knee pain,hip joint pain,swelling joints,painful walking,,,,,,,,,,,
Arthritis,muscle weakness,stiff neck,swelling joints,movement stiffness,painful walking,,,,,,,,,,,,
(vertigo) Paroymsal  Positional Vertigo,vomiting,headache,nausea,spinning movements,loss of balance,unsteadiness,,,,,,,,,,,
Acne,skin rash,pus filled pimples,blackheads,scurring,,,,,,,,,,,,,
Urinary tract infection,burning pee,bladder discomfort,foul smell of urine,need to pee,,,,,,,,,,,,,
Psoriasis,skin rash,joint pain,skin peeling,silver like dusting,small dents in nails,inflammatory nails,,,,,,,,,,,
Impetigo,skin rash,high fever,blister,red sore around nose,yellow crust ooze,,,,,,,,,,,,
Fungal infection,itching,skin rash,skin bumps,discolored skin patches,,,,,,,,,,,,,
Allergy,continuous sneezing,shivering,chills,watery eyes,,,,,,,,,,,,,
GERD,stomach pain,acidity,ulcers on tongue,vomiting,cough,chest pain,,,,,,,,,,,
Chronic cholestasis,itching,vomiting,yellowish skin,nausea,loss of appetite,abdominal pain,yellowing of eyes,,,,,,,,,,
Drug Reaction,itching,skin rash,stomach pain,burning pee,spotting urine,,,,,,,,,,,,
Peptic ulcer diseae,vomiting,indigestion,loss of appetite,abdominal pain,farting,itching inside,,,,,,,,,,,
AIDS,muscle wasting,patches in throat,high fever,extra marital contacts,,,,,,,,,,,,,
Diabetes ,fatigue,weight loss,restlessness,lethargy,irregular sugar level,blurry vision,obesity,excessive hunger,increased appetite,peeing a lot,,,,,,,
Gastroenteritis,vomiting,sunken eyes,dehydration,diarrhoea,,,,,,,,,,,,,
Bronchial Asthma,fatigue,cough,high fever,breathlessness,family history,mucus,,,,,,,,,,,
Hypertension ,headache,chest pain,dizziness,loss of balance,lack of concentration,,,,,,,,,,,,
Migraine,acidity,indigestion,headache,blurry vision,excessive hunger,stiff neck,depression,irritability,visual disturbances,,,,,,,,
Cervical spondylosis,back pain,weakness in limbs,neck pain,dizziness,loss of balance,,,,,,,,,,,,
Paralysis (brain hemorrhage),vomiting,headache,weakness of one body side,confusion,,,,,,,,,,,,,
Jaundice,itching,vomiting,fatigue,weight loss,high fever,yellowish skin,dark urine,abdominal pain,,,,,,,,,
Malaria,chills,vomiting,high fever,sweating,headache,nausea,diarrhoea,muscle pain,,,,,,,,,
Chicken pox,itching,skin rash,fatigue,lethargy,high fever,headache,loss of appetite,mild fever,swelled lymph nodes,malaise,red spots over body,,,,,,
Dengue,skin rash,chills,joint pain,vomiting,fatigue,high fever,headache,nausea,loss of appetite,pain behind the eyes,back pain,malaise,muscle pain,red spots over body,,,
Typhoid,chills,vomiting,fatigue,high fever,headache,nausea,constipation,abdominal pain,diarrhoea,sickly look,belly pain,,,,,,
hepatitis A,joint pain,vomiting,yellowish skin,dark urine,nausea,loss of appetite,abdominal pain,diarrhoea,mild fever,yellowing of eyes,muscle pain,,,,,,
Hepatitis B,itching,fatigue,lethargy,yellowish skin,dark urine,loss of appetite,abdominal pain,yellow urine,yellowing of eyes,malaise,blood transfusion,injections,,,,,
Hepatitis C,fatigue,yellowish skin,nausea,loss of appetite,yellowing of eyes,family history,,,,,,,,,,,
Hepatitis D,joint pain,vomiting,fatigue,yellowish skin,dark urine,nausea,loss of appetite,abdominal pain,yellowing of eyes,,,,,,,,
Hepatitis E,joint pain,vomiting,fatigue,high fever,yellowish skin,dark urine,nausea,loss of appetite,abdominal pain,yellowing of eyes,acute liver failure,unconscious,blood in vomit,,,,
Alcoholic hepatitis,vomiting,yellowish skin,abdominal pain,swelling of stomach,bloated stomach,alcohol use,swelling,,,,,,,,,,
Tuberculosis,chills,vomiting,fatigue,weight loss,cough,high fever,breathlessness,sweating,loss of appetite,mild fever,yellowing of eyes,swelled lymph nodes,malaise,phlegm,chest pain,blood in sputum,
Common Cold,continuous sneezing,chills,fatigue,cough,high fever,headache,swelled lymph nodes,malaise,phlegm,throat irritation,redness of eyes,sinus pain,runny nose,congestion,chest pain,loss of smell,muscle pain
Pneumonia,chills,fatigue,cough,high fever,breathlessness,sweating,malaise,phlegm,chest pain,fast heart rate,bloody mucus,,,,,,
Dimorphic hemmorhoids(piles),constipation,pain during bowel movements,pain in anal region,bloody stool,irritation in anus,,,,,,,,,,,,
Heart attack,vomiting,breathlessness,sweating,chest pain,,,,,,,,,,,,,
Varicose veins,fatigue,cramps,bruising,obesity,swollen legs,swollen blood vessels,veins on legs,,,,,,,,,,
Hypothyroidism,fatigue,weight gain,cold hands and feets,mood swings,lethargy,dizziness,puffy face,swollen neck,weak nails,swollen limbs,depression,irritability,irregular periods,,,,
Hyperthyroidism,fatigue,mood swings,weight loss,restlessness,sweating,diarrhoea,fast heart rate,excessive hunger,muscle weakness,irritability,irregular periods,,,,,,
Hypoglycemia,vomiting,fatigue,anxiety,sweating,headache,nausea,blurry vision,excessive hunger,tingling lips,slurring,irritability,fast heart beat,,,,,
Osteoarthristis,joint pain,neck pain,knee pain,hip joint pain,swelling joints,painful walking,,,,,,,,,,,
Arthritis,muscle weakness,stiff neck,swelling joints,movement stiffness,painful walking,,,,,,,,,,,,
(vertigo) Paroymsal  Positional Vertigo,vomiting,headache,nausea,spinning movements,loss of balance,unsteadiness,,,,,,,,,,,
Acne,skin rash,pus filled pimples,blackheads,scurring,,,,,,,,,,,,,
Urinary tract infection,burning pee,bladder discomfort,foul smell of urine,need to pee,,,,,,,,,,,,,
Psoriasis,skin rash,joint pain,skin peeling,silver like dusting,small dents in nails,inflammatory nails,,,,,,,,,,,
Impetigo,skin rash,high fever,blister,red sore around nose,yellow crust ooze,,,,,,,,,,,,
Fungal infection,itching,skin rash,skin bumps,discolored skin patches,,,,,,,,,,,,,
Allergy,continuous sneezing,shivering,chills,watery eyes,,,,,,,,,,,,,
GERD,stomach pain,acidity,ulcers on tongue,vomiting,cough,chest pain,,,,,,,,,,,
Chronic cholestasis,itching,vomiting,yellowish skin,nausea,loss of appetite,abdominal pain,yellowing of eyes,,,,,,,,,,
Drug Reaction,itching,skin rash,stomach pain,burning pee,spotting urine,,,,,,,,,,,,
Peptic ulcer diseae,vomiting,indigestion,loss of appetite,abdominal pain,farting,itching inside,,,,,,,,,,,
AIDS,muscle wasting,patches in throat,high fever,extra marital contacts,,,,,,,,,,,,,
Diabetes ,fatigue,weight loss,restlessness,lethargy,irregular sugar level,blurry vision,obesity,excessive hunger,increased appetite,peeing a lot,,,,,,,
Gastroenteritis,vomiting,sunken eyes,dehydration,diarrhoea,,,,,,,,,,,,,
Bronchial Asthma,fatigue,cough,high fever,breathlessness,family history,mucus,,,,,,,,,,,
Hypertension ,headache,chest pain,dizziness,loss of balance,lack of concentration,,,,,,,,,,,,
Migraine,acidity,indigestion,headache,blurry vision,excessive hunger,stiff neck,depression,irritability,visual disturbances,,,,,,,,
Cervical spondylosis,back pain,weakness in limbs,neck pain,dizziness,loss of balance,,,,,,,,,,,,
Paralysis (brain hemorrhage),vomiting,headache,weakness of one body side,confusion,,,,,,,,,,,,,
Jaundice,itching,vomiting,fatigue,weight loss,high fever,yellowish skin,dark urine,abdominal pain,,,,,,,,,
Malaria,chills,vomiting,high fever,sweating,headache,nausea,diarrhoea,muscle pain,,,,,,,,,
Chicken pox,itching,skin rash,fatigue,lethargy,high fever,headache,loss of appetite,mild fever,swelled lymph nodes,malaise,red spots over body,,,,,,
Dengue,skin rash,chills,joint pain,vomiting,fatigue,high fever,headache,nausea,loss of appetite,pain behind the eyes,back pain,malaise,muscle pain,red spots over body,,,
Typhoid,chills,vomiting,fatigue,high fever,headache,nausea,constipation,abdominal pain,diarrhoea,sickly look,belly pain,,,,,,
hepatitis A,joint pain,vomiting,yellowish skin,dark urine,nausea,loss of appetite,abdominal pain,diarrhoea,mild fever,yellowing of eyes,muscle pain,,,,,,
Hepatitis B,itching,fatigue,lethargy,yellowish skin,dark urine,loss of appetite,abdominal pain,yellow urine,yellowing of eyes,malaise,blood transfusion,injections,,,,,
Hepatitis C,fatigue,yellowish skin,nausea,loss of appetite,yellowing of eyes,family history,,,,,,,,,,,
Hepatitis D,joint pain,vomiting,fatigue,yellowish skin,dark urine,nausea,loss of appetite,abdominal pain,yellowing of eyes,,,,,,,,
Hepatitis E,joint pain,vomiting,fatigue,high fever,yellowish skin,dark urine,nausea,loss of appetite,abdominal pain,yellowing of eyes,acute liver failure,unconscious,blood in vomit,,,,
Alcoholic hepatitis,vomiting,yellowish skin,abdominal pain,swelling of stomach,bloated stomach,alcohol use,swelling,,,,,,,,,,
Tuberculosis,chills,vomiting,fatigue,weight loss,cough,high fever,breathlessness,sweating,loss of appetite,mild fever,yellowing of eyes,swelled lymph nodes,malaise,phlegm,chest pain,blood in sputum,
Common Cold,continuous sneezing,chills,fatigue,cough,high fever,headache,swelled lymph nodes,malaise,phlegm,throat irritation,redness of eyes,sinus pain,runny nose,congestion,chest pain,loss of smell,muscle pain
Pneumonia,chills,fatigue,cough,high fever,breathlessness,sweating,malaise,phlegm,chest pain,fast heart rate,bloody mucus,,,,,,
Dimorphic hemmorhoids(piles),constipation,pain during bowel movements,pain in anal region,bloody stool,irritation in anus,,,,,,,,,,,,
Heart attack,vomiting,breathlessness,sweating,chest pain,,,,,,,,,,,,,
Varicose veins,fatigue,cramps,bruising,obesity,swollen legs,swollen blood vessels,veins on legs,,,,,,,,,,
Hypothyroidism,fatigue,weight gain,cold hands and feets,mood swings,lethargy,dizziness,puffy face,swollen neck,weak nails,swollen limbs,depression,irritability,irregular periods,,,,
Hyperthyroidism,fatigue,mood swings,weight loss,restlessness,sweating,diarrhoea,fast heart rate,excessive hunger,muscle weakness,irritability,irregular periods,,,,,,
Hypoglycemia,vomiting,fatigue,anxiety,sweating,headache,nausea,blurry vision,excessive hunger,tingling lips,slurring,irritability,fast heart beat,,,,,
Osteoarthristis,joint pain,neck pain,knee pain,hip joint pain,swelling joints,painful walking,,,,,,,,,,,
Arthritis,muscle weakness,stiff neck,swelling joints,movement stiffness,painful walking,,,,,,,,,,,,
(vertigo) Paroymsal  Positional Vertigo,vomiting,headache,nausea,spinning movements,loss of balance,unsteadiness,,,,,,,,,,,
Acne,skin rash,pus filled pimples,blackheads,scurring,,,,,,,,,,,,,
Urinary tract infection,burning pee,bladder discomfort,foul smell of urine,need to pee,,,,,,,,,,,,,
Psoriasis,skin rash,joint pain,skin peeling,silver like dusting,small dents in nails,inflammatory nails,,,,,,,,,,,
Impetigo,skin rash,high fever,blister,red sore around nose,yellow crust ooze,,,,,,,,,,,,
Fungal infection,itching,skin rash,skin bumps,discolored skin patches,,,,,,,,,,,,,
Allergy,continuous sneezing,shivering,chills,watery eyes,,,,,,,,,,,,,
GERD,stomach pain,acidity,ulcers on tongue,vomiting,cough,chest pain,,,,,,,,,,,
Chronic cholestasis,itching,vomiting,yellowish skin,nausea,loss of appetite,abdominal pain,yellowing of eyes,,,,,,,,,,
Drug Reaction,itching,skin rash,stomach pain,burning pee,spotting urine,,,,,,,,,,,,
Peptic ulcer diseae,vomiting,indigestion,loss of appetite,abdominal pain,farting,itching inside,,,,,,,,,,,
AIDS,muscle wasting,patches in throat,high fever,extra marital contacts,,,,,,,,,,,,,
Diabetes ,fatigue,weight loss,restlessness,lethargy,irregular sugar level,blurry vision,obesity,excessive hunger,increased appetite,peeing a lot,,,,,,,
Gastroenteritis,vomiting,sunken eyes,dehydration,diarrhoea,,,,,,,,,,,,,
Bronchial Asthma,fatigue,cough,high fever,breathlessness,family history,mucus,,,,,,,,,,,
Hypertension ,headache,chest pain,dizziness,loss of balance,lack of concentration,,,,,,,,,,,,
Migraine,acidity,indigestion,headache,blurry vision,excessive hunger,stiff neck,depression,irritability,visual disturbances,,,,,,,,
Cervical spondylosis,back pain,weakness in limbs,neck pain,dizziness,loss of balance,,,,,,,,,,,,
Paralysis (brain hemorrhage),vomiting,headache,weakness of one body side,confusion,,,,,,,,,,,,,
Jaundice,itching,vomiting,fatigue,weight loss,high fever,yellowish skin,dark urine,abdominal pain,,,,,,,,,
Malaria,chills,vomiting,high fever,sweating,headache,nausea,diarrhoea,muscle pain,,,,,,,,,
Chicken pox,itching,skin rash,fatigue,lethargy,high fever,headache,loss of appetite,mild fever,swelled lymph nodes,malaise,red spots over body,,,,,,
Dengue,skin rash,chills,joint pain,vomiting,fatigue,high fever,headache,nausea,loss of appetite,pain behind the eyes,back pain,malaise,muscle pain,red spots over body,,,
Typhoid,chills,vomiting,fatigue,high fever,headache,nausea,constipation,abdominal pain,diarrhoea,sickly look,belly pain,,,,,,
hepatitis A,joint pain,vomiting,yellowish skin,dark urine,nausea,loss of appetite,abdominal pain,diarrhoea,mild fever,yellowing of eyes,muscle pain,,,,,,
Hepatitis B,itching,fatigue,lethargy,yellowish skin,dark urine,loss of appetite,abdominal pain,yellow urine,yellowing of eyes,malaise,blood transfusion,injections,,,,,
Hepatitis C,fatigue,yellowish skin,nausea,loss of appetite,yellowing of eyes,family history,,,,,,,,,,,
Hepatitis D,joint pain,vomiting,fatigue,yellowish skin,dark urine,nausea,loss of appetite,abdominal pain,yellowing of eyes,,,,,,,,
Hepatitis E,joint pain,vomiting,fatigue,high fever,yellowish skin,dark urine,nausea,loss of appetite,abdominal pain,yellowing of eyes,acute liver failure,unconscious,blood in vomit,,,,
Alcoholic hepatitis,vomiting,yellowish skin,abdominal pain,swelling of stomach,bloated stomach,alcohol use,swelling,,,,,,,,,,
Tuberculosis,chills,vomiting,fatigue,weight loss,cough,high fever,breathlessness,sweating,loss of appetite,mild fever,yellowing of eyes,swelled lymph nodes,malaise,phlegm,chest pain,blood in sputum,
Common Cold,continuous sneezing,chills,fatigue,cough,high fever,headache,swelled lymph nodes,malaise,phlegm,throat irritation,redness of eyes,sinus pain,runny nose,congestion,chest pain,loss of smell,muscle pain
Pneumonia,chills,fatigue,cough,high fever,breathlessness,sweating,malaise,phlegm,chest pain,fast heart rate,bloody mucus,,,,,,
Dimorphic hemmorhoids(piles),constipation,pain during bowel movements,pain in anal region,bloody stool,irritation in anus,,,,,,,,,,,,
Heart attack,vomiting,breathlessness,sweating,chest pain,,,,,,,,,,,,,
Varicose veins,fatigue,cramps,bruising,obesity,swollen legs,swollen blood vessels,veins on legs,,,,,,,,,,
Hypothyroidism,fatigue,weight gain,cold hands and feets,mood swings,lethargy,dizziness,puffy face,swollen neck,weak nails,swollen limbs,depression,irritability,irregular periods,,,,
Hyperthyroidism,fatigue,mood swings,weight loss,restlessness,sweating,diarrhoea,fast heart rate,excessive hunger,muscle weakness,irritability,irregular periods,,,,,,
Hypoglycemia,vomiting,fatigue,anxiety,sweating,headache,nausea,blurry vision,excessive hunger,tingling lips,slurring,irritability,fast heart beat,,,,,
Osteoarthristis,joint pain,neck pain,knee pain,hip joint pain,swelling joints,painful walking,,,,,,,,,,,
Arthritis,muscle weakness,stiff neck,swelling joints,movement stiffness,painful walking,,,,,,,,,,,,
(vertigo) Paroymsal  Positional Vertigo,vomiting,headache,nausea,spinning movements,loss of balance,unsteadiness,,,,,,,,,,,
Acne,skin rash,pus filled pimples,blackheads,scurring,,,,,,,,,,,,,
Urinary tract infection,burning pee,bladder discomfort,foul smell of urine,need to pee,,,,,,,,,,,,,
Psoriasis,skin rash,joint pain,skin peeling,silver like dusting,small dents in nails,inflammatory nails,,,,,,,,,,,
Impetigo,skin rash,high fever,blister,red sore around nose,yellow crust ooze,,,,,,,,,,,,
Fungal infection,itching,skin rash,skin bumps,discolored skin patches,,,,,,,,,,,,,
Allergy,continuous sneezing,shivering,chills,watery eyes,,,,,,,,,,,,,
GERD,stomach pain,acidity,ulcers on tongue,vomiting,cough,chest pain,,,,,,,,,,,
Chronic cholestasis,itching,vomiting,yellowish skin,nausea,loss of appetite,abdominal pain,yellowing of eyes,,,,,,,,,,
Drug Reaction,itching,skin rash,stomach pain,burning pee,spotting urine,,,,,,,,,,,,
Peptic ulcer diseae,vomiting,indigestion,loss of appetite,abdominal pain,farting,itching inside,,,,,,,,,,,
AIDS,muscle wasting,patches in throat,high fever,extra marital contacts,,,,,,,,,,,,,
Diabetes ,fatigue,weight loss,restlessness,lethargy,irregular sugar level,blurry vision,obesity,excessive hunger,increased appetite,peeing a lot,,,,,,,
Gastroenteritis,vomiting,sunken eyes,dehydration,diarrhoea,,,,,,,,,,,,,
Bronchial Asthma,fatigue,cough,high fever,breathlessness,family history,mucus,,,,,,,,,,,
Hypertension ,headache,chest pain,dizziness,loss of balance,lack of concentration,,,,,,,,,,,,
Migraine,acidity,indigestion,headache,blurry vision,excessive hunger,stiff neck,depression,irritability,visual disturbances,,,,,,,,
Cervical spondylosis,back pain,weakness in limbs,neck pain,dizziness,loss of balance,,,,,,,,,,,,
Paralysis (brain hemorrhage),vomiting,headache,weakness of one body side,confusion,,,,,,,,,,,,,
Jaundice,itching,vomiting,fatigue,weight loss,high fever,yellowish skin,dark urine,abdominal pain,,,,,,,,,
Malaria,chills,vomiting,high fever,sweating,headache,nausea,diarrhoea,muscle pain,,,,,,,,,
Chicken pox,itching,skin rash,fatigue,lethargy,high fever,headache,loss of appetite,mild fever,swelled lymph nodes,malaise,red spots over body,,,,,,
Dengue,skin rash,chills,joint pain,vomiting,fatigue,high fever,headache,nausea,loss of appetite,pain behind the eyes,back pain,malaise,muscle pain,red spots over body,,,
Typhoid,chills,vomiting,fatigue,high fever,headache,nausea,constipation,abdominal pain,diarrhoea,sickly look,belly pain,,,,,,
hepatitis A,joint pain,vomiting,yellowish skin,dark urine,nausea,loss of appetite,abdominal pain,diarrhoea,mild fever,yellowing of eyes,muscle pain,,,,,,
Hepatitis B,itching,fatigue,lethargy,yellowish skin,dark urine,loss of appetite,abdominal pain,yellow urine,yellowing of eyes,malaise,blood transfusion,injections,,,,,
Hepatitis C,fatigue,yellowish skin,nausea,loss of appetite,yellowing of eyes,family history,,,,,,,,,,,
Hepatitis D,joint pain,vomiting,fatigue,yellowish skin,dark urine,nausea,loss of appetite,abdominal pain,yellowing of eyes,,,,,,,,
Hepatitis E,joint pain,vomiting,fatigue,high fever,yellowish skin,dark urine,nausea,loss of appetite,abdominal pain,yellowing of eyes,acute liver failure,unconscious,blood in vomit,,,,
Alcoholic hepatitis,vomiting,yellowish skin,abdominal pain,swelling of stomach,bloated stomach,alcohol use,swelling,,,,,,,,,,
Tuberculosis,chills,vomiting,fatigue,weight loss,cough,high fever,breathlessness,sweating,loss of appetite,mild fever,yellowing of eyes,swelled lymph nodes,malaise,phlegm,chest pain,blood in sputum,
Common Cold,continuous sneezing,chills,fatigue,cough,high fever,headache,swelled lymph nodes,malaise,phlegm,throat irritation,redness of eyes,sinus pain,runny nose,congestion,chest pain,loss of smell,muscle pain
Pneumonia,chills,fatigue,cough,high fever,breathlessness,sweating,malaise,phlegm,chest pain,fast heart rate,bloody mucus,,,,,,
Dimorphic hemmorhoids(piles),constipation,pain during bowel movements,pain in anal region,bloody stool,irritation in anus,,,,,,,,,,,,
Heart attack,vomiting,breathlessness,sweating,chest pain,,,,,,,,,,,,,
Varicose veins,fatigue,cramps,bruising,obesity,swollen legs,swollen blood vessels,veins on legs,,,,,,,,,,
Hypothyroidism,fatigue,weight gain,cold hands and feets,mood swings,lethargy,dizziness,puffy face,swollen neck,weak nails,swollen limbs,depression,irritability,irregular periods,,,,
Hyperthyroidism,fatigue,mood swings,weight loss,restlessness,sweating,diarrhoea,fast heart rate,excessive hunger,muscle weakness,irritability,irregular periods,,,,,,
Hypoglycemia,vomiting,fatigue,anxiety,sweating,headache,nausea,blurry vision,excessive hunger,tingling lips,slurring,irritability,fast heart beat,,,,,
Osteoarthristis,joint pain,neck pain,knee pain,hip joint pain,swelling joints,painful walking,,,,,,,,,,,
Arthritis,muscle weakness,stiff neck,swelling joints,movement stiffness,painful walking,,,,,,,,,,,,
(vertigo) Paroymsal  Positional Vertigo,vomiting,headache,nausea,spinning movements,loss of balance,unsteadiness,,,,,,,,,,,
Acne,skin rash,pus filled pimples,blackheads,scurring,,,,,,,,,,,,,
Urinary tract infection,burning pee,bladder discomfort,foul smell of urine,need to pee,,,,,,,,,,,,,
Psoriasis,skin rash,joint pain,skin peeling,silver like dusting,small dents in nails,inflammatory nails,,,,,,,,,,,
Impetigo,skin rash,high fever,blister,red sore around nose,yellow crust ooze,,,,,,,,,,,,
Fungal infection,itching,skin rash,skin bumps,discolored skin patches,,,,,,,,,,,,,
Allergy,continuous sneezing,shivering,chills,watery eyes,,,,,,,,,,,,,
GERD,stomach pain,acidity,ulcers on tongue,vomiting,cough,chest pain,,,,,,,,,,,
Chronic cholestasis,itching,vomiting,yellowish skin,nausea,loss of appetite,abdominal pain,yellowing of eyes,,,,,,,,,,
Drug Reaction,itching,skin rash,stomach pain,burning pee,spotting urine,,,,,,,,,,,,
Peptic ulcer diseae,vomiting,indigestion,loss of appetite,abdominal pain,farting,itching inside,,,,,,,,,,,
AIDS,muscle wasting,patches in throat,high fever,extra marital contacts,,,,,,,,,,,,,
Diabetes ,fatigue,weight loss,restlessness,lethargy,irregular sugar level,blurry vision,obesity,excessive hunger,increased appetite,peeing a lot,,,,,,,
Gastroenteritis,vomiting,sunken eyes,dehydration,diarrhoea,,,,,,,,,,,,,
Bronchial Asthma,fatigue,cough,high fever,breathlessness,family history,mucus,,,,,,,,,,,
Hypertension ,headache,chest pain,dizziness,loss of balance,lack of concentration,,,,,,,,,,,,
Migraine,acidity,indigestion,headache,blurry vision,excessive hunger,stiff neck,depression,irritability,visual disturbances,,,,,,,,
Cervical spondylosis,back pain,weakness in limbs,neck pain,dizziness,loss of balance,,,,,,,,,,,,
Paralysis (brain hemorrhage),vomiting,headache,weakness of one body side,confusion,,,,,,,,,,,,,
Jaundice,itching,vomiting,fatigue,weight loss,high fever,yellowish skin,dark urine,abdominal pain,,,,,,,,,
Malaria,chills,vomiting,high fever,sweating,headache,nausea,diarrhoea,muscle pain,,,,,,,,,
Chicken pox,itching,skin rash,fatigue,lethargy,high fever,headache,loss of appetite,mild fever,swelled lymph nodes,malaise,red spots over body,,,,,,
Dengue,skin rash,chills,joint pain,vomiting,fatigue,high fever,headache,nausea,loss of appetite,pain behind the eyes,back pain,malaise,muscle pain,red spots over body,,,
Typhoid,chills,vomiting,fatigue,high fever,headache,nausea,constipation,abdominal pain,diarrhoea,sickly look,belly pain,,,,,,
hepatitis A,joint pain,vomiting,yellowish skin,dark urine,nausea,loss of appetite,abdominal pain,diarrhoea,mild fever,yellowing of eyes,muscle pain,,,,,,
Hepatitis B,itching,fatigue,lethargy,yellowish skin,dark urine,loss of appetite,abdominal pain,yellow urine,yellowing of eyes,malaise,blood transfusion,injections,,,,,
Hepatitis C,fatigue,yellowish skin,nausea,loss of appetite,yellowing of eyes,family history,,,,,,,,,,,
Hepatitis D,joint pain,vomiting,fatigue,yellowish skin,dark urine,nausea,loss of appetite,abdominal pain,yellowing of eyes,,,,,,,,
Hepatitis E,joint pain,vomiting,fatigue,high fever,yellowish skin,dark urine,nausea,loss of appetite,abdominal pain,yellowing of eyes,acute liver failure,unconscious,blood in vomit,,,,
Alcoholic hepatitis,vomiting,yellowish skin,abdominal pain,swelling of stomach,bloated stomach,alcohol use,swelling,,,,,,,,,,
Tuberculosis,chills,vomiting,fatigue,weight loss,cough,high fever,breathlessness,sweating,loss of appetite,mild fever,yellowing of eyes,swelled lymph nodes,malaise,phlegm,chest pain,blood in sputum,
Common Cold,continuous sneezing,chills,fatigue,cough,high fever,headache,swelled lymph nodes,malaise,phlegm,throat irritation,redness of eyes,sinus pain,runny nose,congestion,chest pain,loss of smell,muscle pain
Pneumonia,chills,fatigue,cough,high fever,breathlessness,sweating,malaise,phlegm,chest pain,fast heart rate,bloody mucus,,,,,,
Dimorphic hemmorhoids(piles),constipation,pain during bowel movements,pain in anal region,bloody stool,irritation in anus,,,,,,,,,,,,
Heart attack,vomiting,breathlessness,sweating,chest pain,,,,,,,,,,,,,
Varicose veins,fatigue,cramps,bruising,obesity,swollen legs,swollen blood vessels,veins on legs,,,,,,,,,,
Hypothyroidism,fatigue,weight gain,cold hands and feets,mood swings,lethargy,dizziness,puffy face,swollen neck,weak nails,swollen limbs,depression,irritability,irregular periods,,,,
Hyperthyroidism,fatigue,mood swings,weight loss,restlessness,sweating,diarrhoea,fast heart rate,excessive hunger,muscle weakness,irritability,irregular periods,,,,,,
Hypoglycemia,vomiting,fatigue,anxiety,sweating,headache,nausea,blurry vision,excessive hunger,tingling lips,slurring,irritability,fast heart beat,,,,,
Osteoarthristis,joint pain,neck pain,knee pain,hip joint pain,swelling joints,painful walking,,,,,,,,,,,
Arthritis,muscle weakness,stiff neck,swelling joints,movement stiffness,painful walking,,,,,,,,,,,,
(vertigo) Paroymsal  Positional Vertigo,vomiting,headache,nausea,spinning movements,loss of balance,unsteadiness,,,,,,,,,,,
Acne,skin rash,pus filled pimples,blackheads,scurring,,,,,,,,,,,,,
Urinary tract infection,burning pee,bladder discomfort,foul smell of urine,need to pee,,,,,,,,,,,,,
Psoriasis,skin rash,joint pain,skin peeling,silver like dusting,small dents in nails,inflammatory nails,,,,,,,,,,,
Impetigo,skin rash,high fever,blister,red sore around nose,yellow crust ooze,,,,,,,,,,,,
Fungal infection,itching,skin rash,skin bumps,discolored skin patches,,,,,,,,,,,,,
Allergy,continuous sneezing,shivering,chills,watery eyes,,,,,,,,,,,,,
GERD,stomach pain,acidity,ulcers on tongue,vomiting,cough,chest pain,,,,,,,,,,,
Chronic cholestasis,itching,vomiting,yellowish skin,nausea,loss of appetite,abdominal pain,yellowing of eyes,,,,,,,,,,
Drug Reaction,itching,skin rash,stomach pain,burning pee,spotting urine,,,,,,,,,,,,
Peptic ulcer diseae,vomiting,indigestion,loss of appetite,abdominal pain,farting,itching inside,,,,,,,,,,,
AIDS,muscle wasting,patches in throat,high fever,extra marital contacts,,,,,,,,,,,,,
Diabetes ,fatigue,weight loss,restlessness,lethargy,irregular sugar level,blurry vision,obesity,excessive hunger,increased appetite,peeing a lot,,,,,,,
Gastroenteritis,vomiting,sunken eyes,dehydration,diarrhoea,,,,,,,,,,,,,
Bronchial Asthma,fatigue,cough,high fever,breathlessness,family history,mucus,,,,,,,,,,,
Hypertension ,headache,chest pain,dizziness,loss of balance,lack of concentration,,,,,,,,,,,,
Migraine,acidity,indigestion,headache,blurry vision,excessive hunger,stiff neck,depression,irritability,visual disturbances,,,,,,,,
Cervical spondylosis,back pain,weakness in limbs,neck pain,dizziness,loss of balance,,,,,,,,,,,,
Paralysis (brain hemorrhage),vomiting,headache,weakness of one body side,confusion,,,,,,,,,,,,,
Jaundice,itching,vomiting,fatigue,weight loss,high fever,yellowish skin,dark urine,abdominal pain,,,,,,,,,
Malaria,chills,vomiting,high fever,sweating,headache,nausea,diarrhoea,muscle pain,,,,,,,,,
Chicken pox,itching,skin rash,fatigue,lethargy,high fever,headache,loss of appetite,mild fever,swelled lymph nodes,malaise,red spots over body,,,,,,
Dengue,skin rash,chills,joint pain,vomiting,fatigue,high fever,headache,nausea,loss of appetite,pain behind the eyes,back pain,malaise,muscle pain,red spots over body,,,
Typhoid,chills,vomiting,fatigue,high fever,headache,nausea,constipation,abdominal pain,diarrhoea,sickly look,belly pain,,,,,,
hepatitis A,joint pain,vomiting,yellowish skin,dark urine,nausea,loss of appetite,abdominal pain,diarrhoea,mild fever,yellowing of eyes,muscle pain,,,,,,
Hepatitis B,itching,fatigue,lethargy,yellowish skin,dark urine,loss of appetite,abdominal pain,yellow urine,yellowing of eyes,malaise,blood transfusion,injections,,,,,
Hepatitis C,fatigue,yellowish skin,nausea,loss of appetite,yellowing of eyes,family history,,,,,,,,,,,
Hepatitis D,joint pain,vomiting,fatigue,yellowish skin,dark urine,nausea,loss of appetite,abdominal pain,yellowing of eyes,,,,,,,,
Hepatitis E,joint pain,vomiting,fatigue,high fever,yellowish skin,dark urine,nausea,loss of appetite,abdominal pain,yellowing of eyes,acute liver failure,unconscious,blood in vomit,,,,
Alcoholic hepatitis,vomiting,yellowish skin,abdominal pain,swelling of stomach,bloated stomach,alcohol use,swelling,,,,,,,,,,
Tuberculosis,chills,vomiting,fatigue,weight loss,cough,high fever,breathlessness,sweating,loss of appetite,mild fever,yellowing of eyes,swelled lymph nodes,malaise,phlegm,chest pain,blood in sputum,
Common Cold,continuous sneezing,chills,fatigue,cough,high fever,headache,swelled lymph nodes,malaise,phlegm,throat irritation,redness of eyes,sinus pain,runny nose,congestion,chest pain,loss of smell,muscle pain
Pneumonia,chills,fatigue,cough,high fever,breathlessness,sweating,malaise,phlegm,chest pain,fast heart rate,bloody mucus,,,,,,
Dimorphic hemmorhoids(piles),constipation,pain during bowel movements,pain in anal region,bloody stool,irritation in anus,,,,,,,,,,,,
Heart attack,vomiting,breathlessness,sweating,chest pain,,,,,,,,,,,,,
Varicose veins,fatigue,cramps,bruising,obesity,swollen legs,swollen blood vessels,veins on legs,,,,,,,,,,
Hypothyroidism,fatigue,weight gain,cold hands and feets,mood swings,lethargy,dizziness,puffy face,swollen neck,weak nails,swollen limbs,depression,irritability,irregular periods,,,,
Hyperthyroidism,fatigue,mood swings,weight loss,restlessness,sweating,diarrhoea,fast heart rate,excessive hunger,muscle weakness,irritability,irregular periods,,,,,,
Hypoglycemia,vomiting,fatigue,anxiety,sweating,headache,nausea,blurry vision,excessive hunger,tingling lips,slurring,irritability,fast heart beat,,,,,
Osteoarthristis,joint pain,neck pain,knee pain,hip joint pain,swelling joints,painful walking,,,,,,,,,,,
Arthritis,muscle weakness,stiff neck,swelling joints,movement stiffness,painful walking,,,,,,,,,,,,
(vertigo) Paroymsal  Positional Vertigo,vomiting,headache,nausea,spinning movements,loss of balance,unsteadiness,,,,,,,,,,,
Acne,skin rash,pus filled pimples,blackheads,scurring,,,,,,,,,,,,,
Urinary tract infection,burning pee,bladder discomfort,foul smell of urine,need to pee,,,,,,,,,,,,,
Psoriasis,skin rash,joint pain,skin peeling,silver like dusting,small dents in nails,inflammatory nails,,,,,,,,,,,
Impetigo,skin rash,high fever,blister,red sore around nose,yellow crust ooze,,,,,,,,,,,,
Fungal infection,itching,skin rash,skin bumps,discolored skin patches,,,,,,,,,,,,,
Allergy,continuous sneezing,shivering,chills,watery eyes,,,,,,,,,,,,,
GERD,stomach pain,acidity,ulcers on tongue,vomiting,cough,chest pain,,,,,,,,,,,
Chronic cholestasis,itching,vomiting,yellowish skin,nausea,loss of appetite,abdominal pain,yellowing of eyes,,,,,,,,,,
Drug Reaction,itching,skin rash,stomach pain,burning pee,spotting urine,,,,,,,,,,,,
Peptic ulcer diseae,vomiting,indigestion,loss of appetite,abdominal pain,farting,itching inside,,,,,,,,,,,
AIDS,muscle wasting,patches in throat,high fever,extra marital contacts,,,,,,,,,,,,,
Diabetes ,fatigue,weight loss,restlessness,lethargy,irregular sugar level,blurry vision,obesity,excessive hunger,increased appetite,peeing a lot,,,,,,,
Gastroenteritis,vomiting,sunken eyes,dehydration,diarrhoea,,,,,,,,,,,,,
Bronchial Asthma,fatigue,cough,high fever,breathlessness,family history,mucus,,,,,,,,,,,
Hypertension ,headache,chest pain,dizziness,loss of balance,lack of concentration,,,,,,,,,,,,
Migraine,acidity,indigestion,headache,blurry vision,excessive hunger,stiff neck,depression,irritability,visual disturbances,,,,,,,,
Cervical spondylosis,back pain,weakness in limbs,neck pain,dizziness,loss of balance,,,,,,,,,,,,
Paralysis (brain hemorrhage),vomiting,headache,weakness of one body side,confusion,,,,,,,,,,,,,
Jaundice,itching,vomiting,fatigue,weight loss,high fever,yellowish skin,dark urine,abdominal pain,,,,,,,,,
Malaria,chills,vomiting,high fever,sweating,headache,nausea,diarrhoea,muscle pain,,,,,,,,,
Chicken pox,itching,skin rash,fatigue,lethargy,high fever,headache,loss of appetite,mild fever,swelled lymph nodes,malaise,red spots over body,,,,,,
Dengue,skin rash,chills,joint pain,vomiting,fatigue,high fever,headache,nausea,loss of appetite,pain behind the eyes,back pain,malaise,muscle pain,red spots over body,,,
Typhoid,chills,vomiting,fatigue,high fever,headache,nausea,constipation,abdominal pain,diarrhoea,sickly look,belly pain,,,,,,
hepatitis A,joint pain,vomiting,yellowish skin,dark urine,nausea,loss of appetite,abdominal pain,diarrhoea,mild fever,yellowing of eyes,muscle pain,,,,,,
Hepatitis B,itching,fatigue,lethargy,yellowish skin,dark urine,loss of appetite,abdominal pain,yellow urine,yellowing of eyes,malaise,blood transfusion,injections,,,,,
Hepatitis C,fatigue,yellowish skin,nausea,loss of appetite,yellowing of eyes,family history,,,,,,,,,,,
Hepatitis D,joint pain,vomiting,fatigue,yellowish skin,dark urine,nausea,loss of appetite,abdominal pain,yellowing of eyes,,,,,,,,
Hepatitis E,joint pain,vomiting,fatigue,high fever,yellowish skin,dark urine,nausea,loss of appetite,abdominal pain,yellowing of eyes,acute liver failure,unconscious,blood in vomit,,,,
Alcoholic hepatitis,vomiting,yellowish skin,abdominal pain,swelling of stomach,bloated stomach,alcohol use,swelling,,,,,,,,,,
Tuberculosis,chills,vomiting,fatigue,weight loss,cough,high fever,breathlessness,sweating,loss of appetite,mild fever,yellowing of eyes,swelled lymph nodes,malaise,phlegm,chest pain,blood in sputum,
Common Cold,continuous sneezing,chills,fatigue,cough,high fever,headache,swelled lymph nodes,malaise,phlegm,throat irritation,redness of eyes,sinus pain,runny nose,congestion,chest pain,loss of smell,muscle pain
Pneumonia,chills,fatigue,cough,high fever,breathlessness,sweating,malaise,phlegm,chest pain,fast heart rate,bloody mucus,,,,,,
Dimorphic hemmorhoids(piles),constipation,pain during bowel movements,pain in anal region,bloody stool,irritation in anus,,,,,,,,,,,,
Heart attack,vomiting,breathlessness,sweating,chest pain,,,,,,,,,,,,,
Varicose veins,fatigue,cramps,bruising,obesity,swollen legs,swollen blood vessels,veins on legs,,,,,,,,,,
Hypothyroidism,fatigue,weight gain,cold hands and feets,mood swings,lethargy,dizziness,puffy face,swollen neck,weak nails,swollen limbs,depression,irritability,irregular periods,,,,
Hyperthyroidism,fatigue,mood swings,weight loss,restlessness,sweating,diarrhoea,fast heart rate,excessive hunger,muscle weakness,irritability,irregular periods,,,,,,
Hypoglycemia,vomiting,fatigue,anxiety,sweating,headache,nausea,blurry vision,excessive hunger,tingling lips,slurring,irritability,fast heart beat,,,,,
Osteoarthristis,joint pain,neck pain,knee pain,hip joint pain,swelling joints,painful walking,,,,,,,,,,,
Arthritis,muscle weakness,stiff neck,swelling joints,movement stiffness,painful walking,,,,,,,,,,,,
(vertigo) Paroymsal  Positional Vertigo,vomiting,headache,nausea,spinning movements,loss of balance,unsteadiness,,,,,,,,,,,
Acne,skin rash,pus filled pimples,blackheads,scurring,,,,,,,,,,,,,
Urinary tract infection,burning pee,bladder discomfort,foul smell of urine,need to pee,,,,,,,,,,,,,
Psoriasis,skin rash,joint pain,skin peeling,silver like dusting,small dents in nails,inflammatory nails,,,,,,,,,,,
Impetigo,skin rash,high fever,blister,red sore around nose,yellow crust ooze,,,,,,,,,,,,
Fungal infection,itching,skin rash,skin bumps,discolored skin patches,,,,,,,,,,,,,
Allergy,continuous sneezing,shivering,chills,watery eyes,,,,,,,,,,,,,
GERD,stomach pain,acidity,ulcers on tongue,vomiting,cough,chest pain,,,,,,,,,,,
Chronic cholestasis,itching,vomiting,yellowish skin,nausea,loss of appetite,abdominal pain,yellowing of eyes,,,,,,,,,,
Drug Reaction,itching,skin rash,stomach pain,burning pee,spotting urine,,,,,,,,,,,,
Peptic ulcer diseae,vomiting,indigestion,loss of appetite,abdominal pain,farting,itching inside,,,,,,,,,,,
AIDS,muscle wasting,patches in throat,high fever,extra marital contacts,,,,,,,,,,,,,
Diabetes ,fatigue,weight loss,restlessness,lethargy,irregular sugar level,blurry vision,obesity,excessive hunger,increased appetite,peeing a lot,,,,,,,
Gastroenteritis,vomiting,sunken eyes,dehydration,diarrhoea,,,,,,,,,,,,,
Bronchial Asthma,fatigue,cough,high fever,breathlessness,family history,mucus,,,,,,,,,,,
Hypertension ,headache,chest pain,dizziness,loss of balance,lack of concentration,,,,,,,,,,,,
Migraine,acidity,indigestion,headache,blurry vision,excessive hunger,stiff neck,depression,irritability,visual disturbances,,,,,,,,
Cervical spondylosis,back pain,weakness in limbs,neck pain,dizziness,loss of balance,,,,,,,,,,,,
Paralysis (brain hemorrhage),vomiting,headache,weakness of one body side,confusion,,,,,,,,,,,,,
Jaundice,itching,vomiting,fatigue,weight loss,high fever,yellowish skin,dark urine,abdominal pain,,,,,,,,,
Malaria,chills,vomiting,high fever,sweating,headache,nausea,diarrhoea,muscle pain,,,,,,,,,
Chicken pox,itching,skin rash,fatigue,lethargy,high fever,headache,loss of appetite,mild fever,swelled lymph nodes,malaise,red spots over body,,,,,,
Dengue,skin rash,chills,joint pain,vomiting,fatigue,high fever,headache,nausea,loss of appetite,pain behind the eyes,back pain,malaise,muscle pain,red spots over body,,,
Typhoid,chills,vomiting,fatigue,high fever,headache,nausea,constipation,abdominal pain,diarrhoea,sickly look,belly pain,,,,,,
hepatitis A,joint pain,vomiting,yellowish skin,dark urine,nausea,loss of appetite,abdominal pain,diarrhoea,mild fever,yellowing of eyes,muscle pain,,,,,,
Hepatitis B,itching,fatigue,lethargy,yellowish skin,dark urine,loss of appetite,abdominal pain,yellow urine,yellowing of eyes,malaise,blood transfusion,injections,,,,,
Hepatitis C,fatigue,yellowish skin,nausea,loss of appetite,yellowing of eyes,family history,,,,,,,,,,,
Hepatitis D,joint pain,vomiting,fatigue,yellowish skin,dark urine,nausea,loss of appetite,abdominal pain,yellowing of eyes,,,,,,,,
Hepatitis E,joint pain,vomiting,fatigue,high fever,yellowish skin,dark urine,nausea,loss of appetite,abdominal pain,yellowing of eyes,acute liver failure,unconscious,blood in vomit,,,,
Alcoholic hepatitis,vomiting,yellowish skin,abdominal pain,swelling of stomach,bloated stomach,alcohol use,swelling,,,,,,,,,,
Tuberculosis,chills,vomiting,fatigue,weight loss,cough,high fever,breathlessness,sweating,loss of appetite,mild fever,yellowing of eyes,swelled lymph nodes,malaise,phlegm,chest pain,blood in sputum,
Common Cold,continuous sneezing,chills,fatigue,cough,high fever,headache,swelled lymph nodes,malaise,phlegm,throat irritation,redness of eyes,sinus pain,runny nose,congestion,chest pain,loss of smell,muscle pain
Pneumonia,chills,fatigue,cough,high fever,breathlessness,sweating,malaise,phlegm,chest pain,fast heart rate,bloody mucus,,,,,,
Dimorphic hemmorhoids(piles),constipation,pain during bowel movements,pain in anal region,bloody stool,irritation in anus,,,,,,,,,,,,
Heart attack,vomiting,breathlessness,sweating,chest pain,,,,,,,,,,,,,
Varicose veins,fatigue,cramps,bruising,obesity,swollen legs,swollen blood vessels,veins on legs,,,,,,,,,,
Hypothyroidism,fatigue,weight gain,cold hands and feets,mood swings,lethargy,dizziness,puffy face,swollen neck,weak nails,swollen limbs,depression,irritability,irregular periods,,,,
Hyperthyroidism,fatigue,mood swings,weight loss,restlessness,sweating,diarrhoea,fast heart rate,excessive hunger,muscle weakness,irritability,irregular periods,,,,,,
Hypoglycemia,vomiting,fatigue,anxiety,sweating,headache,nausea,blurry vision,excessive hunger,tingling lips,slurring,irritability,fast heart beat,,,,,
Osteoarthristis,joint pain,neck pain,knee pain,hip joint pain,swelling joints,painful walking,,,,,,,,,,,
Arthritis,muscle weakness,stiff neck,swelling joints,movement stiffness,painful walking,,,,,,,,,,,,
(vertigo) Paroymsal  Positional Vertigo,vomiting,headache,nausea,spinning movements,loss of balance,unsteadiness,,,,,,,,,,,
Acne,skin rash,pus filled pimples,blackheads,scurring,,,,,,,,,,,,,
Urinary tract infection,burning pee,bladder discomfort,foul smell of urine,need to pee,,,,,,,,,,,,,
Psoriasis,skin rash,joint pain,skin peeling,silver like dusting,small dents in nails,inflammatory nails,,,,,,,,,,,
Impetigo,skin rash,high fever,blister,red sore around nose,yellow crust ooze,,,,,,,,,,,,
Fungal infection,itching,skin rash,skin bumps,discolored skin patches,,,,,,,,,,,,,
Allergy,continuous sneezing,shivering,chills,watery eyes,,,,,,,,,,,,,
GERD,stomach pain,acidity,ulcers on tongue,vomiting,cough,chest pain,,,,,,,,,,,
Chronic cholestasis,itching,vomiting,yellowish skin,nausea,loss of appetite,abdominal pain,yellowing of eyes,,,,,,,,,,
Drug Reaction,itching,skin rash,stomach pain,burning pee,spotting urine,,,,,,,,,,,,
Peptic ulcer diseae,vomiting,indigestion,loss of appetite,abdominal pain,farting,itching inside,,,,,,,,,,,
AIDS,muscle wasting,patches in throat,high fever,extra marital contacts,,,,,,,,,,,,,
Diabetes ,fatigue,weight loss,restlessness,lethargy,irregular sugar level,blurry vision,obesity,excessive hunger,increased appetite,peeing a lot,,,,,,,
Gastroenteritis,vomiting,sunken eyes,dehydration,diarrhoea,,,,,,,,,,,,,
Bronchial Asthma,fatigue,cough,high fever,breathlessness,family history,mucus,,,,,,,,,,,
Hypertension ,headache,chest pain,dizziness,loss of balance,lack of concentration,,,,,,,,,,,,
Migraine,acidity,indigestion,headache,blurry vision,excessive hunger,stiff neck,depression,irritability,visual disturbances,,,,,,,,
Cervical spondylosis,back pain,weakness in limbs,neck pain,dizziness,loss of balance,,,,,,,,,,,,
Paralysis (brain hemorrhage),vomiting,headache,weakness of one body side,confusion,,,,,,,,,,,,,
Jaundice,itching,vomiting,fatigue,weight loss,high fever,yellowish skin,dark urine,abdominal pain,,,,,,,,,
Malaria,chills,vomiting,high fever,sweating,headache,nausea,diarrhoea,muscle pain,,,,,,,,,
Chicken pox,itching,skin rash,fatigue,lethargy,high fever,headache,loss of appetite,mild fever,swelled lymph nodes,malaise,red spots over body,,,,,,
Dengue,skin rash,chills,joint pain,vomiting,fatigue,high fever,headache,nausea,loss of appetite,pain behind the eyes,back pain,malaise,muscle pain,red spots over body,,,
Typhoid,chills,vomiting,fatigue,high fever,headache,nausea,constipation,abdominal pain,diarrhoea,sickly look,belly pain,,,,,,
hepatitis A,joint pain,vomiting,yellowish skin,dark urine,nausea,loss of appetite,abdominal pain,diarrhoea,mild fever,yellowing of eyes,muscle pain,,,,,,
Hepatitis B,itching,fatigue,lethargy,yellowish skin,dark urine,loss of appetite,abdominal pain,yellow urine,yellowing of eyes,malaise,blood transfusion,injections,,,,,
Hepatitis C,fatigue,yellowish skin,nausea,loss of appetite,yellowing of eyes,family history,,,,,,,,,,,
Hepatitis D,joint pain,vomiting,fatigue,yellowish skin,dark urine,nausea,loss of appetite,abdominal pain,yellowing of eyes,,,,,,,,
Hepatitis E,joint pain,vomiting,fatigue,high fever,yellowish skin,dark urine,nausea,loss of appetite,abdominal pain,yellowing of eyes,acute liver failure,unconscious,blood in vomit,,,,
Alcoholic hepatitis,vomiting,yellowish skin,abdominal pain,swelling of stomach,bloated stomach,alcohol use,swelling,,,,,,,,,,
Tuberculosis,chills,vomiting,fatigue,weight loss,cough,high fever,breathlessness,sweating,loss of appetite,mild fever,yellowing of eyes,swelled lymph nodes,malaise,phlegm,chest pain,blood in sputum,
Common Cold,continuous sneezing,chills,fatigue,cough,high fever,headache,swelled lymph nodes,malaise,phlegm,throat irritation,redness of eyes,sinus pain,runny nose,congestion,chest pain,loss of smell,muscle pain
Pneumonia,chills,fatigue,cough,high fever,breathlessness,sweating,malaise,phlegm,chest pain,fast heart rate,bloody mucus,,,,,,
Dimorphic hemmorhoids(piles),constipation,pain during bowel movements,pain in anal region,bloody stool,irritation in anus,,,,,,,,,,,,
Heart attack,vomiting,breathlessness,sweating,chest pain,,,,,,,,,,,,,
Varicose veins,fatigue,cramps,bruising,obesity,swollen legs,swollen blood vessels,veins on legs,,,,,,,,,,
Hypothyroidism,fatigue,weight gain,cold hands and feets,mood swings,lethargy,dizziness,puffy face,swollen neck,weak nails,swollen limbs,depression,irritability,irregular periods,,,,
Hyperthyroidism,fatigue,mood swings,weight loss,restlessness,sweating,diarrhoea,fast heart rate,excessive hunger,muscle weakness,irritability,irregular periods,,,,,,
Hypoglycemia,vomiting,fatigue,anxiety,sweating,headache,nausea,blurry vision,excessive hunger,tingling lips,slurring,irritability,fast heart beat,,,,,
Osteoarthristis,joint pain,neck pain,knee pain,hip joint pain,swelling joints,painful walking,,,,,,,,,,,
Arthritis,muscle weakness,stiff neck,swelling joints,movement stiffness,painful walking,,,,,,,,,,,,
(vertigo) Paroymsal  Positional Vertigo,vomiting,headache,nausea,spinning movements,loss of balance,unsteadiness,,,,,,,,,,,
Acne,skin rash,pus filled pimples,blackheads,scurring,,,,,,,,,,,,,
Urinary tract infection,burning pee,bladder discomfort,foul smell of urine,need to pee,,,,,,,,,,,,,
Psoriasis,skin rash,joint pain,skin peeling,silver like dusting,small dents in nails,inflammatory nails,,,,,,,,,,,
Impetigo,skin rash,high fever,blister,red sore around nose,yellow crust ooze,,,,,,,,,,,,
Fungal infection,itching,skin rash,skin bumps,discolored skin patches,,,,,,,,,,,,,
Allergy,continuous sneezing,shivering,chills,watery eyes,,,,,,,,,,,,,
GERD,stomach pain,acidity,ulcers on tongue,vomiting,cough,chest pain,,,,,,,,,,,
Chronic cholestasis,itching,vomiting,yellowish skin,nausea,loss of appetite,abdominal pain,yellowing of eyes,,,,,,,,,,
Drug Reaction,itching,skin rash,stomach pain,burning pee,spotting urine,,,,,,,,,,,,
Peptic ulcer diseae,vomiting,indigestion,loss of appetite,abdominal pain,farting,itching inside,,,,,,,,,,,
AIDS,muscle wasting,patches in throat,high fever,extra marital contacts,,,,,,,,,,,,,
Diabetes ,fatigue,weight loss,restlessness,lethargy,irregular sugar level,blurry vision,obesity,excessive hunger,increased appetite,peeing a lot,,,,,,,
Gastroenteritis,vomiting,sunken eyes,dehydration,diarrhoea,,,,,,,,,,,,,
Bronchial Asthma,fatigue,cough,high fever,breathlessness,family history,mucus,,,,,,,,,,,
Hypertension ,headache,chest pain,dizziness,loss of balance,lack of concentration,,,,,,,,,,,,
Migraine,acidity,indigestion,headache,blurry vision,excessive hunger,stiff neck,depression,irritability,visual disturbances,,,,,,,,
Cervical spondylosis,back pain,weakness in limbs,neck pain,dizziness,loss of balance,,,,,,,,,,,,
Paralysis (brain hemorrhage),vomiting,headache,weakness of one body side,confusion,,,,,,,,,,,,,
Jaundice,itching,vomiting,fatigue,weight loss,high fever,yellowish skin,dark urine,abdominal pain,,,,,,,,,
Malaria,chills,vomiting,high fever,sweating,headache,nausea,diarrhoea,muscle pain,,,,,,,,,
Chicken pox,itching,skin rash,fatigue,lethargy,high fever,headache,loss of appetite,mild fever,swelled lymph nodes,malaise,red spots over body,,,,,,
Dengue,skin rash,chills,joint pain,vomiting,fatigue,high fever,headache,nausea,loss of appetite,pain behind the eyes,back pain,malaise,muscle pain,red spots over body,,,
Typhoid,chills,vomiting,fatigue,high fever,headache,nausea,constipation,abdominal pain,diarrhoea,sickly look,belly pain,,,,,,
hepatitis A,joint pain,vomiting,yellowish skin,dark urine,nausea,loss of appetite,abdominal pain,diarrhoea,mild fever,yellowing of eyes,muscle pain,,,,,,
Hepatitis B,itching,fatigue,lethargy,yellowish skin,dark urine,loss of appetite,abdominal pain,yellow urine,yellowing of eyes,malaise,blood transfusion,injections,,,,,
Hepatitis C,fatigue,yellowish skin,nausea,loss of appetite,yellowing of eyes,family history,,,,,,,,,,,
Hepatitis D,joint pain,vomiting,fatigue,yellowish skin,dark urine,nausea,loss of appetite,abdominal pain,yellowing of eyes,,,,,,,,
Hepatitis E,joint pain,vomiting,fatigue,high fever,yellowish skin,dark urine,nausea,loss of appetite,abdominal pain,yellowing of eyes,acute liver failure,unconscious,blood in vomit,,,,
Alcoholic hepatitis,vomiting,yellowish skin,abdominal pain,swelling of stomach,bloated stomach,alcohol use,swelling,,,,,,,,,,
Tuberculosis,chills,vomiting,fatigue,weight loss,cough,high fever,breathlessness,sweating,loss of appetite,mild fever,yellowing of eyes,swelled lymph nodes,malaise,phlegm,chest pain,blood in sputum,
Common Cold,continuous sneezing,chills,fatigue,cough,high fever,headache,swelled lymph nodes,malaise,phlegm,throat irritation,redness of eyes,sinus pain,runny nose,congestion,chest pain,loss of smell,muscle pain
Pneumonia,chills,fatigue,cough,high fever,breathlessness,sweating,malaise,phlegm,chest pain,fast heart rate,bloody mucus,,,,,,
Dimorphic hemmorhoids(piles),constipation,pain during bowel movements,pain in anal region,bloody stool,irritation in anus,,,,,,,,,,,,
Heart attack,vomiting,breathlessness,sweating,chest pain,,,,,,,,,,,,,
Varicose veins,fatigue,cramps,bruising,obesity,swollen legs,swollen blood vessels,veins on legs,,,,,,,,,,
Hypothyroidism,fatigue,weight gain,cold hands and feets,mood swings,lethargy,dizziness,puffy face,swollen neck,weak nails,swollen limbs,depression,irritability,irregular periods,,,,
Hyperthyroidism,fatigue,mood swings,weight loss,restlessness,sweating,diarrhoea,fast heart rate,excessive hunger,muscle weakness,irritability,irregular periods,,,,,,
Hypoglycemia,vomiting,fatigue,anxiety,sweating,headache,nausea,blurry vision,excessive hunger,tingling lips,slurring,irritability,fast heart beat,,,,,
Osteoarthristis,joint pain,neck pain,knee pain,hip joint pain,swelling joints,painful walking,,,,,,,,,,,
Arthritis,muscle weakness,stiff neck,swelling joints,movement stiffness,painful walking,,,,,,,,,,,,
(vertigo) Paroymsal  Positional Vertigo,vomiting,headache,nausea,spinning movements,loss of balance,unsteadiness,,,,,,,,,,,
Acne,skin rash,pus filled pimples,blackheads,scurring,,,,,,,,,,,,,
Urinary tract infection,burning pee,bladder discomfort,foul smell of urine,need to pee,,,,,,,,,,,,,
Psoriasis,skin rash,joint pain,skin peeling,silver like dusting,small dents in nails,inflammatory nails,,,,,,,,,,,
Impetigo,skin rash,high fever,blister,red sore around nose,yellow crust ooze,,,,,,,,,,,,
Fungal infection,itching,skin rash,skin bumps,discolored skin patches,,,,,,,,,,,,,
Allergy,continuous sneezing,shivering,chills,watery eyes,,,,,,,,,,,,,
GERD,stomach pain,acidity,ulcers on tongue,vomiting,cough,chest pain,,,,,,,,,,,
Chronic cholestasis,itching,vomiting,yellowish skin,nausea,loss of appetite,abdominal pain,yellowing of eyes,,,,,,,,,,
Drug Reaction,itching,skin rash,stomach pain,burning pee,spotting urine,,,,,,,,,,,,
Peptic ulcer diseae,vomiting,indigestion,loss of appetite,abdominal pain,farting,itching inside,,,,,,,,,,,
AIDS,muscle wasting,patches in throat,high fever,extra marital contacts,,,,,,,,,,,,,
Diabetes ,fatigue,weight loss,restlessness,lethargy,irregular sugar level,blurry vision,obesity,excessive hunger,increased appetite,peeing a lot,,,,,,,
Gastroenteritis,vomiting,sunken eyes,dehydration,diarrhoea,,,,,,,,,,,,,
Bronchial Asthma,fatigue,cough,high fever,breathlessness,family history,mucus,,,,,,,,,,,
Hypertension ,headache,chest pain,dizziness,loss of balance,lack of concentration,,,,,,,,,,,,
Migraine,acidity,indigestion,headache,blurry vision,excessive hunger,stiff neck,depression,irritability,visual disturbances,,,,,,,,
Cervical spondylosis,back pain,weakness in limbs,neck pain,dizziness,loss of balance,,,,,,,,,,,,
Paralysis (brain hemorrhage),vomiting,headache,weakness of one body side,confusion,,,,,,,,,,,,,
Jaundice,itching,vomiting,fatigue,weight loss,high fever,yellowish skin,dark urine,abdominal pain,,,,,,,,,
Malaria,chills,vomiting,high fever,sweating,headache,nausea,diarrhoea,muscle pain,,,,,,,,,
Chicken pox,itching,skin rash,fatigue,lethargy,high fever,headache,loss of appetite,mild fever,swelled lymph nodes,malaise,red spots over body,,,,,,
Dengue,skin rash,chills,joint pain,vomiting,fatigue,high fever,headache,nausea,loss of appetite,pain behind the eyes,back pain,malaise,muscle pain,red spots over body,,,
Typhoid,chills,vomiting,fatigue,high fever,headache,nausea,constipation,abdominal pain,diarrhoea,sickly look,belly pain,,,,,,
hepatitis A,joint pain,vomiting,yellowish skin,dark urine,nausea,loss of appetite,abdominal pain,diarrhoea,mild fever,yellowing of eyes,muscle pain,,,,,,
Hepatitis B,itching,fatigue,lethargy,yellowish skin,dark urine,loss of appetite,abdominal pain,yellow urine,yellowing of eyes,malaise,blood transfusion,injections,,,,,
Hepatitis C,fatigue,yellowish skin,nausea,loss of appetite,yellowing of eyes,family history,,,,,,,,,,,
Hepatitis D,joint pain,vomiting,fatigue,yellowish skin,dark urine,nausea,loss of appetite,abdominal pain,yellowing of eyes,,,,,,,,
Hepatitis E,joint pain,vomiting,fatigue,high fever,yellowish skin,dark urine,nausea,loss of appetite,abdominal pain,yellowing of eyes,acute liver failure,unconscious,blood in vomit,,,,
Alcoholic hepatitis,vomiting,yellowish skin,abdominal pain,swelling of stomach,bloated stomach,alcohol use,swelling,,,,,,,,,,
Tuberculosis,chills,vomiting,fatigue,weight loss,cough,high fever,breathlessness,sweating,loss of appetite,mild fever,yellowing of eyes,swelled lymph nodes,malaise,phlegm,chest pain,blood in sputum,
Common Cold,continuous sneezing,chills,fatigue,cough,high fever,headache,swelled lymph nodes,malaise,phlegm,throat irritation,redness of eyes,sinus pain,runny nose,congestion,chest pain,loss of smell,muscle pain
Pneumonia,chills,fatigue,cough,high fever,breathlessness,sweating,malaise,phlegm,chest pain,fast heart rate,bloody mucus,,,,,,
Dimorphic hemmorhoids(piles),constipation,pain during bowel movements,pain in anal region,bloody stool,irritation in anus,,,,,,,,,,,,
Heart attack,vomiting,breathlessness,sweating,chest pain,,,,,,,,,,,,,
Varicose veins,fatigue,cramps,bruising,obesity,swollen legs,swollen blood vessels,veins on legs,,,,,,,,,,
Hypothyroidism,fatigue,weight gain,cold hands and feets,mood swings,lethargy,dizziness,puffy face,swollen neck,weak nails,swollen limbs,depression,irritability,irregular periods,,,,
Hyperthyroidism,fatigue,mood swings,weight loss,restlessness,sweating,diarrhoea,fast heart rate,excessive hunger,muscle weakness,irritability,irregular periods,,,,,,
Hypoglycemia,vomiting,fatigue,anxiety,sweating,headache,nausea,blurry vision,excessive hunger,tingling lips,slurring,irritability,fast heart beat,,,,,
Osteoarthristis,joint pain,neck pain,knee pain,hip joint pain,swelling joints,painful walking,,,,,,,,,,,
Arthritis,muscle weakness,stiff neck,swelling joints,movement stiffness,painful walking,,,,,,,,,,,,
(vertigo) Paroymsal  Positional Vertigo,vomiting,headache,nausea,spinning movements,loss of balance,unsteadiness,,,,,,,,,,,
Acne,skin rash,pus filled pimples,blackheads,scurring,,,,,,,,,,,,,
Urinary tract infection,burning pee,bladder discomfort,foul smell of urine,need to pee,,,,,,,,,,,,,
Psoriasis,skin rash,joint pain,skin peeling,silver like dusting,small dents in nails,inflammatory nails,,,,,,,,,,,
Impetigo,skin rash,high fever,blister,red sore around nose,yellow crust ooze,,,,,,,,,,,,
Fungal infection,itching,skin rash,skin bumps,discolored skin patches,,,,,,,,,,,,,
Allergy,continuous sneezing,shivering,chills,watery eyes,,,,,,,,,,,,,
GERD,stomach pain,acidity,ulcers on tongue,vomiting,cough,chest pain,,,,,,,,,,,
Chronic cholestasis,itching,vomiting,yellowish skin,nausea,loss of appetite,abdominal pain,yellowing of eyes,,,,,,,,,,
Drug Reaction,itching,skin rash,stomach pain,burning pee,spotting urine,,,,,,,,,,,,
Peptic ulcer diseae,vomiting,indigestion,loss of appetite,abdominal pain,farting,itching inside,,,,,,,,,,,
AIDS,muscle wasting,patches in throat,high fever,extra marital contacts,,,,,,,,,,,,,
Diabetes ,fatigue,weight loss,restlessness,lethargy,irregular sugar level,blurry vision,obesity,excessive hunger,increased appetite,peeing a lot,,,,,,,
Gastroenteritis,vomiting,sunken eyes,dehydration,diarrhoea,,,,,,,,,,,,,
Bronchial Asthma,fatigue,cough,high fever,breathlessness,family history,mucus,,,,,,,,,,,
Hypertension ,headache,chest pain,dizziness,loss of balance,lack of concentration,,,,,,,,,,,,
Migraine,acidity,indigestion,headache,blurry vision,excessive hunger,stiff neck,depression,irritability,visual disturbances,,,,,,,,
Cervical spondylosis,back pain,weakness in limbs,neck pain,dizziness,loss of balance,,,,,,,,,,,,
Paralysis (brain hemorrhage),vomiting,headache,weakness of one body side,confusion,,,,,,,,,,,,,
Jaundice,itching,vomiting,fatigue,weight loss,high fever,yellowish skin,dark urine,abdominal pain,,,,,,,,,
Malaria,chills,vomiting,high fever,sweating,headache,nausea,diarrhoea,muscle pain,,,,,,,,,
Chicken pox,itching,skin rash,fatigue,lethargy,high fever,headache,loss of appetite,mild fever,swelled lymph nodes,malaise,red spots over body,,,,,,
Dengue,skin rash,chills,joint pain,vomiting,fatigue,high fever,headache,nausea,loss of appetite,pain behind the eyes,back pain,malaise,muscle pain,red spots over body,,,
Typhoid,chills,vomiting,fatigue,high fever,headache,nausea,constipation,abdominal pain,diarrhoea,sickly look,belly pain,,,,,,
hepatitis A,joint pain,vomiting,yellowish skin,dark urine,nausea,loss of appetite,abdominal pain,diarrhoea,mild fever,yellowing of eyes,muscle pain,,,,,,
Hepatitis B,itching,fatigue,lethargy,yellowish skin,dark urine,loss of appetite,abdominal pain,yellow urine,yellowing of eyes,malaise,blood transfusion,injections,,,,,
Hepatitis C,fatigue,yellowish skin,nausea,loss of appetite,yellowing of eyes,family history,,,,,,,,,,,
Hepatitis D,joint pain,vomiting,fatigue,yellowish skin,dark urine,nausea,loss of appetite,abdominal pain,yellowing of eyes,,,,,,,,
Hepatitis E,joint pain,vomiting,fatigue,high fever,yellowish skin,dark urine,nausea,loss of appetite,abdominal pain,yellowing of eyes,acute liver failure,unconscious,blood in vomit,,,,
Alcoholic hepatitis,vomiting,yellowish skin,abdominal pain,swelling of stomach,bloated stomach,alcohol use,swelling,,,,,,,,,,
Tuberculosis,chills,vomiting,fatigue,weight loss,cough,high fever,breathlessness,sweating,loss of appetite,mild fever,yellowing of eyes,swelled lymph nodes,malaise,phlegm,chest pain,blood in sputum,
Common Cold,continuous sneezing,chills,fatigue,cough,high fever,headache,swelled lymph nodes,malaise,phlegm,throat irritation,redness of eyes,sinus pain,runny nose,congestion,chest pain,loss of smell,muscle pain
Pneumonia,chills,fatigue,cough,high fever,breathlessness,sweating,malaise,phlegm,chest pain,fast heart rate,bloody mucus,,,,,,
Dimorphic hemmorhoids(piles),constipation,pain during bowel movements,pain in anal region,bloody stool,irritation in anus,,,,,,,,,,,,
Heart attack,vomiting,breathlessness,sweating,chest pain,,,,,,,,,,,,,
Varicose veins,fatigue,cramps,bruising,obesity,swollen legs,swollen blood vessels,veins on legs,,,,,,,,,,
Hypothyroidism,fatigue,weight gain,cold hands and feets,mood swings,lethargy,dizziness,puffy face,swollen neck,weak nails,swollen limbs,depression,irritability,irregular periods,,,,
Hyperthyroidism,fatigue,mood swings,weight loss,restlessness,sweating,diarrhoea,fast heart rate,excessive hunger,muscle weakness,irritability,irregular periods,,,,,,
Hypoglycemia,vomiting,fatigue,anxiety,sweating,headache,nausea,blurry vision,excessive hunger,tingling lips,slurring,irritability,fast heart beat,,,,,
Osteoarthristis,joint pain,neck pain,knee pain,hip joint pain,swelling joints,painful walking,,,,,,,,,,,
Arthritis,muscle weakness,stiff neck,swelling joints,movement stiffness,painful walking,,,,,,,,,,,,
(vertigo) Paroymsal  Positional Vertigo,vomiting,headache,nausea,spinning movements,loss of balance,unsteadiness,,,,,,,,,,,
Acne,skin rash,pus filled pimples,blackheads,scurring,,,,,,,,,,,,,
Urinary tract infection,burning pee,bladder discomfort,foul smell of urine,need to pee,,,,,,,,,,,,,
Psoriasis,skin rash,joint pain,skin peeling,silver like dusting,small dents in nails,inflammatory nails,,,,,,,,,,,
Impetigo,skin rash,high fever,blister,red sore around nose,yellow crust ooze,,,,,,,,,,,,
Fungal infection,itching,skin rash,skin bumps,discolored skin patches,,,,,,,,,,,,,
Allergy,continuous sneezing,shivering,chills,watery eyes,,,,,,,,,,,,,
GERD,stomach pain,acidity,ulcers on tongue,vomiting,cough,chest pain,,,,,,,,,,,
Chronic cholestasis,itching,vomiting,yellowish skin,nausea,loss of appetite,abdominal pain,yellowing of eyes,,,,,,,,,,
Drug Reaction,itching,skin rash,stomach pain,burning pee,spotting urine,,,,,,,,,,,,
Peptic ulcer diseae,vomiting,indigestion,loss of appetite,abdominal pain,farting,itching inside,,,,,,,,,,,
AIDS,muscle wasting,patches in throat,high fever,extra marital contacts,,,,,,,,,,,,,
Diabetes ,fatigue,weight loss,restlessness,lethargy,irregular sugar level,blurry vision,obesity,excessive hunger,increased appetite,peeing a lot,,,,,,,
Gastroenteritis,vomiting,sunken eyes,dehydration,diarrhoea,,,,,,,,,,,,,
Bronchial Asthma,fatigue,cough,high fever,breathlessness,family history,mucus,,,,,,,,,,,
Hypertension ,headache,chest pain,dizziness,loss of balance,lack of concentration,,,,,,,,,,,,
Migraine,acidity,indigestion,headache,blurry vision,excessive hunger,stiff neck,depression,irritability,visual disturbances,,,,,,,,
Cervical spondylosis,back pain,weakness in limbs,neck pain,dizziness,loss of balance,,,,,,,,,,,,
Paralysis (brain hemorrhage),vomiting,headache,weakness of one body side,confusion,,,,,,,,,,,,,
Jaundice,itching,vomiting,fatigue,weight loss,high fever,yellowish skin,dark urine,abdominal pain,,,,,,,,,
Malaria,chills,vomiting,high fever,sweating,headache,nausea,diarrhoea,muscle pain,,,,,,,,,
Chicken pox,itching,skin rash,fatigue,lethargy,high fever,headache,loss of appetite,mild fever,swelled lymph nodes,malaise,red spots over body,,,,,,
Dengue,skin rash,chills,joint pain,vomiting,fatigue,high fever,headache,nausea,loss of appetite,pain behind the eyes,back pain,malaise,muscle pain,red spots over body,,,
Typhoid,chills,vomiting,fatigue,high fever,headache,nausea,constipation,abdominal pain,diarrhoea,sickly look,belly pain,,,,,,
hepatitis A,joint pain,vomiting,yellowish skin,dark urine,nausea,loss of appetite,abdominal pain,diarrhoea,mild fever,yellowing of eyes,muscle pain,,,,,,
Hepatitis B,itching,fatigue,lethargy,yellowish skin,dark urine,loss of appetite,abdominal pain,yellow urine,yellowing of eyes,malaise,blood transfusion,injections,,,,,
Hepatitis C,fatigue,yellowish skin,nausea,loss of appetite,yellowing of eyes,family history,,,,,,,,,,,
Hepatitis D,joint pain,vomiting,fatigue,yellowish skin,dark urine,nausea,loss of appetite,abdominal pain,yellowing of eyes,,,,,,,,
Hepatitis E,joint pain,vomiting,fatigue,high fever,yellowish skin,dark urine,nausea,loss of appetite,abdominal pain,yellowing of eyes,acute liver failure,unconscious,blood in vomit,,,,
Alcoholic hepatitis,vomiting,yellowish skin,abdominal pain,swelling of stomach,bloated stomach,alcohol use,swelling,,,,,,,,,,
Tuberculosis,chills,vomiting,fatigue,weight loss,cough,high fever,breathlessness,sweating,loss of appetite,mild fever,yellowing of eyes,swelled lymph nodes,malaise,phlegm,chest pain,blood in sputum,
Common Cold,continuous sneezing,chills,fatigue,cough,high fever,headache,swelled lymph nodes,malaise,phlegm,throat irritation,redness of eyes,sinus pain,runny nose,congestion,chest pain,loss of smell,muscle pain
Pneumonia,chills,fatigue,cough,high fever,breathlessness,sweating,malaise,phlegm,chest pain,fast heart rate,bloody mucus,,,,,,
Dimorphic hemmorhoids(piles),constipation,pain during bowel movements,pain in anal region,bloody stool,irritation in anus,,,,,,,,,,,,
Heart attack,vomiting,breathlessness,sweating,chest pain,,,,,,,,,,,,,
Varicose veins,fatigue,cramps,bruising,obesity,swollen legs,swollen blood vessels,veins on legs,,,,,,,,,,
Hypothyroidism,fatigue,weight gain,cold hands and feets,mood swings,lethargy,dizziness,puffy face,swollen neck,weak nails,swollen limbs,depression,irritability,irregular periods,,,,
Hyperthyroidism,fatigue,mood swings,weight loss,restlessness,sweating,diarrhoea,fast heart rate,excessive hunger,muscle weakness,irritability,irregular periods,,,,,,
Hypoglycemia,vomiting,fatigue,anxiety,sweating,headache,nausea,blurry vision,excessive hunger,tingling lips,slurring,irritability,fast heart beat,,,,,
Osteoarthristis,joint pain,neck pain,knee pain,hip joint pain,swelling joints,painful walking,,,,,,,,,,,
Arthritis,muscle weakness,stiff neck,swelling joints,movement stiffness,painful walking,,,,,,,,,,,,
(vertigo) Paroymsal  Positional Vertigo,vomiting,headache,nausea,spinning movements,loss of balance,unsteadiness,,,,,,,,,,,
Acne,skin rash,pus filled pimples,blackheads,scurring,,,,,,,,,,,,,
Urinary tract infection,burning pee,bladder discomfort,foul smell of urine,need to pee,,,,,,,,,,,,,
Psoriasis,skin rash,joint pain,skin peeling,silver like dusting,small dents in nails,inflammatory nails,,,,,,,,,,,
Impetigo,skin rash,high fever,blister,red sore around nose,yellow crust ooze,,,,,,,,,,,,
Fungal infection,itching,skin rash,skin bumps,discolored skin patches,,,,,,,,,,,,,
Allergy,continuous sneezing,shivering,chills,watery eyes,,,,,,,,,,,,,
GERD,stomach pain,acidity,ulcers on tongue,vomiting,cough,chest pain,,,,,,,,,,,
Chronic cholestasis,itching,vomiting,yellowish skin,nausea,loss of appetite,abdominal pain,yellowing of eyes,,,,,,,,,,
Drug Reaction,itching,skin rash,stomach pain,burning pee,spotting urine,,,,,,,,,,,,
Peptic ulcer diseae,vomiting,indigestion,loss of appetite,abdominal pain,farting,itching inside,,,,,,,,,,,
AIDS,muscle wasting,patches in throat,high fever,extra marital contacts,,,,,,,,,,,,,
Diabetes ,fatigue,weight loss,restlessness,lethargy,irregular sugar level,blurry vision,obesity,excessive hunger,increased appetite,peeing a lot,,,,,,,
Gastroenteritis,vomiting,sunken eyes,dehydration,diarrhoea,,,,,,,,,,,,,
Bronchial Asthma,fatigue,cough,high fever,breathlessness,family history,mucus,,,,,,,,,,,
Hypertension ,headache,chest pain,dizziness,loss of balance,lack of concentration,,,,,,,,,,,,
Migraine,acidity,indigestion,headache,blurry vision,excessive hunger,stiff neck,depression,irritability,visual disturbances,,,,,,,,
Cervical spondylosis,back pain,weakness in limbs,neck pain,dizziness,loss of balance,,,,,,,,,,,,
Paralysis (brain hemorrhage),vomiting,headache,weakness of one body side,confusion,,,,,,,,,,,,,
Jaundice,itching,vomiting,fatigue,weight loss,high fever,yellowish skin,dark urine,abdominal pain,,,,,,,,,
Malaria,chills,vomiting,high fever,sweating,headache,nausea,diarrhoea,muscle pain,,,,,,,,,
Chicken pox,itching,skin rash,fatigue,lethargy,high fever,headache,loss of appetite,mild fever,swelled lymph nodes,malaise,red spots over body,,,,,,
Dengue,skin rash,chills,joint pain,vomiting,fatigue,high fever,headache,nausea,loss of appetite,pain behind the eyes,back pain,malaise,muscle pain,red spots over body,,,
Typhoid,chills,vomiting,fatigue,high fever,headache,nausea,constipation,abdominal pain,diarrhoea,sickly look,belly pain,,,,,,
hepatitis A,joint pain,vomiting,yellowish skin,dark urine,nausea,loss of appetite,abdominal pain,diarrhoea,mild fever,yellowing of eyes,muscle pain,,,,,,
Hepatitis B,itching,fatigue,lethargy,yellowish skin,dark urine,loss of appetite,abdominal pain,yellow urine,yellowing of eyes,malaise,blood transfusion,injections,,,,,
Hepatitis C,fatigue,yellowish skin,nausea,loss of appetite,yellowing of eyes,family history,,,,,,,,,,,
Hepatitis D,joint pain,vomiting,fatigue,yellowish skin,dark urine,nausea,loss of appetite,abdominal pain,yellowing of eyes,,,,,,,,
Hepatitis E,joint pain,vomiting,fatigue,high fever,yellowish skin,dark urine,nausea,loss of appetite,abdominal pain,yellowing of eyes,acute liver failure,unconscious,blood in vomit,,,,
Alcoholic hepatitis,vomiting,yellowish skin,abdominal pain,swelling of stomach,bloated stomach,alcohol use,swelling,,,,,,,,,,
Tuberculosis,chills,vomiting,fatigue,weight loss,cough,high fever,breathlessness,sweating,loss of appetite,mild fever,yellowing of eyes,swelled lymph nodes,malaise,phlegm,chest pain,blood in sputum,
Common Cold,continuous sneezing,chills,fatigue,cough,high fever,headache,swelled lymph nodes,malaise,phlegm,throat irritation,redness of eyes,sinus pain,runny nose,congestion,chest pain,loss of smell,muscle pain
Pneumonia,chills,fatigue,cough,high fever,breathlessness,sweating,malaise,phlegm,chest pain,fast heart rate,bloody mucus,,,,,,
Dimorphic hemmorhoids(piles),constipation,pain during bowel movements,pain in anal region,bloody stool,irritation in anus,,,,,,,,,,,,
Heart attack,vomiting,breathlessness,sweating,chest pain,,,,,,,,,,,,,
Varicose veins,fatigue,cramps,bruising,obesity,swollen legs,swollen blood vessels,veins on legs,,,,,,,,,,
Hypothyroidism,fatigue,weight gain,cold hands and feets,mood swings,lethargy,dizziness,puffy face,swollen neck,weak nails,swollen limbs,depression,irritability,irregular periods,,,,
Hyperthyroidism,fatigue,mood swings,weight loss,restlessness,sweating,diarrhoea,fast heart rate,excessive hunger,muscle weakness,irritability,irregular periods,,,,,,
Hypoglycemia,vomiting,fatigue,anxiety,sweating,headache,nausea,blurry vision,excessive hunger,tingling lips,slurring,irritability,fast heart beat,,,,,
Osteoarthristis,joint pain,neck pain,knee pain,hip joint pain,swelling joints,painful walking,,,,,,,,,,,
Arthritis,muscle weakness,stiff neck,swelling joints,movement stiffness,painful walking,,,,,,,,,,,,
(vertigo) Paroymsal  Positional Vertigo,vomiting,headache,nausea,spinning movements,loss of balance,unsteadiness,,,,,,,,,,,
Acne,skin rash,pus filled pimples,blackheads,scurring,,,,,,,,,,,,,
Urinary tract infection,burning pee,bladder discomfort,foul smell of urine,need to pee,,,,,,,,,,,,,
Psoriasis,skin rash,joint pain,skin peeling,silver like dusting,small dents in nails,inflammatory nails,,,,,,,,,,,
Impetigo,skin rash,high fever,blister,red sore around nose,yellow crust ooze,,,,,,,,,,,,
Fungal infection,itching,skin rash,skin bumps,discolored skin patches,,,,,,,,,,,,,
Allergy,continuous sneezing,shivering,chills,watery eyes,,,,,,,,,,,,,
GERD,stomach pain,acidity,ulcers on tongue,vomiting,cough,chest pain,,,,,,,,,,,
Chronic cholestasis,itching,vomiting,yellowish skin,nausea,loss of appetite,abdominal pain,yellowing of eyes,,,,,,,,,,
Drug Reaction,itching,skin rash,stomach pain,burning pee,spotting urine,,,,,,,,,,,,
Peptic ulcer diseae,vomiting,indigestion,loss of appetite,abdominal pain,farting,itching inside,,,,,,,,,,,
AIDS,muscle wasting,patches in throat,high fever,extra marital contacts,,,,,,,,,,,,,
Diabetes ,fatigue,weight loss,restlessness,lethargy,irregular sugar level,blurry vision,obesity,excessive hunger,increased appetite,peeing a lot,,,,,,,
Gastroenteritis,vomiting,sunken eyes,dehydration,diarrhoea,,,,,,,,,,,,,
Bronchial Asthma,fatigue,cough,high fever,breathlessness,family history,mucus,,,,,,,,,,,
Hypertension ,headache,chest pain,dizziness,loss of balance,lack of concentration,,,,,,,,,,,,
Migraine,acidity,indigestion,headache,blurry vision,excessive hunger,stiff neck,depression,irritability,visual disturbances,,,,,,,,
Cervical spondylosis,back pain,weakness in limbs,neck pain,dizziness,loss of balance,,,,,,,,,,,,
Paralysis (brain hemorrhage),vomiting,headache,weakness of one body side,confusion,,,,,,,,,,,,,
Jaundice,itching,vomiting,fatigue,weight loss,high fever,yellowish skin,dark urine,abdominal pain,,,,,,,,,
Malaria,chills,vomiting,high fever,sweating,headache,nausea,diarrhoea,muscle pain,,,,,,,,,
Chicken pox,itching,skin rash,fatigue,lethargy,high fever,headache,loss of appetite,mild fever,swelled lymph nodes,malaise,red spots over body,,,,,,
Dengue,skin rash,chills,joint pain,vomiting,fatigue,high fever,headache,nausea,loss of appetite,pain behind the eyes,back pain,malaise,muscle pain,red spots over body,,,
Typhoid,chills,vomiting,fatigue,high fever,headache,nausea,constipation,abdominal pain,diarrhoea,sickly look,belly pain,,,,,,
hepatitis A,joint pain,vomiting,yellowish skin,dark urine,nausea,loss of appetite,abdominal pain,diarrhoea,mild fever,yellowing of eyes,muscle pain,,,,,,
Hepatitis B,itching,fatigue,lethargy,yellowish skin,dark urine,loss of appetite,abdominal pain,yellow urine,yellowing of eyes,malaise,blood transfusion,injections,,,,,
Hepatitis C,fatigue,yellowish skin,nausea,loss of appetite,yellowing of eyes,family history,,,,,,,,,,,
Hepatitis D,joint pain,vomiting,fatigue,yellowish skin,dark urine,nausea,loss of appetite,abdominal pain,yellowing of eyes,,,,,,,,
Hepatitis E,joint pain,vomiting,fatigue,high fever,yellowish skin,dark urine,nausea,loss of appetite,abdominal pain,yellowing of eyes,acute liver failure,unconscious,blood in vomit,,,,
Alcoholic hepatitis,vomiting,yellowish skin,abdominal pain,swelling of stomach,bloated stomach,alcohol use,swelling,,,,,,,,,,
Tuberculosis,chills,vomiting,fatigue,weight loss,cough,high fever,breathlessness,sweating,loss of appetite,mild fever,yellowing of eyes,swelled lymph nodes,malaise,phlegm,chest pain,blood in sputum,
Common Cold,continuous sneezing,chills,fatigue,cough,high fever,headache,swelled lymph nodes,malaise,phlegm,throat irritation,redness of eyes,sinus pain,runny nose,congestion,chest pain,loss of smell,muscle pain
Pneumonia,chills,fatigue,cough,high fever,breathlessness,sweating,malaise,phlegm,chest pain,fast heart rate,bloody mucus,,,,,,
Dimorphic hemmorhoids(piles),constipation,pain during bowel movements,pain in anal region,bloody stool,irritation in anus,,,,,,,,,,,,
Heart attack,vomiting,breathlessness,sweating,chest pain,,,,,,,,,,,,,
Varicose veins,fatigue,cramps,bruising,obesity,swollen legs,swollen blood vessels,veins on legs,,,,,,,,,,
Hypothyroidism,fatigue,weight gain,cold hands and feets,mood swings,lethargy,dizziness,puffy face,swollen neck,weak nails,swollen limbs,depression,irritability,irregular periods,,,,
Hyperthyroidism,fatigue,mood swings,weight loss,restlessness,sweating,diarrhoea,fast heart rate,excessive hunger,muscle weakness,irritability,irregular periods,,,,,,
Hypoglycemia,vomiting,fatigue,anxiety,sweating,headache,nausea,blurry vision,excessive hunger,tingling lips,slurring,irritability,fast heart beat,,,,,
Osteoarthristis,joint pain,neck pain,knee pain,hip joint pain,swelling joints,painful walking,,,,,,,,,,,
Arthritis,muscle weakness,stiff neck,swelling joints,movement stiffness,painful walking,,,,,,,,,,,,
(vertigo) Paroymsal  Positional Vertigo,vomiting,headache,nausea,spinning movements,loss of balance,unsteadiness,,,,,,,,,,,
Acne,skin rash,pus filled pimples,blackheads,scurring,,,,,,,,,,,,,
Urinary tract infection,burning pee,bladder discomfort,foul smell of urine,need to pee,,,,,,,,,,,,,
Psoriasis,skin rash,joint pain,skin peeling,silver like dusting,small dents in nails,inflammatory nails,,,,,,,,,,,
Impetigo,skin rash,high fever,blister,red sore around nose,yellow crust ooze,,,,,,,,,,,,
Fungal infection,itching,skin rash,skin bumps,discolored skin patches,,,,,,,,,,,,,
Allergy,continuous sneezing,shivering,chills,watery eyes,,,,,,,,,,,,,
GERD,stomach pain,acidity,ulcers on tongue,vomiting,cough,chest pain,,,,,,,,,,,
Chronic cholestasis,itching,vomiting,yellowish skin,nausea,loss of appetite,abdominal pain,yellowing of eyes,,,,,,,,,,
Drug Reaction,itching,skin rash,stomach pain,burning pee,spotting urine,,,,,,,,,,,,
Peptic ulcer diseae,vomiting,indigestion,loss of appetite,abdominal pain,farting,itching inside,,,,,,,,,,,
AIDS,muscle wasting,patches in throat,high fever,extra marital contacts,,,,,,,,,,,,,
Diabetes ,fatigue,weight loss,restlessness,lethargy,irregular sugar level,blurry vision,obesity,excessive hunger,increased appetite,peeing a lot,,,,,,,
Gastroenteritis,vomiting,sunken eyes,dehydration,diarrhoea,,,,,,,,,,,,,
Bronchial Asthma,fatigue,cough,high fever,breathlessness,family history,mucus,,,,,,,,,,,
Hypertension ,headache,chest pain,dizziness,loss of balance,lack of concentration,,,,,,,,,,,,
Migraine,acidity,indigestion,headache,blurry vision,excessive hunger,stiff neck,depression,irritability,visual disturbances,,,,,,,,
Cervical spondylosis,back pain,weakness in limbs,neck pain,dizziness,loss of balance,,,,,,,,,,,,
Paralysis (brain hemorrhage),vomiting,headache,weakness of one body side,confusion,,,,,,,,,,,,,
Jaundice,itching,vomiting,fatigue,weight loss,high fever,yellowish skin,dark urine,abdominal pain,,,,,,,,,
Malaria,chills,vomiting,high fever,sweating,headache,nausea,diarrhoea,muscle pain,,,,,,,,,
Chicken pox,itching,skin rash,fatigue,lethargy,high fever,headache,loss of appetite,mild fever,swelled lymph nodes,malaise,red spots over body,,,,,,
Dengue,skin rash,chills,joint pain,vomiting,fatigue,high fever,headache,nausea,loss of appetite,pain behind the eyes,back pain,malaise,muscle pain,red spots over body,,,
Typhoid,chills,vomiting,fatigue,high fever,headache,nausea,constipation,abdominal pain,diarrhoea,sickly look,belly pain,,,,,,
hepatitis A,joint pain,vomiting,yellowish skin,dark urine,nausea,loss of appetite,abdominal pain,diarrhoea,mild fever,yellowing of eyes,muscle pain,,,,,,
Hepatitis B,itching,fatigue,lethargy,yellowish skin,dark urine,loss of appetite,abdominal pain,yellow urine,yellowing of eyes,malaise,blood transfusion,injections,,,,,
Hepatitis C,fatigue,yellowish skin,nausea,loss of appetite,yellowing of eyes,family history,,,,,,,,,,,
Hepatitis D,joint pain,vomiting,fatigue,yellowish skin,dark urine,nausea,loss of appetite,abdominal pain,yellowing of eyes,,,,,,,,
Hepatitis E,joint pain,vomiting,fatigue,high fever,yellowish skin,dark urine,nausea,loss of appetite,abdominal pain,yellowing of eyes,acute liver failure,unconscious,blood in vomit,,,,
Alcoholic hepatitis,vomiting,yellowish skin,abdominal pain,swelling of stomach,bloated stomach,alcohol use,swelling,,,,,,,,,,
Tuberculosis,chills,vomiting,fatigue,weight loss,cough,high fever,breathlessness,sweating,loss of appetite,mild fever,yellowing of eyes,swelled lymph nodes,malaise,phlegm,chest pain,blood in sputum,
Common Cold,continuous sneezing,chills,fatigue,cough,high fever,headache,swelled lymph nodes,malaise,phlegm,throat irritation,redness of eyes,sinus pain,runny nose,congestion,chest pain,loss of smell,muscle pain
Pneumonia,chills,fatigue,cough,high fever,breathlessness,sweating,malaise,phlegm,chest pain,fast heart rate,bloody mucus,,,,,,
Dimorphic hemmorhoids(piles),constipation,pain during bowel movements,pain in anal region,bloody stool,irritation in anus,,,,,,,,,,,,
Heart attack,vomiting,breathlessness,sweating,chest pain,,,,,,,,,,,,,
Varicose veins,fatigue,cramps,bruising,obesity,swollen legs,swollen blood vessels,veins on legs,,,,,,,,,,
Hypothyroidism,fatigue,weight gain,cold hands and feets,mood swings,lethargy,dizziness,puffy face,swollen neck,weak nails,swollen limbs,depression,irritability,irregular periods,,,,
Hyperthyroidism,fatigue,mood swings,weight loss,restlessness,sweating,diarrhoea,fast heart rate,excessive hunger,muscle weakness,irritability,irregular periods,,,,,,
Hypoglycemia,vomiting,fatigue,anxiety,sweating,headache,nausea,blurry vision,excessive hunger,tingling lips,slurring,irritability,fast heart beat,,,,,
Osteoarthristis,joint pain,neck pain,knee pain,hip joint pain,swelling joints,painful walking,,,,,,,,,,,
Arthritis,muscle weakness,stiff neck,swelling joints,movement stiffness,painful walking,,,,,,,,,,,,
(vertigo) Paroymsal  Positional Vertigo,vomiting,headache,nausea,spinning movements,loss of balance,unsteadiness,,,,,,,,,,,
Acne,skin rash,pus filled pimples,blackheads,scurring,,,,,,,,,,,,,
Urinary tract infection,burning pee,bladder discomfort,foul smell of urine,need to pee,,,,,,,,,,,,,
Psoriasis,skin rash,joint pain,skin peeling,silver like dusting,small dents in nails,inflammatory nails,,,,,,,,,,,
Impetigo,skin rash,high fever,blister,red sore around nose,yellow crust ooze,,,,,,,,,,,,
Fungal infection,itching,skin rash,skin bumps,discolored skin patches,,,,,,,,,,,,,
Allergy,continuous sneezing,shivering,chills,watery eyes,,,,,,,,,,,,,
GERD,stomach pain,acidity,ulcers on tongue,vomiting,cough,chest pain,,,,,,,,,,,
Chronic cholestasis,itching,vomiting,yellowish skin,nausea,loss of appetite,abdominal pain,yellowing of eyes,,,,,,,,,,
Drug Reaction,itching,skin rash,stomach pain,burning pee,spotting urine,,,,,,,,,,,,
Peptic ulcer diseae,vomiting,indigestion,loss of appetite,abdominal pain,farting,itching inside,,,,,,,,,,,
AIDS,muscle wasting,patches in throat,high fever,extra marital contacts,,,,,,,,,,,,,
Diabetes ,fatigue,weight loss,restlessness,lethargy,irregular sugar level,blurry vision,obesity,excessive hunger,increased appetite,peeing a lot,,,,,,,
Gastroenteritis,vomiting,sunken eyes,dehydration,diarrhoea,,,,,,,,,,,,,
Bronchial Asthma,fatigue,cough,high fever,breathlessness,family history,mucus,,,,,,,,,,,
Hypertension ,headache,chest pain,dizziness,loss of balance,lack of concentration,,,,,,,,,,,,
Migraine,acidity,indigestion,headache,blurry vision,excessive hunger,stiff neck,depression,irritability,visual disturbances,,,,,,,,
Cervical spondylosis,back pain,weakness in limbs,neck pain,dizziness,loss of balance,,,,,,,,,,,,
Paralysis (brain hemorrhage),vomiting,headache,weakness of one body side,confusion,,,,,,,,,,,,,
Jaundice,itching,vomiting,fatigue,weight loss,high fever,yellowish skin,dark urine,abdominal pain,,,,,,,,,
Malaria,chills,vomiting,high fever,sweating,headache,nausea,diarrhoea,muscle pain,,,,,,,,,
Chicken pox,itching,skin rash,fatigue,lethargy,high fever,headache,loss of appetite,mild fever,swelled lymph nodes,malaise,red spots over body,,,,,,
Dengue,skin rash,chills,joint pain,vomiting,fatigue,high fever,headache,nausea,loss of appetite,pain behind the eyes,back pain,malaise,muscle pain,red spots over body,,,
Typhoid,chills,vomiting,fatigue,high fever,headache,nausea,constipation,abdominal pain,diarrhoea,sickly look,belly pain,,,,,,
hepatitis A,joint pain,vomiting,yellowish skin,dark urine,nausea,loss of appetite,abdominal pain,diarrhoea,mild fever,yellowing of eyes,muscle pain,,,,,,
Hepatitis B,itching,fatigue,lethargy,yellowish skin,dark urine,loss of appetite,abdominal pain,yellow urine,yellowing of eyes,malaise,blood transfusion,injections,,,,,
Hepatitis C,fatigue,yellowish skin,nausea,loss of appetite,yellowing of eyes,family history,,,,,,,,,,,
Hepatitis D,joint pain,vomiting,fatigue,yellowish skin,dark urine,nausea,loss of appetite,abdominal pain,yellowing of eyes,,,,,,,,
Hepatitis E,joint pain,vomiting,fatigue,high fever,yellowish skin,dark urine,nausea,loss of appetite,abdominal pain,yellowing of eyes,acute liver failure,unconscious,blood in vomit,,,,
Alcoholic hepatitis,vomiting,yellowish skin,abdominal pain,swelling of stomach,bloated stomach,alcohol use,swelling,,,,,,,,,,
Tuberculosis,chills,vomiting,fatigue,weight loss,cough,high fever,breathlessness,sweating,loss of appetite,mild fever,yellowing of eyes,swelled lymph nodes,malaise,phlegm,chest pain,blood in sputum,
Common Cold,continuous sneezing,chills,fatigue,cough,high fever,headache,swelled lymph nodes,malaise,phlegm,throat irritation,redness of eyes,sinus pain,runny nose,congestion,chest pain,loss of smell,muscle pain
Pneumonia,chills,fatigue,cough,high fever,breathlessness,sweating,malaise,phlegm,chest pain,fast heart rate,bloody mucus,,,,,,
Dimorphic hemmorhoids(piles),constipation,pain during bowel movements,pain in anal region,bloody stool,irritation in anus,,,,,,,,,,,,
Heart attack,vomiting,breathlessness,sweating,chest pain,,,,,,,,,,,,,
Varicose veins,fatigue,cramps,bruising,obesity,swollen legs,swollen blood vessels,veins on legs,,,,,,,,,,
Hypothyroidism,fatigue,weight gain,cold hands and feets,mood swings,lethargy,dizziness,puffy face,swollen neck,weak nails,swollen limbs,depression,irritability,irregular periods,,,,
Hyperthyroidism,fatigue,mood swings,weight loss,restlessness,sweating,diarrhoea,fast heart rate,excessive hunger,muscle weakness,irritability,irregular periods,,,,,,
Hypoglycemia,vomiting,fatigue,anxiety,sweating,headache,nausea,blurry vision,excessive hunger,tingling lips,slurring,irritability,fast heart beat,,,,,
Osteoarthristis,joint pain,neck pain,knee pain,hip joint pain,swelling joints,painful walking,,,,,,,,,,,
Arthritis,muscle weakness,stiff neck,swelling joints,movement stiffness,painful walking,,,,,,,,,,,,
(vertigo) Paroymsal  Positional Vertigo,vomiting,headache,nausea,spinning movements,loss of balance,unsteadiness,,,,,,,,,,,
Acne,skin rash,pus filled pimples,blackheads,scurring,,,,,,,,,,,,,
Urinary tract infection,burning pee,bladder discomfort,foul smell of urine,need to pee,,,,,,,,,,,,,
Psoriasis,skin rash,joint pain,skin peeling,silver like dusting,small dents in nails,inflammatory nails,,,,,,,,,,,
Impetigo,skin rash,high fever,blister,red sore around nose,yellow crust ooze,,,,,,,,,,,,
